{"type":"FeatureCollection","features":[{"type":"Feature","properties":{"layer":"지구계선"},"geometry":{"type":"MultiLineString","coordinates":[[[127.468327,36.78219],[127.468594,36.782206],[127.468594,36.782206],[127.468594,36.782206],[127.468594,36.782206],[127.468716,36.78215],[127.468784,36.78211],[127.468855,36.782063],[127.468883,36.782042],[127.468892,36.781993],[127.468953,36.781915],[127.468984,36.781873],[127.468981,36.781841],[127.468995,36.781797],[127.469002,36.781789],[127.469177,36.781574],[127.469318,36.781527],[127.469392,36.781514],[127.469441,36.781512],[127.469521,36.781439],[127.469547,36.781436],[127.469511,36.781416],[127.469497,36.781406],[127.469615,36.781242],[127.46956,36.781217],[127.469392,36.781137],[127.468788,36.780852],[127.468709,36.780814],[127.468528,36.780749],[127.468493,36.780725],[127.468472,36.780626],[127.468436,36.780615],[127.468406,36.780593],[127.468369,36.780583],[127.468239,36.780548],[127.468132,36.780509],[127.468061,36.780478],[127.468004,36.780449],[127.46788,36.780394],[127.467801,36.780349],[127.467633,36.780248],[127.467622,36.780192],[127.467597,36.78014],[127.467497,36.779961],[127.467214,36.779458],[127.467141,36.779214],[127.466933,36.778806],[127.466951,36.778631],[127.466798,36.778221],[127.466623,36.777734],[127.466696,36.77762],[127.466712,36.777614],[127.466777,36.777573],[127.466809,36.777544],[127.466863,36.777504],[127.466905,36.77748],[127.466882,36.777452],[127.466818,36.777442],[127.466823,36.777399],[127.466827,36.777148],[127.466714,36.777136],[127.466649,36.777115],[127.466695,36.777032],[127.466698,36.776882],[127.466731,36.776815],[127.466758,36.776761],[127.466785,36.776716],[127.466815,36.776734],[127.466848,36.776759],[127.46709,36.776884],[127.467147,36.77693],[127.467171,36.776999],[127.467244,36.777209],[127.46726,36.777247],[127.467289,36.777305],[127.467321,36.777329],[127.467362,36.777353],[127.467626,36.777504],[127.467662,36.777517],[127.467677,36.777513],[127.467698,36.777477],[127.467735,36.777444],[127.467839,36.777451],[127.46789,36.777462],[127.467878,36.777495],[127.467881,36.77757],[127.467975,36.777681],[127.468076,36.777772],[127.468117,36.777799],[127.468174,36.777832],[127.468312,36.777836],[127.468426,36.777859],[127.468521,36.777896],[127.46856,36.777793],[127.468573,36.777764],[127.468762,36.777649],[127.468866,36.777602],[127.46904,36.777489],[127.469022,36.777467],[127.469011,36.777243],[127.468949,36.777135],[127.468961,36.777051],[127.468967,36.776938],[127.46895,36.776912],[127.469128,36.776736],[127.469395,36.776602],[127.469509,36.776297],[127.469524,36.776237],[127.469446,36.776087],[127.469532,36.775815],[127.469541,36.77571],[127.46931,36.77503],[127.469177,36.77486],[127.469183,36.774783],[127.469202,36.774766],[127.469144,36.77463],[127.469045,36.774327],[127.469031,36.774127],[127.469003,36.773942],[127.469025,36.773873],[127.469078,36.773827],[127.469022,36.773721],[127.469033,36.773609],[127.468903,36.773637],[127.468831,36.773644],[127.468789,36.773648],[127.4687,36.773542],[127.468763,36.773408],[127.468774,36.773351],[127.468774,36.773274],[127.46876,36.773234],[127.468676,36.77321],[127.468408,36.773166],[127.467611,36.772896],[127.466985,36.772803],[127.466418,36.772896],[127.4661,36.77318],[127.465648,36.772807],[127.465451,36.772765],[127.464982,36.772882],[127.464674,36.772747],[127.464598,36.772752],[127.464538,36.772774],[127.464468,36.772786],[127.464402,36.77281],[127.464374,36.77281],[127.464345,36.772814],[127.46429,36.772825],[127.464008,36.77287],[127.464007,36.77362],[127.463669,36.77367],[127.463281,36.773612],[127.462837,36.77357],[127.462577,36.773497],[127.462326,36.773561],[127.461924,36.773738],[127.461719,36.773865],[127.461084,36.774015],[127.460769,36.774061],[127.460734,36.774017],[127.460633,36.774015],[127.460573,36.77405],[127.460484,36.774044],[127.460457,36.774054],[127.460332,36.774046],[127.460301,36.773941],[127.460165,36.773925],[127.460045,36.773405],[127.460039,36.77338],[127.460024,36.773323],[127.459923,36.773372],[127.459816,36.773386],[127.459737,36.773431],[127.458612,36.773595],[127.458499,36.773288],[127.458515,36.772966],[127.458408,36.772678],[127.457969,36.772512],[127.457328,36.772141],[127.455231,36.772453],[127.455006,36.771478],[127.455018,36.771327],[127.454961,36.771077],[127.454768,36.770825],[127.454443,36.770896],[127.454278,36.771005],[127.453429,36.771132],[127.45316,36.771152],[127.452923,36.771189],[127.45264,36.771307],[127.452696,36.771514],[127.452782,36.771758],[127.45294,36.772071],[127.452938,36.772243],[127.452891,36.772523],[127.453032,36.772811],[127.453338,36.773151],[127.453365,36.773371],[127.45356,36.773682],[127.453626,36.773971],[127.453324,36.774283],[127.454149,36.77452],[127.454211,36.774583],[127.454177,36.774898],[127.454392,36.775119],[127.454027,36.775332],[127.454195,36.77549],[127.454576,36.775671],[127.454708,36.776246],[127.45457,36.77655],[127.454827,36.776765],[127.454922,36.777175],[127.454844,36.777263],[127.453552,36.777171],[127.452834,36.777517],[127.452604,36.777243],[127.452339,36.777592],[127.452049,36.777633],[127.451755,36.777946],[127.45168,36.778451],[127.451564,36.778893],[127.452111,36.77933],[127.452476,36.77934],[127.452966,36.779573],[127.453593,36.779587],[127.453593,36.779838],[127.453649,36.780542],[127.453702,36.780568],[127.453678,36.7813],[127.453934,36.781632],[127.454007,36.781646],[127.454033,36.781648],[127.45404,36.781645],[127.45405,36.781641],[127.454061,36.781637],[127.454071,36.781634],[127.454082,36.78163],[127.454093,36.781626],[127.454103,36.781622],[127.454114,36.781618],[127.454124,36.781614],[127.454135,36.781611],[127.454146,36.781607],[127.454157,36.781603],[127.454167,36.7816],[127.454178,36.781596],[127.454189,36.781593],[127.4542,36.781589],[127.45421,36.781586],[127.454221,36.781582],[127.454232,36.781579],[127.454243,36.781575],[127.454254,36.781572],[127.454265,36.781569],[127.454276,36.781565],[127.454287,36.781562],[127.454298,36.781559],[127.454309,36.781556],[127.45432,36.781553],[127.454331,36.781549],[127.454342,36.781546],[127.454353,36.781543],[127.454364,36.78154],[127.454375,36.781537],[127.454386,36.781535],[127.454397,36.781532],[127.454408,36.781529],[127.454419,36.781526],[127.45443,36.781523],[127.454441,36.78152],[127.454452,36.781518],[127.454464,36.781515],[127.454475,36.781512],[127.454486,36.78151],[127.454497,36.781507],[127.454508,36.781505],[127.45452,36.781502],[127.454531,36.7815],[127.454532,36.7815],[127.454543,36.781497],[127.454554,36.781495],[127.454566,36.781492],[127.454577,36.78149],[127.454587,36.781488],[127.454598,36.781486],[127.45461,36.781484],[127.454621,36.781481],[127.454632,36.781479],[127.454643,36.781477],[127.454655,36.781475],[127.454666,36.781473],[127.454677,36.781471],[127.454688,36.781469],[127.4547,36.781467],[127.454711,36.781465],[127.454722,36.781463],[127.454733,36.781461],[127.454744,36.781459],[127.454756,36.781458],[127.454767,36.781456],[127.454778,36.781454],[127.454789,36.781452],[127.4548,36.78145],[127.454811,36.781448],[127.454823,36.781447],[127.454834,36.781445],[127.454845,36.781443],[127.454856,36.781442],[127.454867,36.78144],[127.454878,36.781438],[127.454889,36.781436],[127.4549,36.781435],[127.454912,36.781433],[127.454923,36.781431],[127.454934,36.78143],[127.454945,36.781428],[127.454956,36.781426],[127.454967,36.781425],[127.454978,36.781423],[127.454979,36.781423],[127.45499,36.781421],[127.455001,36.78142],[127.455012,36.781418],[127.455023,36.781417],[127.455033,36.781415],[127.455253,36.781382],[127.455474,36.78135],[127.455694,36.781317],[127.455791,36.781302],[127.456001,36.781271],[127.456694,36.781155],[127.457094,36.781096],[127.457289,36.78107],[127.457897,36.780989],[127.458117,36.780956],[127.458338,36.780924],[127.458558,36.780891],[127.458778,36.780858],[127.458998,36.780825],[127.459219,36.780793],[127.459439,36.78076],[127.459659,36.780727],[127.45988,36.780694],[127.459946,36.780684],[127.459946,36.780684],[127.460112,36.780662],[127.460492,36.780618],[127.460874,36.780584],[127.461257,36.780561],[127.46164,36.780548],[127.46198,36.780546],[127.462319,36.780551],[127.462659,36.780563],[127.462997,36.780582],[127.462997,36.780582],[127.463224,36.780599],[127.463184,36.780704],[127.463155,36.780809],[127.463132,36.780895],[127.463077,36.781059],[127.463063,36.781093],[127.463038,36.781303],[127.463003,36.781496],[127.46293,36.78168],[127.462908,36.781725],[127.462847,36.781811],[127.46281,36.781864],[127.462762,36.781969],[127.462721,36.782034],[127.462722,36.782037],[127.462749,36.782055],[127.462619,36.782245],[127.462591,36.782332],[127.462529,36.782424],[127.462508,36.782451],[127.46251,36.782516],[127.462542,36.782584],[127.462597,36.782682],[127.462577,36.782772],[127.462574,36.782834],[127.462673,36.78293],[127.462659,36.783042],[127.46248,36.783231],[127.462383,36.783261],[127.462341,36.783344],[127.462259,36.783457],[127.462206,36.783541],[127.462209,36.783573],[127.46221,36.783597],[127.462229,36.783621],[127.462284,36.783696],[127.462284,36.783818],[127.462283,36.783949],[127.462349,36.784061],[127.462725,36.784635],[127.462828,36.784873],[127.462911,36.785069],[127.46296,36.785185],[127.463004,36.785287],[127.463051,36.78548],[127.463072,36.785534],[127.463102,36.785587],[127.463124,36.785633],[127.463175,36.785651],[127.463202,36.785648],[127.463601,36.786272],[127.464995,36.78609],[127.465033,36.786132],[127.464976,36.786189],[127.464909,36.786266],[127.464923,36.786319],[127.464998,36.786302],[127.465175,36.786232],[127.465437,36.786376],[127.465531,36.786536],[127.465622,36.786813],[127.465675,36.78697],[127.465625,36.787168],[127.465639,36.78721],[127.465899,36.787209],[127.465911,36.787233],[127.465909,36.787454],[127.465958,36.787459],[127.466038,36.787437],[127.466088,36.787435],[127.466197,36.787136],[127.466276,36.787077],[127.466328,36.787033],[127.466357,36.786969],[127.466348,36.786938],[127.466372,36.786889],[127.46629,36.786743],[127.466319,36.786495],[127.466423,36.78508],[127.466504,36.784698],[127.466655,36.784551],[127.466731,36.78437],[127.466765,36.784162],[127.466754,36.783905],[127.467051,36.783583],[127.467144,36.783424],[127.467309,36.783207],[127.467478,36.783142],[127.467779,36.782878],[127.467816,36.782802],[127.467815,36.782795],[127.467804,36.78271],[127.467821,36.782553],[127.46784,36.782489],[127.467887,36.782423],[127.467939,36.782392],[127.467939,36.782392],[127.467939,36.782392],[127.467939,36.782392],[127.468232,36.782312],[127.468259,36.782267],[127.468287,36.782227],[127.468324,36.782194],[127.468327,36.78219]]]}},{"type":"Feature","properties":{"layer":"블록경계선"},"geometry":{"type":"MultiLineString","coordinates":[[[127.454997,36.772675],[127.454997,36.772675]],[[127.461967,36.780538],[127.462138,36.78054],[127.462308,36.780544],[127.462478,36.780549],[127.462649,36.780557]],[[127.461967,36.780538],[127.461628,36.780548]],[[127.460112,36.780662],[127.460489,36.780618],[127.460867,36.780585],[127.461247,36.780561],[127.461628,36.780548]],[[127.460112,36.780662],[127.459946,36.780684]],[[127.459946,36.780684],[127.45988,36.780694]],[[127.45988,36.780694],[127.459659,36.780727]],[[127.459659,36.780727],[127.459439,36.78076]],[[127.459439,36.78076],[127.459219,36.780793]],[[127.459219,36.780793],[127.458998,36.780825]],[[127.458998,36.780825],[127.458858,36.780846]],[[127.458388,36.773724],[127.459948,36.773491]],[[127.459948,36.773491],[127.460055,36.773963]],[[127.460055,36.773963],[127.460206,36.774009]],[[127.460206,36.774009],[127.460283,36.774266]],[[127.467547,36.781944],[127.466851,36.781827]],[[127.466851,36.781827],[127.466879,36.781254]],[[127.466879,36.781254],[127.46719,36.781258]],[[127.46719,36.781258],[127.467243,36.781254]],[[127.467243,36.781254],[127.467343,36.781238]],[[127.467343,36.781238],[127.46765,36.781242]],[[127.46765,36.781242],[127.467649,36.781244]],[[127.467649,36.781244],[127.467648,36.781246]],[[127.467648,36.781246],[127.467648,36.781248]],[[127.467648,36.781248],[127.467647,36.78125]],[[127.467647,36.78125],[127.467646,36.781253]],[[127.467646,36.781253],[127.467646,36.781255]],[[127.467646,36.781255],[127.467645,36.781257]],[[127.467645,36.781257],[127.467645,36.781259]],[[127.467645,36.781259],[127.467644,36.781262]],[[127.467644,36.781262],[127.467643,36.781264]],[[127.467643,36.781264],[127.467643,36.781266]],[[127.467643,36.781266],[127.467642,36.781268]],[[127.467642,36.781268],[127.467642,36.781271]],[[127.467642,36.781271],[127.467641,36.781273]],[[127.467641,36.781273],[127.467641,36.781275]],[[127.467641,36.781275],[127.46764,36.781277]],[[127.46764,36.781277],[127.46764,36.78128]],[[127.46764,36.78128],[127.467639,36.781282]],[[127.467639,36.781282],[127.467639,36.781284]],[[127.467639,36.781284],[127.467638,36.781287]],[[127.467638,36.781287],[127.467638,36.781289]],[[127.467638,36.781289],[127.467637,36.781291]],[[127.467637,36.781291],[127.467637,36.781293]],[[127.467637,36.781293],[127.467637,36.781296]],[[127.467637,36.781296],[127.467636,36.781298]],[[127.467636,36.781298],[127.467636,36.7813]],[[127.467636,36.7813],[127.467636,36.781303]],[[127.467636,36.781303],[127.467635,36.781305]],[[127.467635,36.781305],[127.467635,36.781307]],[[127.467635,36.781307],[127.467635,36.781309]],[[127.467635,36.781309],[127.467634,36.781311]],[[127.467634,36.781311],[127.467634,36.781313]],[[127.467634,36.781313],[127.467634,36.781314]],[[127.467634,36.781314],[127.467634,36.781316]],[[127.467634,36.781316],[127.467633,36.781318]],[[127.467633,36.781318],[127.467633,36.78132]],[[127.467633,36.78132],[127.467633,36.781322]],[[127.467633,36.781322],[127.467633,36.781323]],[[127.467633,36.781323],[127.467632,36.781325]],[[127.467632,36.781325],[127.467632,36.781327]],[[127.467632,36.781327],[127.467632,36.781329]],[[127.467632,36.781329],[127.467632,36.781331]],[[127.467632,36.781331],[127.467631,36.781332]],[[127.467631,36.781332],[127.467631,36.781334]],[[127.467631,36.781334],[127.467631,36.781336]],[[127.467631,36.781336],[127.467631,36.781338]],[[127.467631,36.781338],[127.46763,36.781339]],[[127.46763,36.781339],[127.46763,36.781341]],[[127.46763,36.781341],[127.46763,36.781343]],[[127.46763,36.781343],[127.46763,36.781345]],[[127.46763,36.781345],[127.467629,36.781347]],[[127.467629,36.781347],[127.467629,36.781348]],[[127.467629,36.781348],[127.467629,36.78135]],[[127.467629,36.78135],[127.467629,36.781352]],[[127.467629,36.781352],[127.467628,36.781354]],[[127.467628,36.781354],[127.467628,36.781356]],[[127.467628,36.781356],[127.467547,36.781944]],[[127.468024,36.780594],[127.467869,36.780742]],[[127.467869,36.780742],[127.467511,36.780694]],[[127.467511,36.780694],[127.467349,36.780651]],[[127.467349,36.780651],[127.467102,36.780618]],[[127.467102,36.780618],[127.46711,36.780508]],[[127.46711,36.780508],[127.467102,36.780431]],[[127.467102,36.780431],[127.467145,36.780241]],[[127.467145,36.780241],[127.467275,36.780217]],[[127.467275,36.780217],[127.467435,36.780292]],[[127.467435,36.780292],[127.467644,36.780405]],[[127.467644,36.780405],[127.467841,36.78051]],[[127.467841,36.78051],[127.468024,36.780594]]]}},{"type":"Feature","properties":{"layer":"블록중심선"},"geometry":{"type":"MultiLineString","coordinates":[[[127.456572,36.772638],[127.457057,36.774747]],[[127.454239,36.771213],[127.455115,36.775022]],[[127.455146,36.775155],[127.45603,36.778995]],[[127.455976,36.77626],[127.462792,36.775244]],[[127.462925,36.775225],[127.468559,36.774385]],[[127.456741,36.779364],[127.463491,36.778358]],[[127.459168,36.773608],[127.459351,36.774405]],[[127.468298,36.781256],[127.468169,36.782376]],[[127.46348,36.780849],[127.463351,36.781969]],[[127.467122,36.782056],[127.466917,36.783842]],[[127.467217,36.781229],[127.467182,36.781932]],[[127.463336,36.782104],[127.462925,36.785683]],[[127.464104,36.77333],[127.465752,36.773085]],[[127.456787,36.780603],[127.453882,36.781035]],[[127.456558,36.779607],[127.454079,36.779976]],[[127.465498,36.779052],[127.466248,36.77894]],[[127.465828,36.779227],[127.466116,36.780479]],[[127.465764,36.780659],[127.466222,36.780694]],[[127.466372,36.778807],[127.466591,36.779758]],[[127.46652,36.779861],[127.466412,36.780806]],[[127.465327,36.780945],[127.464929,36.784409]],[[127.464914,36.784544],[127.464767,36.785823]],[[127.464605,36.77907],[127.465015,36.780852]],[[127.455528,36.778038],[127.452042,36.778557]],[[127.467228,36.777085],[127.467933,36.777559]],[[127.467142,36.776667],[127.468154,36.777346]],[[127.468322,36.777488],[127.468073,36.777727]],[[127.467398,36.776427],[127.468961,36.776194]],[[127.467145,36.780241],[127.467873,36.780737]],[[127.464622,36.776456],[127.465179,36.778875]],[[127.456558,36.779607],[127.454079,36.779976]]]}},{"type":"Feature","properties":{"layer":"도로중심선"},"geometry":{"type":"MultiLineString","coordinates":[[[127.457046,36.781208],[127.454798,36.771441]],[[127.454276,36.771152],[127.453638,36.771247]],[[127.453279,36.771667],[127.453271,36.771595],[127.453281,36.771524],[127.453308,36.771458],[127.45335,36.771398],[127.453405,36.771345],[127.453473,36.771301],[127.45355,36.771268],[127.453638,36.771247]],[[127.453279,36.771667],[127.453753,36.773728]],[[127.454171,36.774332],[127.454092,36.77427],[127.454021,36.774203],[127.453957,36.774132],[127.4539,36.774057],[127.453851,36.773979],[127.45381,36.773898],[127.453777,36.773814],[127.453753,36.773728]],[[127.455481,36.778174],[127.455393,36.778069],[127.455321,36.777956],[127.455266,36.777838],[127.455228,36.777715]],[[127.455481,36.778174],[127.455569,36.778279],[127.45564,36.778391],[127.455696,36.778509],[127.455733,36.778632]],[[127.455733,36.778632],[127.455842,36.779106]],[[127.456538,36.779002],[127.453858,36.779401]],[[127.453858,36.779401],[127.453795,36.779407],[127.453731,36.779406],[127.453668,36.779399],[127.453607,36.779385]],[[127.453607,36.779385],[127.452325,36.779009]],[[127.452325,36.779009],[127.452271,36.77899],[127.452221,36.778966],[127.452176,36.778937],[127.452136,36.778903],[127.452102,36.778866],[127.452073,36.778826],[127.452052,36.778782],[127.452037,36.778736]],[[127.452037,36.778736],[127.451917,36.778212]],[[127.451917,36.778212],[127.451909,36.778139],[127.45192,36.778068],[127.451946,36.778002],[127.451988,36.777942],[127.452043,36.777889],[127.452111,36.777845],[127.452189,36.777812],[127.452276,36.777792]],[[127.452276,36.777792],[127.455147,36.777364]],[[127.453878,36.779398],[127.454149,36.780573]],[[127.454149,36.780573],[127.456809,36.780177]],[[127.454641,36.775162],[127.455621,36.775016]],[[127.468931,36.775704],[127.469029,36.77613]],[[127.469029,36.77613],[127.469043,36.776219],[127.469045,36.776308],[127.469035,36.776396],[127.469013,36.776483],[127.468979,36.776567],[127.468934,36.776648],[127.468878,36.776725],[127.468811,36.776797]],[[127.468811,36.776797],[127.467924,36.777651]],[[127.467312,36.776055],[127.467997,36.776713]],[[127.467997,36.776713],[127.468477,36.777035]],[[127.46661,36.780945],[127.466012,36.786148]],[[127.465998,36.786384],[127.465999,36.786325],[127.466002,36.786266],[127.466006,36.786207],[127.466012,36.786148]],[[127.465998,36.786384],[127.465992,36.787335]],[[127.465996,36.787439],[127.465994,36.787413],[127.465993,36.787387],[127.465992,36.787361],[127.465992,36.787335]],[[127.465394,36.778898],[127.465765,36.780507]],[[127.465765,36.780507],[127.46624,36.780542]],[[127.46624,36.780542],[127.466299,36.780025]],[[127.466278,36.779105],[127.466307,36.779335],[127.46632,36.779565],[127.466317,36.779795],[127.466299,36.780025]],[[127.466278,36.779105],[127.46547,36.779226]],[[127.466317,36.779804],[127.466731,36.779816]],[[127.466255,36.778825],[127.46627,36.778887]],[[127.46627,36.778887],[127.466281,36.77894],[127.466292,36.778993],[127.466302,36.779047],[127.466311,36.7791]],[[127.466731,36.779816],[127.46725,36.779833]],[[127.46725,36.779833],[127.467293,36.779836],[127.467335,36.779842],[127.467377,36.779852],[127.467417,36.779865]],[[127.467417,36.779865],[127.46745,36.779876]],[[127.468564,36.78109],[127.468582,36.78093]],[[127.468543,36.78087],[127.46856,36.780881],[127.468573,36.780896],[127.468581,36.780912],[127.468582,36.78093]],[[127.468543,36.78087],[127.46825,36.780736]],[[127.46825,36.780736],[127.468237,36.780729],[127.468226,36.78072],[127.468218,36.780709],[127.468213,36.780697],[127.46821,36.780685],[127.468211,36.780672],[127.468215,36.78066],[127.468221,36.780649]],[[127.468221,36.780649],[127.468287,36.780561]],[[127.468291,36.773284],[127.468414,36.773183]],[[127.468414,36.773183],[127.468671,36.773225]],[[127.468671,36.773225],[127.468715,36.773238]],[[127.468715,36.773238],[127.468755,36.773283]],[[127.468755,36.773283],[127.468754,36.77335]],[[127.468754,36.77335],[127.468744,36.773404]],[[127.468744,36.773404],[127.46866,36.773581]],[[127.46866,36.773581],[127.468785,36.773619]],[[127.467128,36.776903],[127.467238,36.77721]],[[127.467238,36.77721],[127.467257,36.777251]],[[127.467351,36.77735],[127.46732,36.77733],[127.467294,36.777306],[127.467273,36.77728],[127.467257,36.777251]],[[127.467351,36.77735],[127.467533,36.777453]],[[127.467533,36.777453],[127.467664,36.777527]],[[127.467664,36.777527],[127.467927,36.777649]],[[127.468127,36.777785],[127.468181,36.777816]],[[127.468181,36.777816],[127.468315,36.77782]],[[127.468315,36.77782],[127.468433,36.777844]],[[127.468433,36.777844],[127.468509,36.777874]],[[127.468509,36.777874],[127.468555,36.777755]],[[127.468555,36.777755],[127.46875,36.777636]],[[127.46875,36.777636],[127.469064,36.777456]],[[127.454081,36.781729],[127.454253,36.781669],[127.454429,36.781618],[127.454608,36.781576],[127.454791,36.781544]],[[127.454791,36.781544],[127.455506,36.781438]],[[127.455506,36.781438],[127.459882,36.780786]],[[127.459882,36.780786],[127.460263,36.780735],[127.460645,36.780694],[127.461029,36.780664],[127.461413,36.780645],[127.461798,36.780636],[127.462183,36.780638],[127.462568,36.78065],[127.462953,36.780673]],[[127.462953,36.780673],[127.468638,36.781096]],[[127.468638,36.781096],[127.468877,36.781124],[127.46911,36.781173],[127.469336,36.781242],[127.469552,36.78133]],[[127.469552,36.78133],[127.470714,36.781869]],[[127.455111,36.772801],[127.457008,36.772518]],[[127.457008,36.772518],[127.457097,36.772512],[127.457186,36.772521],[127.45727,36.772543],[127.457348,36.772579]],[[127.457348,36.772579],[127.458015,36.772959]],[[127.458015,36.772959],[127.45808,36.773004],[127.458133,36.773059],[127.458172,36.77312],[127.458196,36.773187]],[[127.458196,36.773187],[127.458518,36.774584]],[[127.468564,36.78109],[127.468542,36.781274]],[[127.46968,36.781389],[127.469662,36.781414]],[[127.469662,36.781414],[127.469628,36.781447],[127.469583,36.78147],[127.469532,36.781481],[127.469478,36.781478]],[[127.469478,36.781478],[127.469312,36.781446]],[[127.469312,36.781446],[127.469113,36.781512]],[[127.469113,36.781512],[127.468907,36.781765]],[[127.468907,36.781765],[127.468879,36.78185]],[[127.468879,36.78185],[127.468555,36.782126]],[[127.468555,36.782126],[127.468265,36.782109]],[[127.468265,36.782109],[127.467816,36.782368]],[[127.456695,36.772565],[127.456622,36.772246]],[[127.463898,36.782078],[127.462935,36.782006]],[[127.462935,36.782006],[127.462809,36.781996],[127.462683,36.781983],[127.462558,36.781968],[127.462433,36.78195]],[[127.462449,36.784021],[127.462828,36.784599]],[[127.462934,36.784844],[127.46317,36.785401]],[[127.467979,36.781232],[127.468487,36.78127]],[[127.468598,36.781278],[127.468616,36.78128]],[[127.468616,36.78128],[127.468795,36.781299],[127.468969,36.781332],[127.46914,36.781377],[127.469305,36.781434]],[[127.468054,36.777526],[127.466854,36.776719]],[[127.468356,36.777236],[127.467345,36.776556]],[[127.467187,36.776567],[127.467222,36.776545],[127.467263,36.776535],[127.467305,36.776539],[127.467345,36.776556]],[[127.467187,36.776567],[127.466957,36.776789]],[[127.464033,36.780754],[127.464031,36.780836],[127.464027,36.780918],[127.46402,36.781],[127.464012,36.781082]],[[127.464012,36.781082],[127.463898,36.782078]],[[127.463898,36.782078],[127.463534,36.785242]],[[127.464141,36.785831],[127.464073,36.785823],[127.464008,36.78581],[127.463886,36.785769],[127.463778,36.785711],[127.463686,36.785638],[127.463614,36.785552],[127.463563,36.785456],[127.463535,36.785352],[127.463531,36.785298],[127.463534,36.785242]],[[127.464141,36.785831],[127.466033,36.785971]],[[127.453704,36.771238],[127.453673,36.771105]],[[127.465719,36.780755],[127.465741,36.780559]],[[127.466245,36.780794],[127.466273,36.780545]],[[127.463263,36.780833],[127.46324,36.780916]],[[127.46324,36.780916],[127.463184,36.781085]],[[127.463184,36.781085],[127.463173,36.781112]],[[127.463173,36.781112],[127.46315,36.781314]],[[127.46315,36.781314],[127.463112,36.781517]],[[127.463112,36.781517],[127.463036,36.78171]],[[127.463036,36.78171],[127.46301,36.781764]],[[127.46301,36.781764],[127.462944,36.781856]],[[127.462944,36.781856],[127.462912,36.781902]],[[127.462912,36.781902],[127.462897,36.781935]],[[127.466777,36.781091],[127.467206,36.781123]],[[127.467206,36.781123],[127.467324,36.781111]],[[127.467324,36.781111],[127.467833,36.781149]],[[127.467757,36.781317],[127.467766,36.781272],[127.467781,36.781229],[127.467804,36.781188],[127.467833,36.781149]],[[127.467757,36.781317],[127.467671,36.782063]],[[127.467671,36.782063],[127.46767,36.782079]],[[127.46767,36.782079],[127.466579,36.781998]],[[127.466579,36.781998],[127.466581,36.781982]],[[127.466581,36.781982],[127.466675,36.781159]],[[127.466675,36.781159],[127.466777,36.781091]],[[127.466024,36.776137],[127.466639,36.778809]],[[127.466639,36.778809],[127.466672,36.778964],[127.466698,36.779119],[127.466717,36.779275],[127.466729,36.779431],[127.466735,36.779587],[127.466734,36.779743],[127.466726,36.7799],[127.466712,36.780056]],[[127.466712,36.780056],[127.46661,36.780945]],[[127.463633,36.784381],[127.466193,36.784571]],[[127.45686,36.780919],[127.455863,36.781067]],[[127.455863,36.781067],[127.455716,36.78113]],[[127.455716,36.78113],[127.455653,36.78114]],[[127.455653,36.78114],[127.455433,36.781172]],[[127.455433,36.781172],[127.455213,36.781205]],[[127.455213,36.781205],[127.454992,36.781238]],[[127.454992,36.781238],[127.454982,36.781239]],[[127.454982,36.781239],[127.454971,36.781241]],[[127.454971,36.781241],[127.45496,36.781243]],[[127.45496,36.781243],[127.454949,36.781244]],[[127.454949,36.781244],[127.454938,36.781246]],[[127.454938,36.781246],[127.454926,36.781248]],[[127.454926,36.781248],[127.454915,36.781249]],[[127.454915,36.781249],[127.454904,36.781251]],[[127.454904,36.781251],[127.454893,36.781253]],[[127.454893,36.781253],[127.454881,36.781254]],[[127.454881,36.781254],[127.45487,36.781256]],[[127.45487,36.781256],[127.454859,36.781258]],[[127.454859,36.781258],[127.454848,36.781259]],[[127.454848,36.781259],[127.454837,36.781261]],[[127.454837,36.781261],[127.454825,36.781263]],[[127.454825,36.781263],[127.454814,36.781265]],[[127.454814,36.781265],[127.454802,36.781266]],[[127.454802,36.781266],[127.454791,36.781268]],[[127.454791,36.781268],[127.45478,36.78127]],[[127.45478,36.78127],[127.454768,36.781272]],[[127.454768,36.781272],[127.454757,36.781273]],[[127.454757,36.781273],[127.454745,36.781275]],[[127.454745,36.781275],[127.454734,36.781277]],[[127.454734,36.781277],[127.454722,36.781279]],[[127.454722,36.781279],[127.45471,36.781281]],[[127.45471,36.781281],[127.454699,36.781283]],[[127.454699,36.781283],[127.454687,36.781285]],[[127.454687,36.781285],[127.454675,36.781287]],[[127.454675,36.781287],[127.454664,36.781289]],[[127.454664,36.781289],[127.454652,36.781291]],[[127.454652,36.781291],[127.45464,36.781293]],[[127.45464,36.781293],[127.454628,36.781295]],[[127.454628,36.781295],[127.454616,36.781297]],[[127.454616,36.781297],[127.454605,36.781299]],[[127.454605,36.781299],[127.454593,36.781302]],[[127.454593,36.781302],[127.454581,36.781304]],[[127.454581,36.781304],[127.454569,36.781306]],[[127.454569,36.781306],[127.454557,36.781308]],[[127.454557,36.781308],[127.454545,36.781311]],[[127.454545,36.781311],[127.454533,36.781313]],[[127.454533,36.781313],[127.454522,36.781315]],[[127.454522,36.781315],[127.45451,36.781318]],[[127.45451,36.781318],[127.454498,36.78132]],[[127.454498,36.78132],[127.454486,36.781323]],[[127.454486,36.781323],[127.454474,36.781326]],[[127.454474,36.781326],[127.45446,36.781328]],[[127.45446,36.781328],[127.454448,36.781331]],[[127.454448,36.781331],[127.454436,36.781334]],[[127.454436,36.781334],[127.454424,36.781337]],[[127.454424,36.781337],[127.454412,36.781339]],[[127.454412,36.781339],[127.4544,36.781342]],[[127.4544,36.781342],[127.454388,36.781345]],[[127.454388,36.781345],[127.454376,36.781348]],[[127.454376,36.781348],[127.454364,36.781351]],[[127.454364,36.781351],[127.454352,36.781354]],[[127.454352,36.781354],[127.45434,36.781357]],[[127.45434,36.781357],[127.454328,36.78136]],[[127.454328,36.78136],[127.454316,36.781363]],[[127.454316,36.781363],[127.454304,36.781366]],[[127.454304,36.781366],[127.454292,36.78137]],[[127.454292,36.78137],[127.454281,36.781373]],[[127.454281,36.781373],[127.454269,36.781376]],[[127.454269,36.781376],[127.454257,36.781379]],[[127.454257,36.781379],[127.454245,36.781383]],[[127.454245,36.781383],[127.454233,36.781386]],[[127.454233,36.781386],[127.454221,36.781389]],[[127.454221,36.781389],[127.45421,36.781393]],[[127.45421,36.781393],[127.454198,36.781396]],[[127.454198,36.781396],[127.454186,36.7814]],[[127.454186,36.7814],[127.454174,36.781403]],[[127.454174,36.781403],[127.454163,36.781407]],[[127.454163,36.781407],[127.454151,36.781411]],[[127.454151,36.781411],[127.454139,36.781414]],[[127.454139,36.781414],[127.454128,36.781418]],[[127.454128,36.781418],[127.454116,36.781422]],[[127.454116,36.781422],[127.454104,36.781426]],[[127.454104,36.781426],[127.454093,36.781429]],[[127.454093,36.781429],[127.454081,36.781433]],[[127.454081,36.781433],[127.454069,36.781437]],[[127.454069,36.781437],[127.454026,36.781452]],[[127.454026,36.781452],[127.453757,36.78049]],[[127.453757,36.78049],[127.45374,36.780274]],[[127.45374,36.780274],[127.453972,36.780104]],[[127.458388,36.773724],[127.459948,36.773491]],[[127.459948,36.773491],[127.460055,36.773963]],[[127.460055,36.773963],[127.460206,36.774009]],[[127.460206,36.774009],[127.460283,36.774266]],[[127.467896,36.773187],[127.455621,36.775016]],[[127.467896,36.773187],[127.467984,36.773181],[127.46807,36.773189],[127.468154,36.77321],[127.468231,36.773244],[127.468298,36.77329],[127.468353,36.773345],[127.468393,36.773408],[127.468418,36.773476]],[[127.468418,36.773476],[127.468931,36.775704]],[[127.463949,36.779971],[127.463988,36.780165],[127.464015,36.780361],[127.46403,36.780557],[127.464033,36.780754]],[[127.463949,36.779971],[127.46257,36.773981]],[[127.463758,36.779142],[127.466617,36.778716]],[[127.456215,36.777598],[127.46951,36.775618]],[[127.462867,36.782069],[127.462724,36.782278],[127.462696,36.782365],[127.462626,36.782468],[127.462621,36.782475],[127.462622,36.782499],[127.462645,36.782549],[127.462714,36.78267],[127.462688,36.782782],[127.462688,36.782803],[127.46279,36.782902],[127.462767,36.783076],[127.462549,36.783306],[127.462468,36.783331],[127.462442,36.783384],[127.462358,36.7835],[127.46232,36.78356],[127.462321,36.783568],[127.462321,36.783569],[127.462397,36.783671],[127.462396,36.783818],[127.462395,36.783929],[127.462449,36.784021],[127.462828,36.784599],[127.462934,36.784844],[127.46317,36.785401],[127.463372,36.785716],[127.463579,36.785611]],[[127.454276,36.771152],[127.454364,36.771146],[127.454451,36.771154],[127.454534,36.771175],[127.454612,36.77121],[127.454679,36.771255],[127.454734,36.77131],[127.454774,36.771373],[127.454798,36.771441]],[[127.46968,36.781389],[127.469662,36.781414]],[[127.468248,36.777438],[127.468396,36.777538]],[[127.468396,36.777538],[127.468147,36.777777]],[[127.468147,36.777777],[127.467999,36.777678]],[[127.464186,36.773685],[127.464187,36.772934]],[[127.464187,36.772934],[127.464586,36.772875]],[[127.464586,36.772875],[127.464959,36.773056]],[[127.464959,36.773056],[127.465504,36.772975]],[[127.465504,36.772975],[127.465833,36.773439]],[[127.466844,36.780829],[127.467324,36.780865]],[[127.467324,36.780865],[127.467445,36.780894]],[[127.467445,36.780894],[127.467953,36.780932]],[[127.467953,36.780932],[127.468114,36.780705]],[[127.468114,36.780705],[127.468222,36.780561]],[[127.468222,36.780561],[127.468122,36.780525]],[[127.468122,36.780525],[127.46805,36.780493]],[[127.46805,36.780493],[127.467993,36.780464]],[[127.467993,36.780464],[127.467868,36.780409]],[[127.467868,36.780409],[127.467787,36.780364]],[[127.467787,36.780364],[127.467604,36.780261]],[[127.467604,36.780261],[127.46737,36.780063]],[[127.467216,36.780007],[127.467259,36.780012],[127.4673,36.780023],[127.467337,36.780041],[127.46737,36.780063]],[[127.467216,36.780007],[127.466808,36.779995]],[[127.466808,36.779995],[127.466806,36.780012],[127.466805,36.780029],[127.466803,36.780046],[127.466801,36.780063]],[[127.466801,36.780063],[127.466761,36.780407]],[[127.466761,36.780407],[127.466783,36.780542]],[[127.466783,36.780542],[127.466759,36.780747]],[[127.466759,36.780747],[127.466844,36.780829]],[[127.454171,36.774332],[127.454249,36.774394],[127.45432,36.77446],[127.454384,36.774531],[127.454441,36.774606],[127.45449,36.774684],[127.454531,36.774765],[127.454564,36.774849],[127.454589,36.774935],[127.455228,36.777715]]]}},{"type":"Feature","properties":{"layer":"선형중심선"},"geometry":{"type":"MultiLineString","coordinates":[[[127.475199,36.781109],[127.475193,36.781101],[127.475188,36.781093],[127.475183,36.781085],[127.475178,36.781077],[127.475173,36.781069],[127.475168,36.781061],[127.475163,36.781053],[127.475158,36.781045],[127.475153,36.781037],[127.475147,36.781029],[127.475142,36.781021],[127.475137,36.781013],[127.475132,36.781005],[127.475129,36.781],[127.475127,36.780997],[127.475122,36.780989],[127.475117,36.780981],[127.475112,36.780973],[127.475107,36.780965],[127.475101,36.780957],[127.475096,36.780949],[127.475091,36.780941],[127.475086,36.780933],[127.475081,36.780925],[127.475076,36.780917],[127.475071,36.780909],[127.475066,36.780901],[127.475061,36.780893],[127.475056,36.780885],[127.47505,36.780877],[127.475045,36.780869],[127.47504,36.780861],[127.475035,36.780853],[127.475034,36.780851],[127.47503,36.780845],[127.475025,36.780837],[127.47502,36.780829],[127.475015,36.780821],[127.47501,36.780812],[127.475004,36.780804],[127.474999,36.780796],[127.474994,36.780788],[127.474989,36.78078],[127.474984,36.780772],[127.474979,36.780764],[127.474974,36.780756],[127.474969,36.780748],[127.474964,36.78074],[127.474959,36.780732],[127.474953,36.780724],[127.474948,36.780716],[127.474943,36.780708],[127.474938,36.7807],[127.474933,36.780692],[127.474928,36.780684],[127.474923,36.780676],[127.474918,36.780668],[127.474913,36.78066],[127.474907,36.780652],[127.474902,36.780644],[127.474897,36.780636],[127.474892,36.780628],[127.474887,36.78062],[127.474882,36.780612],[127.474877,36.780604],[127.474872,36.780596],[127.474867,36.780588],[127.474861,36.78058],[127.474856,36.780572],[127.474851,36.780564],[127.474846,36.780556],[127.474841,36.780548],[127.474836,36.78054],[127.474831,36.780532],[127.474826,36.780524],[127.474821,36.780516],[127.474816,36.780508],[127.47481,36.7805],[127.474805,36.780492],[127.4748,36.780484],[127.474795,36.780476],[127.47479,36.780468],[127.474785,36.78046],[127.47478,36.780452],[127.474775,36.780444],[127.474773,36.78044],[127.47477,36.780436],[127.474765,36.780427],[127.47476,36.780419],[127.474755,36.780411],[127.474751,36.780403],[127.474748,36.780398],[127.474746,36.780395],[127.474742,36.780386],[127.474738,36.780378],[127.474734,36.780369],[127.474731,36.780361],[127.474727,36.780352],[127.474726,36.780349],[127.474724,36.780344],[127.47472,36.780335],[127.474717,36.780326],[127.474714,36.780318],[127.47471,36.780309],[127.474707,36.780301],[127.474704,36.780292],[127.474701,36.780284],[127.4747,36.780283],[127.474697,36.780275],[127.474693,36.780267],[127.474688,36.780258],[127.474683,36.78025],[127.474678,36.780242],[127.474672,36.780234],[127.474666,36.780227],[127.47466,36.780219],[127.474653,36.780212],[127.474646,36.780205],[127.474638,36.780199],[127.474631,36.780192],[127.474623,36.780186],[127.474614,36.78018],[127.474605,36.780174],[127.474596,36.780169],[127.474587,36.780164],[127.474578,36.780159],[127.474568,36.780155],[127.474558,36.78015],[127.474548,36.780147],[127.474538,36.780143],[127.474527,36.78014],[127.474516,36.780137],[127.474506,36.780135],[127.474495,36.780132],[127.474484,36.780131],[127.474473,36.780129],[127.474462,36.780128],[127.474451,36.780127],[127.474439,36.780127],[127.474428,36.780127],[127.474422,36.780127],[127.474417,36.780127],[127.474406,36.780128],[127.474395,36.780128],[127.474383,36.780128],[127.474372,36.780129],[127.474361,36.780129],[127.47435,36.780129],[127.474339,36.78013],[127.474327,36.78013],[127.474316,36.780131],[127.474305,36.780131],[127.474294,36.780131],[127.474283,36.780132],[127.474271,36.780132],[127.47426,36.780132],[127.474249,36.780133],[127.474238,36.780133],[127.474227,36.780133],[127.474215,36.780134],[127.474204,36.780134],[127.4742,36.780134],[127.474193,36.780135],[127.474182,36.780135],[127.474171,36.780135],[127.47416,36.780136],[127.474155,36.780136],[127.474148,36.780136],[127.474137,36.780136],[127.474126,36.780136],[127.474115,36.780137],[127.474104,36.780137],[127.474092,36.780137],[127.474091,36.780137],[127.474081,36.780137],[127.47407,36.780137],[127.474059,36.780137],[127.474048,36.780136],[127.474036,36.780136],[127.474025,36.780136],[127.474014,36.780136],[127.474003,36.780135],[127.473992,36.780135],[127.47398,36.780134],[127.473969,36.780134],[127.473958,36.780133],[127.473947,36.780132],[127.473936,36.780132],[127.473925,36.780131],[127.473913,36.78013],[127.473902,36.780129],[127.473891,36.780128],[127.47388,36.780127],[127.473869,36.780126],[127.473858,36.780125],[127.473847,36.780123],[127.473836,36.780122],[127.473833,36.780122],[127.473824,36.780121],[127.473813,36.780119],[127.473802,36.780118],[127.473791,36.780117],[127.47378,36.780115],[127.473769,36.780114],[127.473758,36.780113],[127.473747,36.780111],[127.473736,36.78011],[127.473725,36.780109],[127.473714,36.780107],[127.473708,36.780107],[127.473703,36.780106],[127.473692,36.780105],[127.47368,36.780103],[127.473669,36.780102],[127.473658,36.780101],[127.473647,36.780099],[127.473644,36.780099],[127.473636,36.780098],[127.473625,36.780097],[127.473614,36.780095],[127.473603,36.780094],[127.473592,36.780093],[127.473581,36.780091],[127.47357,36.78009],[127.473559,36.780089],[127.473547,36.780088],[127.473536,36.780086],[127.473525,36.780085],[127.473514,36.780084],[127.473503,36.780082],[127.473492,36.780081],[127.473481,36.78008],[127.47347,36.780078],[127.473459,36.780077],[127.473448,36.780076],[127.473437,36.780074],[127.473426,36.780073],[127.473424,36.780073],[127.473415,36.780072],[127.473403,36.78007],[127.473392,36.78007],[127.473381,36.780069],[127.47337,36.780068],[127.473359,36.780068],[127.473348,36.780067],[127.473336,36.780067],[127.473325,36.780067],[127.473314,36.780067],[127.473303,36.780068],[127.473292,36.780068],[127.47328,36.780069],[127.473269,36.780069],[127.473258,36.78007],[127.473247,36.780072],[127.473236,36.780073],[127.473225,36.780074],[127.473222,36.780075],[127.473214,36.780076],[127.473203,36.780077],[127.473192,36.780079],[127.473181,36.78008],[127.47317,36.780082],[127.473159,36.780083],[127.473148,36.780085],[127.473137,36.780087],[127.473126,36.780088],[127.473114,36.78009],[127.473103,36.780091],[127.473092,36.780093],[127.473081,36.780094],[127.47307,36.780096],[127.473059,36.780097],[127.473059,36.780097],[127.473048,36.780099],[127.473037,36.7801],[127.473026,36.780102],[127.473015,36.780104],[127.473004,36.780105],[127.472993,36.780107],[127.472982,36.780108],[127.472971,36.78011],[127.47296,36.780111],[127.472949,36.780113],[127.472938,36.780114],[127.472935,36.780115],[127.472927,36.780116],[127.472916,36.780117],[127.472905,36.780119],[127.472894,36.78012],[127.472882,36.780121],[127.472876,36.780121],[127.472871,36.780121],[127.47286,36.780122],[127.472849,36.780123],[127.472838,36.780123],[127.472827,36.780124],[127.472815,36.780124],[127.472804,36.780124],[127.472793,36.780124],[127.472782,36.780123],[127.472771,36.780123],[127.472759,36.780122],[127.472748,36.780122],[127.472737,36.780121],[127.472726,36.78012],[127.472715,36.780119],[127.472704,36.780118],[127.472693,36.780117],[127.472682,36.780115],[127.472671,36.780114],[127.47266,36.780112],[127.472649,36.78011],[127.472638,36.780108],[127.472627,36.780106],[127.472616,36.780104],[127.472605,36.780101],[127.472594,36.780099],[127.472584,36.780096],[127.47258,36.780095],[127.472573,36.780093],[127.472562,36.780091],[127.472552,36.780088],[127.472541,36.780085],[127.47253,36.780082],[127.47252,36.78008],[127.472509,36.780077],[127.472498,36.780074],[127.472488,36.780071],[127.472477,36.780069],[127.472466,36.780066],[127.472456,36.780063],[127.472455,36.780063],[127.472445,36.78006],[127.472434,36.780058],[127.472424,36.780055],[127.472413,36.780052],[127.472402,36.780049],[127.472392,36.780047],[127.472381,36.780044],[127.47237,36.780041],[127.472365,36.78004],[127.472362,36.780036],[127.472357,36.780028],[127.472352,36.78002],[127.472347,36.780012],[127.472342,36.780004],[127.472337,36.779996],[127.472332,36.779988],[127.472327,36.77998],[127.472321,36.779972],[127.472316,36.779964],[127.472311,36.779956],[127.472306,36.779948],[127.472301,36.77994],[127.472296,36.779932],[127.472291,36.779924],[127.472286,36.779916],[127.472281,36.779908],[127.472275,36.7799],[127.47227,36.779892],[127.472265,36.779884],[127.47226,36.779875],[127.472255,36.779867],[127.47225,36.779859],[127.472248,36.779857],[127.472245,36.779851],[127.47224,36.779844],[127.472234,36.779836],[127.472228,36.779828],[127.472223,36.77982],[127.472217,36.779812],[127.472211,36.779805],[127.472205,36.779797],[127.472198,36.77979],[127.472192,36.779782],[127.472185,36.779775],[127.472185,36.779775],[127.472179,36.779768],[127.472172,36.779761],[127.472165,36.779754],[127.472159,36.779746],[127.472152,36.779739],[127.472145,36.779732],[127.472139,36.779725],[127.472132,36.779717],[127.472125,36.77971],[127.472119,36.779703],[127.472112,36.779696],[127.472105,36.779688],[127.472099,36.779681],[127.472092,36.779674],[127.472085,36.779667],[127.472078,36.779659],[127.472078,36.779659],[127.472072,36.779652],[127.472065,36.779645],[127.472058,36.779638],[127.472052,36.77963],[127.472045,36.779623],[127.472045,36.779623],[127.472038,36.779616],[127.472032,36.779609],[127.472025,36.779602],[127.472018,36.779594],[127.472012,36.779587],[127.472005,36.77958],[127.471998,36.779573],[127.471992,36.779565],[127.471985,36.779558],[127.471978,36.779551],[127.471972,36.779544],[127.471965,36.779536],[127.471958,36.779529],[127.471952,36.779522],[127.471945,36.779515],[127.471938,36.779507],[127.471932,36.7795],[127.471925,36.779493],[127.471918,36.779486],[127.471912,36.779479],[127.471905,36.779471],[127.471898,36.779464],[127.471892,36.779457],[127.471885,36.77945],[127.471883,36.779447],[127.471878,36.779442],[127.471871,36.779435],[127.471864,36.779429],[127.471857,36.779422],[127.47185,36.779415],[127.471843,36.779408],[127.471836,36.779401],[127.471829,36.779394],[127.471821,36.779387],[127.471814,36.77938],[127.471807,36.779373],[127.4718,36.779366],[127.471793,36.779359],[127.471786,36.779352],[127.471779,36.779345],[127.471772,36.779338],[127.471765,36.779331],[127.471758,36.779324],[127.471751,36.779317],[127.471744,36.77931],[127.471737,36.779303],[127.47173,36.779296],[127.471723,36.779289],[127.471716,36.779282],[127.47171,36.779276],[127.471709,36.779275],[127.471701,36.779268],[127.471694,36.779261],[127.471687,36.779254],[127.471687,36.779253],[127.47168,36.779247],[127.471673,36.77924],[127.471666,36.779233],[127.471659,36.779226],[127.471652,36.779219],[127.471645,36.779212],[127.471638,36.779205],[127.471631,36.779198],[127.471624,36.779191],[127.471617,36.779184],[127.47161,36.779177],[127.471603,36.77917],[127.471596,36.779163],[127.471588,36.779156],[127.471581,36.779149],[127.471574,36.779142],[127.471567,36.779135],[127.471562,36.779129],[127.47156,36.779128],[127.471553,36.779121],[127.471546,36.779114],[127.47154,36.779106],[127.471533,36.779099],[127.471527,36.779092],[127.47152,36.779084],[127.471517,36.779081],[127.471514,36.779077],[127.471508,36.779069],[127.471501,36.779062],[127.471495,36.779054],[127.471489,36.779047],[127.471483,36.77904],[127.471476,36.779032],[127.47147,36.779025],[127.471464,36.779017],[127.471457,36.77901],[127.471451,36.779002],[127.471445,36.778995],[127.471439,36.778987],[127.471432,36.77898],[127.471426,36.778972],[127.47142,36.778965],[127.471414,36.778957],[127.471407,36.77895],[127.471401,36.778942],[127.471395,36.778935],[127.471388,36.778928],[127.471382,36.77892],[127.471376,36.778913],[127.47137,36.778905],[127.471363,36.778898],[127.471357,36.77889],[127.471351,36.778883],[127.471345,36.778875],[127.471338,36.778868],[127.471332,36.77886],[127.471326,36.778853],[127.47132,36.778845],[127.471313,36.778838],[127.471307,36.77883],[127.471303,36.778826],[127.471301,36.778823],[127.471294,36.778815],[127.471288,36.778808],[127.471282,36.778801],[127.471276,36.778793],[127.471269,36.778786],[127.471263,36.778778],[127.471257,36.778771],[127.471251,36.778763],[127.471244,36.778756],[127.471238,36.778748],[127.471233,36.778742],[127.471232,36.778741],[127.471225,36.778733],[127.471219,36.778726],[127.471212,36.778719],[127.471205,36.778712],[127.471198,36.778705],[127.471191,36.778698],[127.471184,36.778691],[127.471176,36.778684],[127.471169,36.778678],[127.471161,36.778671],[127.471161,36.778671],[127.471153,36.778665],[127.471145,36.778658],[127.471137,36.778652],[127.471129,36.778646],[127.47112,36.77864],[127.471112,36.778635],[127.471103,36.778629],[127.471094,36.778623],[127.471085,36.778618],[127.471079,36.778615],[127.471076,36.778613],[127.471067,36.778607],[127.471058,36.778602],[127.471049,36.778597],[127.47104,36.778591],[127.471038,36.77859],[127.471031,36.778586],[127.471022,36.778581],[127.471013,36.778576],[127.471004,36.77857],[127.470994,36.778565],[127.470985,36.77856],[127.470976,36.778554],[127.470967,36.778549],[127.470958,36.778544],[127.470949,36.778539],[127.47094,36.778533],[127.470931,36.778528],[127.470922,36.778523],[127.470913,36.778517],[127.470904,36.778512],[127.470895,36.778507],[127.470886,36.778502],[127.470877,36.778496],[127.470867,36.778491],[127.470858,36.778486],[127.470849,36.77848],[127.47084,36.778475],[127.470831,36.77847],[127.470822,36.778465],[127.470813,36.778459],[127.470804,36.778454],[127.470795,36.778449],[127.470786,36.778443],[127.470777,36.778438],[127.470768,36.778433],[127.470759,36.778427],[127.47075,36.778422],[127.47074,36.778417],[127.470731,36.778412],[127.470728,36.77841],[127.470722,36.778406],[127.470714,36.778401],[127.470705,36.778395],[127.470697,36.778389],[127.470689,36.778382],[127.470681,36.778376],[127.470674,36.778369],[127.470667,36.778362],[127.47066,36.778355],[127.470654,36.778347],[127.470652,36.778345],[127.470648,36.77834],[127.470642,36.778332],[127.470636,36.778324],[127.47063,36.778317],[127.470624,36.778309],[127.470618,36.778302],[127.470612,36.778294],[127.470606,36.778286],[127.4706,36.778279],[127.470594,36.778271],[127.470588,36.778264],[127.470583,36.778258],[127.470582,36.778256],[127.470576,36.778248],[127.470569,36.778241],[127.470562,36.778234],[127.470555,36.778227],[127.470548,36.77822],[127.47054,36.778213],[127.470535,36.778209],[127.470533,36.778207],[127.470525,36.778201],[127.470516,36.778195],[127.470513,36.778192],[127.470508,36.778189],[127.470499,36.778183],[127.47049,36.778177],[127.470481,36.778172],[127.470472,36.778167],[127.470463,36.778162],[127.470453,36.778158],[127.470443,36.778153],[127.470433,36.778149],[127.470423,36.778145],[127.470413,36.778142],[127.470413,36.778142],[127.470403,36.778138],[127.470392,36.778135],[127.470383,36.778131],[127.470382,36.778131],[127.470371,36.778128],[127.470361,36.778125],[127.47035,36.778123],[127.470339,36.778121],[127.470328,36.77812],[127.470317,36.778119],[127.470306,36.778118],[127.470296,36.778118],[127.470294,36.778118],[127.470283,36.778119],[127.470272,36.778119],[127.470261,36.778119],[127.47025,36.778119],[127.470238,36.77812],[127.470227,36.77812],[127.470216,36.77812],[127.470205,36.778121],[127.470194,36.778121],[127.470182,36.778121],[127.470171,36.778121],[127.47016,36.778122],[127.470159,36.778122],[127.470149,36.778121],[127.470138,36.77812],[127.470127,36.778117],[127.470118,36.778112],[127.470109,36.778107],[127.470103,36.778102],[127.470101,36.7781],[127.470093,36.778094],[127.470086,36.778087],[127.470078,36.77808],[127.470071,36.778074],[127.470063,36.778067],[127.470056,36.77806],[127.470048,36.778053],[127.470041,36.778047],[127.470034,36.77804],[127.470033,36.77804],[127.470026,36.778033],[127.470019,36.778027],[127.470011,36.77802],[127.470004,36.778013],[127.469996,36.778006],[127.469989,36.778],[127.469981,36.777993],[127.469974,36.777986],[127.469966,36.77798],[127.469962,36.777976],[127.469959,36.777973],[127.469951,36.777966],[127.469944,36.777959],[127.469936,36.777953],[127.469929,36.777946],[127.469921,36.777939],[127.469914,36.777933],[127.469906,36.777926],[127.469899,36.777919],[127.469895,36.777916],[127.469892,36.777912],[127.469884,36.777905],[127.469878,36.777898],[127.469871,36.777891],[127.469865,36.777883],[127.469859,36.777876],[127.469854,36.777868],[127.469849,36.77786],[127.469844,36.777852],[127.46984,36.777843],[127.469836,36.777835],[127.469832,36.777826],[127.469829,36.777818],[127.469827,36.777811],[127.469827,36.777809],[127.469824,36.7778],[127.469823,36.777791],[127.469822,36.777785],[127.469821,36.777782],[127.46982,36.777773],[127.469819,36.777764],[127.469817,36.777755],[127.469816,36.777746],[127.469815,36.777737],[127.469813,36.777728],[127.469812,36.77772],[127.469811,36.777711],[127.469809,36.777702],[127.469808,36.777693],[127.469807,36.777684],[127.469807,36.777684],[127.469805,36.777675],[127.469802,36.777666],[127.469799,36.777657],[127.469795,36.777649],[127.46979,36.777641],[127.469784,36.777633],[127.469778,36.777626],[127.469771,36.777619],[127.469763,36.777612],[127.469755,36.777606],[127.469746,36.7776],[127.469737,36.777595],[127.469727,36.777591],[127.469717,36.777587],[127.469707,36.777584],[127.469696,36.777581],[127.469685,36.777579],[127.469674,36.777578],[127.469672,36.777577],[127.469663,36.777577],[127.469659,36.777576],[127.469652,36.777576],[127.469641,36.777575],[127.46963,36.777574],[127.469619,36.777573],[127.469607,36.777572],[127.469596,36.777571],[127.469585,36.77757],[127.469574,36.777569],[127.469563,36.777568],[127.469552,36.777567],[127.469541,36.777567],[127.469529,36.777566],[127.469518,36.777565],[127.469507,36.777564],[127.469504,36.777564],[127.469496,36.777563],[127.469485,36.777562],[127.469474,36.777561],[127.469463,36.777559],[127.469452,36.777558],[127.469441,36.777556],[127.46943,36.777554],[127.469419,36.777552],[127.469408,36.77755],[127.469397,36.777547],[127.469386,36.777545],[127.469385,36.777544],[127.469376,36.777542],[127.469365,36.77754],[127.469354,36.777537],[127.469344,36.777534],[127.469333,36.777532],[127.469322,36.777529],[127.469311,36.777527],[127.469301,36.777524],[127.46929,36.777521],[127.469279,36.777519],[127.469268,36.777516],[127.469258,36.777514],[127.469247,36.777511],[127.469236,36.777508],[127.469231,36.777507],[127.469226,36.777506],[127.469215,36.777503],[127.469204,36.777501],[127.469193,36.777498],[127.469183,36.777495],[127.469172,36.777493],[127.469161,36.77749],[127.469158,36.777489],[127.469151,36.777487],[127.46914,36.777484],[127.46913,36.77748],[127.469121,36.777475],[127.469112,36.777469],[127.469104,36.777463],[127.469096,36.777457],[127.469089,36.77745],[127.469083,36.777442],[127.469078,36.777434],[127.469074,36.777426],[127.46907,36.777417],[127.469068,36.777408],[127.469066,36.777399],[127.469066,36.77739],[127.469066,36.777387],[127.469066,36.777381],[127.469066,36.777372],[127.469067,36.777363],[127.469067,36.777354],[127.469067,36.777345],[127.469068,36.777336],[127.469068,36.777327],[127.469068,36.777318],[127.469069,36.777309],[127.469069,36.777308],[127.469069,36.7773],[127.469069,36.777291],[127.469068,36.777282],[127.469067,36.777273],[127.469066,36.777264],[127.469065,36.777255],[127.469063,36.777247],[127.469061,36.777238],[127.469058,36.777229],[127.469055,36.77722],[127.469052,36.777212],[127.469049,36.777203],[127.469046,36.777198],[127.469045,36.777194],[127.469041,36.777186],[127.469037,36.777178],[127.469034,36.777169],[127.46903,36.777161],[127.469026,36.777152],[127.469025,36.77715],[127.469022,36.777144],[127.469019,36.777135],[127.469017,36.777126],[127.469015,36.777117],[127.469014,36.777108],[127.469014,36.777099],[127.469014,36.777091],[127.469015,36.77709],[127.469016,36.777081],[127.469017,36.777072],[127.46902,36.777064],[127.469023,36.777055],[127.469027,36.777046],[127.469027,36.777045],[127.469031,36.777038],[127.469035,36.77703],[127.469039,36.777021],[127.469043,36.777013],[127.469047,36.777004],[127.469051,36.776996],[127.469055,36.776988],[127.469059,36.776979],[127.469064,36.776971],[127.469068,36.776963],[127.469072,36.776954],[127.469076,36.776946],[127.46908,36.776937],[127.469084,36.776929],[127.469088,36.776921],[127.469092,36.776912],[127.469096,36.776904],[127.469101,36.776895],[127.469105,36.776887],[127.469109,36.776879],[127.469113,36.77687],[127.469117,36.776862],[127.469121,36.776854],[127.469125,36.776845],[127.469129,36.776837],[127.469133,36.776828],[127.469138,36.77682],[127.469142,36.776812],[127.469146,36.776803],[127.46915,36.776795],[127.469153,36.776788],[127.469154,36.776787],[127.469158,36.776778],[127.469163,36.77677],[127.469169,36.776762],[127.469175,36.776755],[127.469182,36.776747],[127.469189,36.77674],[127.469196,36.776734],[127.469204,36.776727],[127.469213,36.776721],[127.469221,36.776716],[127.46923,36.776711],[127.46924,36.776706],[127.46924,36.776706],[127.46925,36.776701],[127.469259,36.776697],[127.469269,36.776692],[127.469278,36.776687],[127.469288,36.776683],[127.469293,36.77668],[127.469298,36.776678],[127.469306,36.776673],[127.469314,36.776666],[127.469322,36.776659],[127.469324,36.776656],[127.469328,36.776652],[127.469332,36.776644],[127.469336,36.776635],[127.469338,36.776626],[127.469339,36.776617],[127.469339,36.776608],[127.469338,36.776599],[127.469335,36.776591],[127.469331,36.776584],[127.469331,36.776583],[127.469331,36.776582],[127.469327,36.776574],[127.469324,36.776565],[127.469321,36.776556],[127.46932,36.776547],[127.46932,36.776538],[127.469321,36.776529],[127.469323,36.776521],[127.469325,36.776513],[127.469325,36.776512],[127.469328,36.776503],[127.469331,36.776494],[127.469335,36.776486],[127.469338,36.776477],[127.469341,36.776468],[127.469344,36.77646],[127.469347,36.776451],[127.46935,36.776443],[127.46935,36.776442],[127.469353,36.776434],[127.469356,36.776425],[127.469359,36.776416],[127.469362,36.776408],[127.469365,36.776399],[127.469368,36.77639],[127.469371,36.776382],[127.469374,36.776373],[127.469377,36.776364],[127.469381,36.776356],[127.469384,36.776347],[127.469387,36.776338],[127.46939,36.77633],[127.469393,36.776321],[127.469396,36.776312],[127.469399,36.776304],[127.469402,36.776295],[127.469405,36.776286],[127.469408,36.776278],[127.469411,36.776269],[127.469414,36.77626],[127.469417,36.776252],[127.46942,36.776243],[127.469423,36.776234],[127.469427,36.776226],[127.46943,36.776217],[127.469433,36.776208],[127.469436,36.7762],[127.469439,36.776191],[127.469442,36.776182],[127.469445,36.776174],[127.469448,36.776165],[127.469451,36.776156],[127.469454,36.776148],[127.469457,36.776139],[127.46946,36.77613],[127.469463,36.776122],[127.469466,36.776113],[127.46947,36.776104],[127.469473,36.776096],[127.469476,36.776087],[127.469479,36.776078],[127.469482,36.77607],[127.469485,36.776061],[127.469488,36.776052],[127.469491,36.776044],[127.469494,36.776035],[127.469497,36.776026],[127.4695,36.776018],[127.469503,36.776009],[127.469506,36.776],[127.469509,36.775992],[127.469512,36.775983],[127.469516,36.775974],[127.469518,36.775968],[127.469519,36.775966],[127.469522,36.775957],[127.469525,36.775948],[127.469528,36.77594],[127.469531,36.775931],[127.469534,36.775923],[127.469537,36.775914],[127.46954,36.775905],[127.469543,36.775897],[127.469546,36.775888],[127.469549,36.775879],[127.469552,36.775871],[127.469555,36.775862],[127.469559,36.775853],[127.469559,36.775851],[127.469561,36.775844],[127.469563,36.775838],[127.469563,36.775836],[127.469566,36.775827],[127.469568,36.775818],[127.46957,36.775809],[127.469571,36.7758],[127.469573,36.775791],[127.469574,36.775782],[127.469575,36.775773],[127.469576,36.775764],[127.469577,36.775755],[127.469577,36.775746],[127.469577,36.775737],[127.469578,36.775728],[127.469577,36.775719],[127.469577,36.77571],[127.469577,36.775701],[127.469576,36.775692],[127.469575,36.775683],[127.469574,36.775674],[127.469573,36.775665],[127.469571,36.775656],[127.469569,36.775648],[127.469568,36.775639],[127.469565,36.77563],[127.469563,36.775621],[127.469561,36.775612],[127.469558,36.775603],[127.469555,36.775595],[127.469552,36.775586],[127.469549,36.775577],[127.469548,36.775574],[127.469546,36.775569],[127.469542,36.77556],[127.469539,36.775552],[127.469535,36.775543],[127.469532,36.775534],[127.469529,36.775528],[127.469529,36.775526],[127.469525,36.775517],[127.469522,36.775509],[127.469518,36.7755],[127.469515,36.775492],[127.469512,36.775483],[127.469508,36.775474],[127.469505,36.775466],[127.469501,36.775457],[127.469498,36.775449],[127.469495,36.77544],[127.469491,36.775431],[127.469488,36.775423],[127.469484,36.775414],[127.469481,36.775406],[127.469478,36.775399]],[[127.475206,36.781106],[127.475192,36.781112]],[[127.47495,36.780705],[127.474936,36.780711]],[[127.474714,36.780299],[127.474699,36.780303]],[[127.474249,36.780126],[127.474249,36.780139]],[[127.473693,36.780099],[127.47369,36.780111]],[[127.473135,36.78008],[127.473138,36.780093]],[[127.472586,36.78009],[127.472581,36.780102]],[[127.472217,36.779801],[127.472204,36.779808]],[[127.471884,36.779439],[127.471872,36.779446]],[[127.471533,36.779088],[127.47152,36.779095]],[[127.471218,36.778715],[127.471206,36.778723]],[[127.470781,36.778433],[127.470772,36.778443]],[[127.470385,36.778125],[127.470379,36.778137]],[[127.469927,36.777935],[127.469916,36.777944]],[[127.469664,36.77757],[127.469662,36.777583]],[[127.469125,36.77747],[127.469116,36.77748]],[[127.469034,36.777049],[127.469019,36.777044]],[[127.469312,36.776677],[127.469301,36.776668]],[[127.469428,36.776245],[127.469413,36.776241]],[[127.469525,36.77597],[127.46951,36.775966]],[[127.469537,36.775526],[127.469522,36.77553]],[[127.475206,36.781106],[127.475192,36.781112]],[[127.475206,36.781109],[127.475206,36.781107],[127.475204,36.781105],[127.475202,36.781103],[127.475198,36.781103],[127.475195,36.781103],[127.475193,36.781105],[127.475191,36.781107],[127.475191,36.781109],[127.475191,36.781112],[127.475193,36.781114],[127.475196,36.781115],[127.475199,36.781116],[127.475202,36.781115],[127.475204,36.781114],[127.475206,36.781112],[127.475206,36.781109]],[[127.47495,36.780705],[127.474936,36.780711]],[[127.474951,36.780708],[127.47495,36.780706],[127.474949,36.780704],[127.474946,36.780702],[127.474943,36.780702],[127.47494,36.780702],[127.474938,36.780704],[127.474936,36.780706],[127.474935,36.780708],[127.474936,36.780711],[127.474938,36.780713],[127.47494,36.780714],[127.474943,36.780715],[127.474946,36.780714],[127.474949,36.780713],[127.47495,36.780711],[127.474951,36.780708]],[[127.474714,36.780299],[127.474699,36.780303]],[[127.474715,36.780301],[127.474714,36.780298],[127.474712,36.780296],[127.47471,36.780295],[127.474707,36.780294],[127.474704,36.780295],[127.474701,36.780296],[127.4747,36.780298],[127.474699,36.780301],[127.4747,36.780303],[127.474701,36.780305],[127.474704,36.780306],[127.474707,36.780307],[127.47471,36.780306],[127.474713,36.780305],[127.474714,36.780303],[127.474715,36.780301]],[[127.474249,36.780126],[127.474249,36.780139]],[[127.474257,36.780133],[127.474256,36.78013],[127.474255,36.780128],[127.474252,36.780127],[127.474249,36.780126],[127.474246,36.780127],[127.474243,36.780128],[127.474242,36.78013],[127.474241,36.780133],[127.474242,36.780135],[127.474244,36.780137],[127.474246,36.780139],[127.474249,36.780139],[127.474252,36.780138],[127.474255,36.780137],[127.474256,36.780135],[127.474257,36.780133]],[[127.473693,36.780099],[127.47369,36.780111]],[[127.473699,36.780105],[127.473699,36.780102],[127.473697,36.7801],[127.473695,36.780099],[127.473691,36.780098],[127.473688,36.780099],[127.473686,36.7801],[127.473684,36.780102],[127.473684,36.780105],[127.473684,36.780107],[127.473686,36.780109],[127.473689,36.780111],[127.473692,36.780111],[127.473695,36.780111],[127.473697,36.780109],[127.473699,36.780107],[127.473699,36.780105]],[[127.473135,36.78008],[127.473138,36.780093]],[[127.473144,36.780087],[127.473144,36.780084],[127.473142,36.780082],[127.47314,36.780081],[127.473137,36.78008],[127.473133,36.780081],[127.473131,36.780082],[127.473129,36.780084],[127.473129,36.780087],[127.473129,36.780089],[127.473131,36.780091],[127.473134,36.780092],[127.473137,36.780093],[127.47314,36.780092],[127.473142,36.780091],[127.473144,36.780089],[127.473144,36.780087]],[[127.472586,36.78009],[127.472581,36.780102]],[[127.472591,36.780096],[127.472591,36.780094],[127.472589,36.780092],[127.472587,36.78009],[127.472584,36.78009],[127.472581,36.78009],[127.472578,36.780092],[127.472576,36.780094],[127.472576,36.780096],[127.472576,36.780099],[127.472578,36.780101],[127.472581,36.780102],[127.472584,36.780102],[127.472587,36.780102],[127.472589,36.780101],[127.472591,36.780099],[127.472591,36.780096]],[[127.472217,36.779801],[127.472204,36.779808]],[[127.472219,36.779805],[127.472218,36.779802],[127.472216,36.7798],[127.472214,36.779799],[127.472211,36.779799],[127.472208,36.779799],[127.472205,36.7798],[127.472204,36.779802],[127.472203,36.779805],[127.472204,36.779807],[127.472205,36.779809],[127.472208,36.779811],[127.472211,36.779811],[127.472214,36.779811],[127.472216,36.779809],[127.472218,36.779807],[127.472219,36.779805]],[[127.471884,36.779439],[127.471872,36.779446]],[[127.471886,36.779442],[127.471885,36.77944],[127.471883,36.779438],[127.471881,36.779437],[127.471878,36.779436],[127.471875,36.779437],[127.471872,36.779438],[127.471871,36.77944],[127.47187,36.779443],[127.471871,36.779445],[127.471872,36.779447],[127.471875,36.779448],[127.471878,36.779449],[127.471881,36.779448],[127.471884,36.779447],[127.471885,36.779445],[127.471886,36.779442]],[[127.471533,36.779088],[127.47152,36.779095]],[[127.471534,36.779092],[127.471534,36.779089],[127.471532,36.779087],[127.47153,36.779086],[127.471526,36.779085],[127.471523,36.779086],[127.471521,36.779087],[127.471519,36.779089],[127.471519,36.779092],[127.471519,36.779094],[127.471521,36.779096],[127.471524,36.779098],[127.471527,36.779098],[127.47153,36.779098],[127.471532,36.779096],[127.471534,36.779094],[127.471534,36.779092]],[[127.471218,36.778715],[127.471206,36.778723]],[[127.47122,36.778719],[127.471219,36.778716],[127.471218,36.778714],[127.471215,36.778713],[127.471212,36.778713],[127.471209,36.778713],[127.471207,36.778714],[127.471205,36.778716],[127.471204,36.778719],[127.471205,36.778721],[127.471207,36.778723],[127.471209,36.778725],[127.471212,36.778725],[127.471215,36.778725],[127.471218,36.778723],[127.471219,36.778721],[127.47122,36.778719]],[[127.470781,36.778433],[127.470772,36.778443]],[[127.470785,36.778438],[127.470784,36.778436],[127.470782,36.778434],[127.47078,36.778432],[127.470777,36.778432],[127.470774,36.778432],[127.470771,36.778434],[127.470769,36.778436],[127.470769,36.778438],[127.47077,36.778441],[127.470771,36.778443],[127.470774,36.778444],[127.470777,36.778444],[127.47078,36.778444],[127.470782,36.778443],[127.470784,36.77844],[127.470785,36.778438]],[[127.470385,36.778125],[127.470379,36.778137]],[[127.47039,36.778131],[127.470389,36.778129],[127.470387,36.778127],[127.470385,36.778125],[127.470382,36.778125],[127.470379,36.778125],[127.470376,36.778127],[127.470375,36.778129],[127.470374,36.778131],[127.470375,36.778134],[127.470376,36.778136],[127.470379,36.778137],[127.470382,36.778138],[127.470385,36.778137],[127.470387,36.778136],[127.470389,36.778134],[127.47039,36.778131]],[[127.469927,36.777935],[127.469916,36.777944]],[[127.469929,36.777939],[127.469929,36.777937],[127.469927,36.777935],[127.469924,36.777933],[127.469921,36.777933],[127.469918,36.777933],[127.469916,36.777935],[127.469914,36.777937],[127.469914,36.777939],[127.469914,36.777942],[127.469916,36.777944],[127.469918,36.777945],[127.469921,36.777946],[127.469924,36.777945],[127.469927,36.777944],[127.469929,36.777942],[127.469929,36.777939]],[[127.469664,36.77757],[127.469662,36.777583]],[[127.469671,36.777577],[127.46967,36.777574],[127.469669,36.777572],[127.469666,36.777571],[127.469663,36.77757],[127.46966,36.777571],[127.469658,36.777572],[127.469656,36.777574],[127.469655,36.777577],[127.469656,36.777579],[127.469658,36.777581],[127.46966,36.777582],[127.469663,36.777583],[127.469666,36.777582],[127.469669,36.777581],[127.46967,36.777579],[127.469671,36.777577]],[[127.469125,36.77747],[127.469116,36.77748]],[[127.469129,36.777475],[127.469128,36.777472],[127.469126,36.77747],[127.469124,36.777469],[127.469121,36.777469],[127.469118,36.777469],[127.469115,36.77747],[127.469114,36.777473],[127.469113,36.777475],[127.469114,36.777477],[127.469115,36.777479],[127.469118,36.777481],[127.469121,36.777481],[127.469124,36.777481],[127.469126,36.777479],[127.469128,36.777477],[127.469129,36.777475]],[[127.469034,36.777049],[127.469019,36.777044]],[[127.469034,36.777046],[127.469034,36.777044],[127.469032,36.777042],[127.46903,36.777041],[127.469027,36.77704],[127.469023,36.777041],[127.469021,36.777042],[127.469019,36.777044],[127.469019,36.777046],[127.469019,36.777049],[127.469021,36.777051],[127.469024,36.777052],[127.469027,36.777053],[127.46903,36.777052],[127.469032,36.777051],[127.469034,36.777049],[127.469034,36.777046]],[[127.469312,36.776677],[127.469301,36.776668]],[[127.469314,36.776673],[127.469314,36.77667],[127.469312,36.776668],[127.469309,36.776667],[127.469306,36.776666],[127.469303,36.776667],[127.469301,36.776668],[127.469299,36.77667],[127.469299,36.776673],[127.469299,36.776675],[127.469301,36.776677],[127.469303,36.776678],[127.469307,36.776679],[127.46931,36.776678],[127.469312,36.776677],[127.469314,36.776675],[127.469314,36.776673]],[[127.469428,36.776245],[127.469413,36.776241]],[[127.469428,36.776243],[127.469428,36.776241],[127.469426,36.776239],[127.469423,36.776237],[127.46942,36.776237],[127.469417,36.776237],[127.469415,36.776239],[127.469413,36.776241],[127.469413,36.776243],[127.469413,36.776246],[127.469415,36.776248],[127.469417,36.776249],[127.46942,36.776249],[127.469424,36.776249],[127.469426,36.776248],[127.469428,36.776246],[127.469428,36.776243]],[[127.469525,36.77597],[127.46951,36.775966]],[[127.469526,36.775968],[127.469525,36.775966],[127.469523,36.775964],[127.469521,36.775962],[127.469518,36.775962],[127.469515,36.775962],[127.469512,36.775964],[127.469511,36.775966],[127.46951,36.775968],[127.469511,36.77597],[127.469512,36.775972],[127.469515,36.775974],[127.469518,36.775974],[127.469521,36.775974],[127.469523,36.775972],[127.469525,36.77597],[127.469526,36.775968]],[[127.469537,36.775526],[127.469522,36.77553]],[[127.469537,36.775528],[127.469537,36.775526],[127.469535,36.775524],[127.469532,36.775522],[127.469529,36.775522],[127.469526,36.775522],[127.469524,36.775524],[127.469522,36.775526],[127.469522,36.775528],[127.469522,36.775531],[127.469524,36.775533],[127.469526,36.775534],[127.469529,36.775534],[127.469532,36.775534],[127.469535,36.775532],[127.469537,36.77553],[127.469537,36.775528]]]}},{"type":"Feature","properties":{"layer":"진입도로"},"geometry":{"type":"MultiLineString","coordinates":[[[127.460112,36.780662],[127.460492,36.780618],[127.460874,36.780584],[127.461257,36.780561],[127.46164,36.780548],[127.46198,36.780546],[127.462319,36.780551],[127.462659,36.780563],[127.462997,36.780582],[127.463224,36.780599],[127.463184,36.780704],[127.463162,36.780784],[127.462943,36.780763],[127.462593,36.780742],[127.462243,36.780729],[127.461893,36.780725],[127.461542,36.780731],[127.461193,36.780745],[127.460843,36.780768],[127.460495,36.7808],[127.460148,36.78084],[127.460128,36.780843],[127.460029,36.780858],[127.459902,36.780877],[127.459797,36.780892],[127.459618,36.780919],[127.459404,36.780951],[127.459142,36.78099],[127.458943,36.78102],[127.45885,36.781034],[127.458599,36.781071],[127.4584,36.781101],[127.458374,36.781105],[127.458193,36.781157],[127.458146,36.781168],[127.4581,36.781175],[127.457917,36.781204],[127.457812,36.781221],[127.457719,36.781236],[127.457629,36.78125],[127.457467,36.781276],[127.456719,36.781386],[127.456404,36.781431],[127.456048,36.781477],[127.455961,36.78149],[127.455698,36.781529],[127.455526,36.781525],[127.455294,36.781559],[127.455074,36.781592],[127.455064,36.781594],[127.455053,36.781595],[127.455042,36.781597],[127.455031,36.781599],[127.45502,36.7816],[127.455019,36.7816],[127.455008,36.781602],[127.454997,36.781604],[127.454986,36.781605],[127.454975,36.781607],[127.454964,36.781609],[127.454953,36.78161],[127.454942,36.781612],[127.454931,36.781614],[127.45492,36.781615],[127.454909,36.781617],[127.454898,36.781619],[127.454887,36.78162],[127.454876,36.781622],[127.454866,36.781624],[127.454855,36.781625],[127.454844,36.781627],[127.454833,36.781629],[127.454822,36.78163],[127.454812,36.781632],[127.454801,36.781634],[127.45479,36.781636],[127.454779,36.781638],[127.454769,36.781639],[127.454758,36.781641],[127.454747,36.781643],[127.454737,36.781645],[127.454726,36.781647],[127.454715,36.781649],[127.454705,36.781651],[127.454694,36.781653],[127.454683,36.781655],[127.454673,36.781657],[127.454662,36.781659],[127.454652,36.781661],[127.454641,36.781663],[127.454632,36.781665],[127.454621,36.781667],[127.454611,36.781669],[127.4546,36.781671],[127.45459,36.781674],[127.454589,36.781674],[127.454579,36.781676],[127.454568,36.781678],[127.454558,36.781681],[127.454548,36.781683],[127.454537,36.781685],[127.454527,36.781688],[127.454517,36.78169],[127.454506,36.781693],[127.454496,36.781695],[127.454486,36.781698],[127.454476,36.781701],[127.454465,36.781703],[127.454455,36.781706],[127.454445,36.781709],[127.454435,36.781711],[127.454425,36.781714],[127.454414,36.781717],[127.454404,36.78172],[127.454394,36.781723],[127.454384,36.781725],[127.454374,36.781728],[127.454364,36.781731],[127.454354,36.781734],[127.454344,36.781737],[127.454334,36.78174],[127.454323,36.781743],[127.454313,36.781747],[127.454303,36.78175],[127.454293,36.781753],[127.454283,36.781756],[127.454273,36.781759],[127.454264,36.781763],[127.454254,36.781766],[127.454244,36.781769],[127.454234,36.781773],[127.454224,36.781776],[127.454214,36.78178],[127.454204,36.781783],[127.454194,36.781787],[127.454185,36.78179],[127.454175,36.781794],[127.454165,36.781797],[127.454155,36.781801],[127.454145,36.781805],[127.454136,36.781808],[127.454126,36.781812],[127.454116,36.781816],[127.454107,36.78182],[127.454097,36.781823],[127.454087,36.781827],[127.454078,36.781831],[127.454068,36.781835],[127.454059,36.781839],[127.454049,36.781843],[127.45404,36.781847],[127.45403,36.781851],[127.454021,36.781855],[127.454011,36.781859],[127.454002,36.781863],[127.453992,36.781867],[127.453983,36.781872],[127.453973,36.781876],[127.453964,36.78188],[127.453955,36.781884],[127.453945,36.781889],[127.453936,36.781893],[127.453927,36.781897],[127.453917,36.781902],[127.453908,36.781906],[127.453899,36.781911],[127.45389,36.781915],[127.453881,36.78192],[127.453871,36.781924],[127.453862,36.781929],[127.453853,36.781933],[127.453848,36.781936],[127.453839,36.781941],[127.45383,36.781945],[127.453821,36.78195],[127.453812,36.781955],[127.453803,36.78196],[127.453794,36.781964],[127.45379,36.781966],[127.453781,36.781971],[127.453772,36.781976],[127.453763,36.781981],[127.453755,36.781986],[127.453746,36.781991],[127.453737,36.781996],[127.453728,36.782001],[127.453719,36.782006],[127.45371,36.782011],[127.453701,36.782016],[127.453693,36.782021],[127.453684,36.782026],[127.453675,36.782032],[127.453666,36.782037],[127.453658,36.782042],[127.453649,36.782047],[127.45364,36.782053],[127.453631,36.782058],[127.453623,36.782063],[127.453614,36.782069],[127.453605,36.782074],[127.453596,36.782079],[127.453588,36.782085],[127.453579,36.78209],[127.45357,36.782095],[127.453561,36.782101],[127.453553,36.782106],[127.453544,36.782112],[127.453535,36.782117],[127.453526,36.782123],[127.453518,36.782128],[127.453509,36.782134],[127.4535,36.782139],[127.453495,36.782143],[127.453486,36.782148],[127.453477,36.782154],[127.453469,36.78216],[127.45346,36.782165],[127.453451,36.782171],[127.453442,36.782176],[127.453439,36.782178],[127.45343,36.782184],[127.453421,36.78219],[127.453413,36.782195],[127.453404,36.782201],[127.453395,36.782206],[127.453386,36.782212],[127.453377,36.782218],[127.453368,36.782223],[127.453359,36.782229],[127.45335,36.782235],[127.453342,36.78224],[127.453333,36.782246],[127.453324,36.782251],[127.453315,36.782257],[127.453306,36.782263],[127.453297,36.782268],[127.453288,36.782274],[127.453279,36.782279],[127.45327,36.782285],[127.45326,36.78229],[127.453251,36.782296],[127.453242,36.782302],[127.453233,36.782307],[127.453224,36.782313],[127.453215,36.782318],[127.453205,36.782324],[127.453196,36.782329],[127.453187,36.782334],[127.453177,36.78234],[127.453168,36.782345],[127.453159,36.782351],[127.453149,36.782356],[127.45314,36.782362],[127.453134,36.782365],[127.453125,36.78237],[127.453115,36.782376],[127.453105,36.782381],[127.453096,36.782386],[127.453086,36.782391],[127.453077,36.782397],[127.453073,36.782399],[127.453063,36.782404],[127.453053,36.782409],[127.453044,36.782414],[127.453034,36.782419],[127.453024,36.782424],[127.453014,36.782429],[127.453004,36.782434],[127.452994,36.782439],[127.452985,36.782444],[127.452975,36.782449],[127.452965,36.782454],[127.452955,36.782459],[127.452945,36.782463],[127.452935,36.782468],[127.452925,36.782473],[127.452917,36.782477],[127.452915,36.782478],[127.452904,36.782482],[127.452894,36.782487],[127.452884,36.782492],[127.452874,36.782496],[127.452864,36.782501],[127.452854,36.782505],[127.452843,36.78251],[127.452833,36.782514],[127.452823,36.782519],[127.452812,36.782523],[127.452802,36.782527],[127.452792,36.782532],[127.452781,36.782536],[127.452771,36.78254],[127.452761,36.782544],[127.45275,36.782549],[127.45274,36.782553],[127.452729,36.782557],[127.452719,36.782561],[127.452708,36.782565],[127.452698,36.782569],[127.452687,36.782573],[127.452677,36.782577],[127.452666,36.782581],[127.452655,36.782585],[127.452645,36.782588],[127.452634,36.782592],[127.452624,36.782596],[127.452613,36.7826],[127.452602,36.782603],[127.452591,36.782607],[127.452581,36.782611],[127.45257,36.782614],[127.452559,36.782618],[127.452548,36.782621],[127.452538,36.782625],[127.452527,36.782628],[127.452516,36.782632],[127.452505,36.782635],[127.452494,36.782639],[127.452483,36.782642],[127.452472,36.782645],[127.452461,36.782648],[127.45245,36.782652],[127.452439,36.782655],[127.452429,36.782658],[127.452418,36.782661],[127.452407,36.782664],[127.452396,36.782667],[127.452384,36.78267],[127.452373,36.782673],[127.452362,36.782676],[127.452351,36.782679],[127.45234,36.782682],[127.452329,36.782685],[127.452318,36.782687],[127.452307,36.78269],[127.452296,36.782693],[127.452284,36.782696],[127.452273,36.782698],[127.452262,36.782701],[127.452251,36.782703],[127.45224,36.782706],[127.452228,36.782708],[127.452217,36.782711],[127.452206,36.782713],[127.452195,36.782716],[127.452183,36.782718],[127.452172,36.78272],[127.452161,36.782723],[127.45215,36.782725],[127.452138,36.782727],[127.452127,36.782729],[127.452116,36.782731],[127.452104,36.782734],[127.452093,36.782736],[127.452081,36.782738],[127.45207,36.78274],[127.452059,36.782742],[127.452047,36.782743],[127.452036,36.782745],[127.452024,36.782747],[127.452013,36.782749],[127.452002,36.782751],[127.45199,36.782753],[127.451979,36.782754],[127.451967,36.782756],[127.451956,36.782757],[127.451944,36.782759],[127.451933,36.782761],[127.451921,36.782762],[127.45191,36.782764],[127.451898,36.782765],[127.451887,36.782766],[127.451875,36.782768],[127.451864,36.782769],[127.451852,36.78277],[127.451841,36.782772],[127.451829,36.782773],[127.451817,36.782774],[127.451806,36.782775],[127.451794,36.782776],[127.451783,36.782777],[127.451771,36.782778],[127.45176,36.782779],[127.451748,36.78278],[127.451736,36.782781],[127.451725,36.782782],[127.451713,36.782783],[127.451702,36.782784],[127.45169,36.782785],[127.451678,36.782785],[127.451667,36.782786],[127.451655,36.782787],[127.451643,36.782787],[127.451632,36.782788],[127.45162,36.782788],[127.451609,36.782789],[127.451597,36.782789],[127.451585,36.78279],[127.451574,36.78279],[127.451562,36.782791],[127.45155,36.782791],[127.451539,36.782791],[127.451527,36.782791],[127.451515,36.782792],[127.451504,36.782792],[127.451492,36.782792],[127.451481,36.782792],[127.451469,36.782792],[127.451457,36.782792],[127.451446,36.782792],[127.451434,36.782792],[127.451422,36.782792],[127.451411,36.782792],[127.451399,36.782792],[127.451387,36.782791],[127.451376,36.782791],[127.451364,36.782791],[127.451352,36.782791],[127.451341,36.78279],[127.451329,36.78279],[127.451317,36.782789],[127.451306,36.782789],[127.451294,36.782788],[127.451283,36.782788],[127.451271,36.782787],[127.451259,36.782787],[127.451248,36.782786],[127.451236,36.782785],[127.451224,36.782785],[127.451213,36.782784],[127.451201,36.782783],[127.45119,36.782782],[127.451178,36.782781],[127.451166,36.78278],[127.451155,36.782779],[127.451144,36.782778],[127.451132,36.782777],[127.451121,36.782776],[127.451109,36.782775],[127.451098,36.782774],[127.451097,36.782774],[127.451085,36.782773],[127.451074,36.782772],[127.451062,36.78277],[127.451051,36.782769],[127.451039,36.782768],[127.451028,36.782767],[127.451016,36.782765],[127.451005,36.782764],[127.450994,36.782762],[127.450982,36.782761],[127.450971,36.782759],[127.450959,36.782758],[127.450948,36.782756],[127.450937,36.782755],[127.450925,36.782753],[127.450914,36.782752],[127.450903,36.78275],[127.450892,36.782748],[127.45088,36.782747],[127.450869,36.782745],[127.450858,36.782743],[127.450847,36.782742],[127.450835,36.78274],[127.450824,36.782738],[127.450813,36.782736],[127.450802,36.782735],[127.450791,36.782733],[127.45078,36.782731],[127.450769,36.782729],[127.450757,36.782728],[127.450746,36.782726],[127.450735,36.782724],[127.450724,36.782722],[127.450713,36.78272],[127.450702,36.782719],[127.450692,36.782717],[127.450681,36.782715],[127.45067,36.782713],[127.450659,36.782711],[127.450648,36.78271],[127.450483,36.782682],[127.450263,36.782646],[127.450044,36.782609],[127.449824,36.782573],[127.449605,36.782536],[127.449386,36.7825],[127.449166,36.782463],[127.448947,36.782427],[127.448727,36.78239],[127.448508,36.782354],[127.448289,36.782317],[127.448069,36.782281],[127.44785,36.782244],[127.44763,36.782208],[127.447411,36.782171],[127.447191,36.782135],[127.446972,36.782099],[127.446753,36.782062],[127.446533,36.782026],[127.446314,36.781989],[127.446094,36.781953],[127.445875,36.781916],[127.445872,36.781916],[127.445861,36.781914],[127.445857,36.781913],[127.445809,36.781905],[127.445659,36.78188],[127.445656,36.78188],[127.445645,36.781878],[127.445634,36.781876],[127.445623,36.781874],[127.445612,36.781872],[127.445601,36.781871],[127.44559,36.781869],[127.445579,36.781867],[127.445568,36.781865],[127.445557,36.781863],[127.445545,36.781861],[127.445534,36.781859],[127.445523,36.781858],[127.445512,36.781856],[127.445501,36.781854],[127.44549,36.781852],[127.445479,36.78185],[127.445468,36.781848],[127.445457,36.781846],[127.445446,36.781844],[127.445435,36.781842],[127.445424,36.78184],[127.445413,36.781838],[127.445402,36.781836],[127.44539,36.781834],[127.445379,36.781832],[127.445368,36.78183],[127.445357,36.781828],[127.445346,36.781826],[127.445335,36.781824],[127.445324,36.781822],[127.445313,36.781819],[127.445302,36.781817],[127.44529,36.781815],[127.445279,36.781813],[127.445268,36.781811],[127.445257,36.781808],[127.445246,36.781806],[127.445235,36.781804],[127.445224,36.781801],[127.445212,36.781799],[127.445201,36.781797],[127.44519,36.781794],[127.445179,36.781792],[127.445168,36.781789],[127.445157,36.781787],[127.445146,36.781784],[127.445135,36.781782],[127.445127,36.78178],[127.445059,36.781763],[127.444991,36.781745],[127.444987,36.781744],[127.444976,36.781741],[127.444965,36.781738],[127.444954,36.781735],[127.444943,36.781732],[127.444932,36.781729],[127.444921,36.781726],[127.444911,36.781723],[127.4449,36.78172],[127.444889,36.781716],[127.444878,36.781713],[127.444867,36.78171],[127.444856,36.781706],[127.444846,36.781703],[127.444835,36.7817],[127.444824,36.781696],[127.444813,36.781693],[127.444802,36.781689],[127.444792,36.781686],[127.444781,36.781682],[127.44477,36.781679],[127.44476,36.781675],[127.444749,36.781672],[127.444738,36.781668],[127.444728,36.781664],[127.444717,36.781661],[127.444706,36.781657],[127.444696,36.781653],[127.444685,36.781649],[127.444675,36.781646],[127.444664,36.781642],[127.444654,36.781638],[127.444643,36.781634],[127.444633,36.78163],[127.444622,36.781626],[127.444612,36.781622],[127.444601,36.781618],[127.444591,36.781614],[127.44458,36.78161],[127.44457,36.781606],[127.44456,36.781602],[127.444549,36.781598],[127.444539,36.781594],[127.444528,36.781589],[127.444518,36.781585],[127.444508,36.781581],[127.444498,36.781577],[127.444487,36.781572],[127.444477,36.781568],[127.444467,36.781564],[127.444457,36.781559],[127.444446,36.781555],[127.444436,36.78155],[127.444426,36.781546],[127.444416,36.781541],[127.444406,36.781537],[127.444396,36.781532],[127.444386,36.781528],[127.444376,36.781523],[127.444366,36.781519],[127.444356,36.781514],[127.444346,36.781509],[127.444336,36.781504],[127.444326,36.7815],[127.444316,36.781495],[127.444306,36.78149],[127.444296,36.781485],[127.444286,36.78148],[127.444276,36.781476],[127.444266,36.781471],[127.444256,36.781466],[127.444247,36.781461],[127.444237,36.781456],[127.444227,36.781451],[127.444217,36.781446],[127.444208,36.781441],[127.444198,36.781436],[127.444188,36.781431],[127.44402,36.781378],[127.444017,36.781377],[127.444008,36.781372],[127.443998,36.781366],[127.443988,36.781361],[127.443978,36.781356],[127.443969,36.781351],[127.443959,36.781345],[127.443949,36.78134],[127.44394,36.781334],[127.44393,36.781329],[127.44392,36.781324],[127.443911,36.781318],[127.443901,36.781313],[127.443892,36.781307],[127.443882,36.781301],[127.443873,36.781296],[127.443863,36.78129],[127.443854,36.781285],[127.443844,36.781279],[127.443828,36.781269],[127.44382,36.781263],[127.443811,36.781257],[127.443802,36.781251],[127.443793,36.781245],[127.443784,36.781239],[127.443775,36.781232],[127.443766,36.781226],[127.443757,36.78122],[127.443749,36.781214],[127.44374,36.781207],[127.443731,36.781201],[127.443722,36.781195],[127.443714,36.781188],[127.443705,36.781182],[127.443697,36.781175],[127.443688,36.781169],[127.443679,36.781162],[127.443671,36.781156],[127.443662,36.781149],[127.443654,36.781143],[127.443645,36.781136],[127.443637,36.78113],[127.443629,36.781123],[127.44362,36.781117],[127.443612,36.78111],[127.443603,36.781103],[127.443595,36.781096],[127.443587,36.78109],[127.443581,36.781085],[127.443579,36.781083],[127.44357,36.781076],[127.443562,36.781069],[127.443554,36.781063],[127.443546,36.781056],[127.443538,36.781049],[127.44353,36.781042],[127.443522,36.781035],[127.443514,36.781029],[127.443506,36.781022],[127.443498,36.781015],[127.443492,36.781009],[127.443485,36.781003],[127.443477,36.780997],[127.44347,36.78099],[127.443462,36.780983],[127.443454,36.780976],[127.443446,36.780969],[127.443439,36.780962],[127.443431,36.780955],[127.443423,36.780948],[127.443416,36.780941],[127.443408,36.780934],[127.443401,36.780927],[127.443393,36.78092],[127.443386,36.780913],[127.443378,36.780906],[127.443371,36.780899],[127.443363,36.780892],[127.443356,36.780885],[127.443348,36.780878],[127.443341,36.780871],[127.443333,36.780864],[127.443326,36.780857],[127.443319,36.78085],[127.443311,36.780843],[127.443304,36.780836],[127.443297,36.780829],[127.443289,36.780823],[127.443282,36.780816],[127.443275,36.780809],[127.443268,36.780802],[127.44326,36.780795],[127.443253,36.780788],[127.443246,36.780781],[127.443239,36.780774],[127.443232,36.780767],[127.443224,36.78076],[127.443217,36.780753],[127.443216,36.780752],[127.442927,36.780474],[127.442927,36.780473],[127.44292,36.780467],[127.442913,36.78046],[127.442906,36.780453],[127.442899,36.780446],[127.442892,36.78044],[127.442885,36.780433],[127.442878,36.780426],[127.442871,36.780419],[127.442863,36.780412],[127.442856,36.780406],[127.442849,36.780399],[127.442842,36.780392],[127.442835,36.780386],[127.442828,36.780379],[127.442821,36.780373],[127.442814,36.780366],[127.442807,36.78036],[127.4428,36.780353],[127.442793,36.780347],[127.442786,36.780341],[127.442779,36.780334],[127.442772,36.780328],[127.442765,36.780322],[127.442757,36.780316],[127.44275,36.780309],[127.442743,36.780303],[127.442736,36.780297],[127.442729,36.780291],[127.442722,36.780285],[127.442714,36.780279],[127.442707,36.780273],[127.4427,36.780268],[127.442693,36.780262],[127.442692,36.780262],[127.442681,36.780251],[127.442673,36.780245],[127.442666,36.780239],[127.442659,36.780233],[127.442652,36.780228],[127.442645,36.780222],[127.442638,36.780216],[127.442631,36.78021],[127.442624,36.780205],[127.442617,36.780199],[127.442609,36.780193],[127.442602,36.780188],[127.442594,36.780182],[127.442587,36.780177],[127.442579,36.780171],[127.442572,36.780166],[127.442564,36.780161],[127.442557,36.780155],[127.442549,36.78015],[127.442541,36.780145],[127.442533,36.78014],[127.442525,36.780134],[127.442517,36.780129],[127.442509,36.780124],[127.442501,36.780119],[127.442493,36.780114],[127.442485,36.780109],[127.442477,36.780104],[127.442468,36.780098],[127.442467,36.780098],[127.442459,36.780094],[127.44245,36.780089],[127.442441,36.780085],[127.442433,36.780081],[127.442424,36.780077],[127.442415,36.780072],[127.442406,36.780068],[127.442397,36.780064],[127.442389,36.78006],[127.442379,36.780056],[127.442379,36.780056],[127.442255,36.779974],[127.442255,36.779974],[127.442245,36.779971],[127.442235,36.779967],[127.442225,36.779964],[127.442215,36.77996],[127.442205,36.779957],[127.442195,36.779954],[127.442185,36.77995],[127.442175,36.779947],[127.442165,36.779944],[127.442155,36.77994],[127.442145,36.779937],[127.442135,36.779934],[127.442124,36.77993],[127.442114,36.779927],[127.442104,36.779924],[127.442094,36.77992],[127.442083,36.779917],[127.442073,36.779914],[127.442063,36.779911],[127.442052,36.779907],[127.442042,36.779904],[127.442033,36.779901],[127.442031,36.779901],[127.442021,36.779897],[127.44201,36.779894],[127.442,36.779891],[127.44199,36.779887],[127.441979,36.779884],[127.441969,36.779881],[127.441958,36.779877],[127.441947,36.779874],[127.441937,36.779871],[127.441926,36.779867],[127.441916,36.779864],[127.441905,36.77986],[127.441895,36.779857],[127.441884,36.779853],[127.441873,36.77985],[127.441863,36.779846],[127.441852,36.779842],[127.441841,36.779839],[127.441831,36.779835],[127.44182,36.779831],[127.44181,36.779828],[127.441799,36.779824],[127.441788,36.77982],[127.441778,36.779816],[127.441767,36.779812],[127.441756,36.779808],[127.441746,36.779804],[127.441735,36.7798],[127.441724,36.779796],[127.441714,36.779792],[127.441703,36.779788],[127.441693,36.779784],[127.441682,36.779779],[127.441672,36.779775],[127.441661,36.779771],[127.441661,36.77977],[127.441651,36.779766],[127.44164,36.779762],[127.44163,36.779757],[127.441619,36.779752],[127.441609,36.779748],[127.441598,36.779743],[127.441588,36.779738],[127.441578,36.779733],[127.441568,36.779728],[127.441557,36.779723],[127.441547,36.779718],[127.441537,36.779713],[127.441527,36.779708],[127.441517,36.779703],[127.441507,36.779698],[127.441497,36.779693],[127.441487,36.779687],[127.441477,36.779682],[127.441468,36.779676],[127.441458,36.779671],[127.441448,36.779666],[127.441438,36.77966],[127.441429,36.779654],[127.441426,36.779653],[127.441425,36.779652],[127.441377,36.779623],[127.441329,36.779592],[127.441283,36.77956],[127.441239,36.779527],[127.441195,36.779493],[127.441067,36.779378],[127.44106,36.779371],[127.441052,36.779364],[127.441045,36.779356],[127.441038,36.779349],[127.441031,36.779341],[127.441024,36.779334],[127.441017,36.779326],[127.44101,36.779319],[127.441003,36.779311],[127.440996,36.779304],[127.440989,36.779296],[127.440982,36.779288],[127.440975,36.779281],[127.440968,36.779273],[127.440962,36.779266],[127.440955,36.779258],[127.440949,36.779251],[127.440942,36.779243],[127.440935,36.779235],[127.440929,36.779228],[127.440923,36.77922],[127.440916,36.779213],[127.44091,36.779205],[127.440903,36.779197],[127.440897,36.77919],[127.440891,36.779182],[127.440884,36.779175],[127.440878,36.779167],[127.440872,36.77916],[127.440865,36.779152],[127.440859,36.779145],[127.440853,36.779137],[127.440852,36.779136],[127.440847,36.77913],[127.440841,36.779122],[127.440839,36.77912],[127.440837,36.779117],[127.44083,36.77911],[127.440824,36.779103],[127.440818,36.779095],[127.440812,36.779088],[127.440806,36.77908],[127.440799,36.779073],[127.440793,36.779066],[127.440787,36.779058],[127.440781,36.779051],[127.440775,36.779043],[127.440768,36.779036],[127.440762,36.779029],[127.440756,36.779022],[127.44075,36.779014],[127.440743,36.779007],[127.440742,36.779005],[127.440742,36.779005],[127.440741,36.779004],[127.440735,36.778997],[127.440729,36.77899],[127.440722,36.778983],[127.440716,36.778976],[127.44071,36.778969],[127.440703,36.778961],[127.440697,36.778954],[127.44069,36.778947],[127.440684,36.77894],[127.440678,36.778933],[127.440671,36.778926],[127.440665,36.778919],[127.440663,36.778917],[127.440661,36.778915],[127.440654,36.778908],[127.440648,36.778901],[127.440641,36.778894],[127.440634,36.778888],[127.440628,36.778881],[127.440627,36.77888],[127.440591,36.778844],[127.440554,36.778809],[127.44055,36.778805],[127.440543,36.778799],[127.440536,36.778793],[127.440529,36.778786],[127.440522,36.77878],[127.440514,36.778773],[127.440507,36.778767],[127.4405,36.778761],[127.440493,36.778754],[127.440485,36.778748],[127.440478,36.778742],[127.44047,36.778736],[127.440463,36.77873],[127.440455,36.778723],[127.440448,36.778717],[127.44044,36.778711],[127.440433,36.778705],[127.440425,36.778699],[127.440418,36.778693],[127.44041,36.778687],[127.440402,36.778681],[127.440394,36.778675],[127.440387,36.778669],[127.440382,36.778666],[127.440382,36.778666],[127.440375,36.77866],[127.440374,36.77866],[127.440366,36.778654],[127.440358,36.778648],[127.44035,36.778642],[127.440342,36.778636],[127.440334,36.778631],[127.440326,36.778625],[127.440318,36.778619],[127.44031,36.778614],[127.440302,36.778608],[127.440294,36.778602],[127.440285,36.778597],[127.440277,36.778591],[127.440269,36.778586],[127.440261,36.77858],[127.440252,36.778575],[127.440244,36.778569],[127.440236,36.778564],[127.440227,36.778558],[127.440226,36.778557],[127.440224,36.778556],[127.440216,36.778551],[127.440207,36.778546],[127.440199,36.77854],[127.44019,36.778535],[127.440182,36.77853],[127.440173,36.778524],[127.440164,36.778519],[127.440156,36.778514],[127.440147,36.778509],[127.440138,36.778503],[127.44013,36.778498],[127.440121,36.778493],[127.440112,36.778488],[127.440103,36.778483],[127.440095,36.778478],[127.440086,36.778473],[127.440077,36.778468],[127.440068,36.778463],[127.440059,36.778458],[127.44005,36.778453],[127.440041,36.778448],[127.440032,36.778443],[127.440023,36.778438],[127.440014,36.778433],[127.440005,36.778428],[127.439996,36.778423],[127.439987,36.778419],[127.439978,36.778414],[127.439969,36.778409],[127.43996,36.778404],[127.439951,36.778399],[127.439941,36.778395],[127.439932,36.77839],[127.439923,36.778385],[127.439914,36.778381],[127.439904,36.778376],[127.439895,36.778371],[127.439886,36.778367],[127.439877,36.778362],[127.439867,36.778357],[127.439858,36.778353],[127.439849,36.778348],[127.439839,36.778344],[127.43983,36.778339],[127.43982,36.778334],[127.439811,36.77833],[127.439802,36.778325],[127.439792,36.778321],[127.439783,36.778316],[127.439773,36.778312],[127.439764,36.778307],[127.439754,36.778303],[127.439745,36.778299],[127.439735,36.778294],[127.439726,36.77829],[127.439716,36.778285],[127.439707,36.778281],[127.439697,36.778277],[127.439687,36.778272],[127.439681,36.778269],[127.439672,36.778265],[127.439662,36.778261],[127.439652,36.778256],[127.439643,36.778252],[127.439633,36.778248],[127.439623,36.778244],[127.439614,36.778239],[127.439604,36.778235],[127.439594,36.778231],[127.439585,36.778226],[127.439575,36.778222],[127.439573,36.778222],[127.439567,36.778219],[127.43956,36.778216],[127.439554,36.778213],[127.439547,36.778211],[127.43954,36.778209],[127.439533,36.778207],[127.439526,36.778205],[127.439519,36.778204],[127.439512,36.778202],[127.439505,36.778201],[127.439497,36.7782],[127.43949,36.7782],[127.439483,36.778199],[127.439475,36.778199],[127.439468,36.778198],[127.439461,36.778199],[127.439453,36.778199],[127.439446,36.778199],[127.439439,36.7782],[127.439432,36.778201],[127.439424,36.778202],[127.439417,36.778203],[127.43941,36.778205],[127.439403,36.778206],[127.439396,36.778208],[127.439389,36.77821],[127.439382,36.778213],[127.439376,36.778215],[127.439369,36.778218],[127.439362,36.77822],[127.439356,36.778223],[127.43935,36.778227],[127.439344,36.77823],[127.439338,36.778233],[127.439332,36.778237],[127.439326,36.778241],[127.439321,36.778245],[127.439316,36.778249],[127.439311,36.778253],[127.439306,36.778258],[127.439301,36.778262],[127.439296,36.778267],[127.439292,36.778272],[127.439288,36.778277],[127.439284,36.778282],[127.439281,36.778287],[127.439277,36.778292],[127.439274,36.778297],[127.439324,36.778209],[127.439355,36.77814],[127.439383,36.778066],[127.439406,36.77799],[127.439426,36.777915],[127.439432,36.777922],[127.439438,36.777929],[127.439444,36.777936],[127.43945,36.777943],[127.439457,36.777949],[127.439464,36.777955],[127.439472,36.777961],[127.439479,36.777967],[127.439487,36.777973],[127.439495,36.777979],[127.439503,36.777984],[127.439512,36.777989],[127.43952,36.777994],[127.439529,36.777998],[127.439532,36.778],[127.439542,36.778004],[127.439552,36.778008],[127.439562,36.778012],[127.439572,36.778017],[127.439582,36.778021],[127.439592,36.778025],[127.439602,36.778029],[127.439612,36.778034],[127.439622,36.778038],[127.439632,36.778042],[127.439642,36.778046],[127.439652,36.778051],[127.439662,36.778055],[127.439672,36.778059],[127.439682,36.778064],[127.439692,36.778068],[127.439702,36.778073],[127.439712,36.778077],[127.439722,36.778081],[127.439732,36.778086],[127.439742,36.77809],[127.439752,36.778095],[127.439761,36.778099],[127.439771,36.778103],[127.439781,36.778108],[127.439791,36.778112],[127.439798,36.778115],[127.439807,36.77812],[127.439817,36.778124],[127.439827,36.778129],[127.439837,36.778133],[127.439847,36.778138],[127.439857,36.778143],[127.439867,36.778147],[127.439877,36.778152],[127.439886,36.778156],[127.439896,36.778161],[127.439906,36.778166],[127.439916,36.77817],[127.439926,36.778175],[127.439936,36.77818],[127.439945,36.778185],[127.439955,36.778189],[127.439965,36.778194],[127.439975,36.778199],[127.439985,36.778204],[127.439991,36.778207],[127.439991,36.778207],[127.439998,36.77821],[127.440008,36.778215],[127.440017,36.77822],[127.440027,36.778225],[127.440037,36.77823],[127.440046,36.778235],[127.440056,36.77824],[127.440066,36.778245],[127.440072,36.778248],[127.440082,36.778253],[127.440091,36.778258],[127.440101,36.778263],[127.440111,36.778268],[127.44012,36.778273],[127.44013,36.778278],[127.440139,36.778284],[127.440149,36.778289],[127.440158,36.778294],[127.440168,36.778299],[127.440177,36.778305],[127.440187,36.77831],[127.440196,36.778315],[127.440206,36.77832],[127.440215,36.778326],[127.440225,36.778331],[127.440234,36.778337],[127.440243,36.778342],[127.440253,36.778348],[127.440262,36.778353],[127.440271,36.778359],[127.440281,36.778364],[127.44029,36.77837],[127.440299,36.778375],[127.440309,36.778381],[127.440318,36.778387],[127.440327,36.778392],[127.440336,36.778398],[127.440345,36.778404],[127.440354,36.778409],[127.440364,36.778415],[127.440373,36.778421],[127.440382,36.778427],[127.440391,36.778433],[127.4404,36.778439],[127.440409,36.778445],[127.440418,36.778451],[127.440427,36.778457],[127.440436,36.778463],[127.440444,36.778469],[127.440453,36.778475],[127.440462,36.778481],[127.440471,36.778487],[127.44048,36.778494],[127.440488,36.7785],[127.440497,36.778506],[127.440506,36.778512],[127.440514,36.778519],[127.440523,36.778525],[127.440527,36.778528],[127.440532,36.778532],[127.44054,36.778538],[127.440549,36.778544],[127.440557,36.778551],[127.440566,36.778557],[127.440574,36.778564],[127.440582,36.778571],[127.440591,36.778577],[127.440599,36.778584],[127.440607,36.77859],[127.440615,36.778597],[127.440624,36.778604],[127.440632,36.778611],[127.44064,36.778617],[127.440648,36.778624],[127.440656,36.778631],[127.440664,36.778638],[127.440672,36.778645],[127.44068,36.778652],[127.440688,36.778659],[127.440695,36.778666],[127.440703,36.778673],[127.440711,36.77868],[127.440719,36.778687],[127.440726,36.778694],[127.440734,36.778701],[127.440742,36.778708],[127.440749,36.778715],[127.440757,36.778723],[127.440764,36.77873],[127.440772,36.778737],[127.440779,36.778744],[127.440786,36.778752],[127.440794,36.778759],[127.440801,36.778766],[127.440803,36.778768],[127.440808,36.778774],[127.440815,36.778781],[127.440823,36.778789],[127.44083,36.778796],[127.440837,36.778804],[127.440844,36.778811],[127.440851,36.778819],[127.440858,36.778826],[127.440865,36.778833],[127.440871,36.778841],[127.440878,36.778849],[127.440885,36.778856],[127.440892,36.778864],[127.440898,36.778871],[127.440905,36.778879],[127.440912,36.778886],[127.440918,36.778894],[127.440925,36.778901],[127.440931,36.778909],[127.440938,36.778916],[127.440944,36.778924],[127.440951,36.778932],[127.440957,36.778939],[127.440964,36.778947],[127.44097,36.778954],[127.440976,36.778962],[127.440983,36.778969],[127.440989,36.778977],[127.440995,36.778984],[127.441002,36.778992],[127.441008,36.778999],[127.441014,36.779007],[127.44102,36.779014],[127.441027,36.779022],[127.441033,36.77903],[127.441038,36.779036],[127.441039,36.779037],[127.441045,36.779045],[127.441052,36.779052],[127.441058,36.779059],[127.441064,36.779067],[127.44107,36.779074],[127.441076,36.779082],[127.441083,36.779089],[127.441089,36.779096],[127.441095,36.779104],[127.441101,36.779111],[127.441107,36.779118],[127.441114,36.779126],[127.44112,36.779133],[127.441126,36.77914],[127.441132,36.779147],[127.441138,36.779155],[127.441145,36.779162],[127.441151,36.779169],[127.441157,36.779176],[127.441164,36.779183],[127.44117,36.77919],[127.441176,36.779197],[127.441183,36.779204],[127.441189,36.779211],[127.441196,36.779218],[127.441202,36.779225],[127.441208,36.779231],[127.441215,36.779238],[127.441221,36.779245],[127.441228,36.779252],[127.441235,36.779258],[127.441241,36.779265],[127.441248,36.779272],[127.441255,36.779278],[127.441261,36.779285],[127.441268,36.779291],[127.441275,36.779297],[127.441282,36.779304],[127.441289,36.77931],[127.441296,36.779316],[127.441303,36.779323],[127.44131,36.779329],[127.441317,36.779335],[127.441324,36.779341],[127.441331,36.779347],[127.441339,36.779354],[127.441346,36.77936],[127.441353,36.779366],[127.441361,36.779372],[127.441368,36.779378],[127.441376,36.779384],[127.441383,36.779389],[127.441391,36.779395],[127.441399,36.779401],[127.441406,36.779407],[127.441414,36.779412],[127.441422,36.779418],[127.44143,36.779424],[127.441437,36.779429],[127.441445,36.779435],[127.441453,36.77944],[127.441461,36.779446],[127.441469,36.779451],[127.441477,36.779457],[127.441485,36.779462],[127.441494,36.779467],[127.441502,36.779473],[127.44151,36.779478],[127.441518,36.779483],[127.441527,36.779488],[127.441535,36.779493],[127.441543,36.779499],[127.441552,36.779504],[127.44156,36.779509],[127.441569,36.779513],[127.441577,36.779518],[127.441586,36.779523],[127.441595,36.779528],[127.441603,36.779533],[127.441612,36.779538],[127.441621,36.779542],[127.44163,36.779547],[127.441638,36.779551],[127.441647,36.779556],[127.441656,36.779561],[127.441665,36.779565],[127.441674,36.779569],[127.441683,36.779574],[127.441692,36.779578],[127.441701,36.779582],[127.44171,36.779587],[127.441719,36.779591],[127.441728,36.779595],[127.441738,36.779599],[127.441747,36.779603],[127.441756,36.779607],[127.441765,36.779611],[127.441775,36.779615],[127.441784,36.779619],[127.441793,36.779623],[127.441803,36.779626],[127.441812,36.77963],[127.441822,36.779634],[127.441832,36.779638],[127.441841,36.779641],[127.441851,36.779645],[127.441861,36.779649],[127.44187,36.779652],[127.44188,36.779656],[127.44189,36.779659],[127.4419,36.779663],[127.44191,36.779666],[127.44192,36.77967],[127.441929,36.779673],[127.441939,36.779677],[127.441949,36.77968],[127.44196,36.779683],[127.44197,36.779687],[127.44198,36.77969],[127.44199,36.779693],[127.442,36.779697],[127.44201,36.7797],[127.44202,36.779703],[127.442031,36.779707],[127.442041,36.77971],[127.442051,36.779713],[127.442062,36.779717],[127.442072,36.77972],[127.442082,36.779723],[127.442093,36.779726],[127.442103,36.77973],[127.442113,36.779733],[127.442115,36.779733],[127.442124,36.779736],[127.442134,36.77974],[127.442145,36.779743],[127.442155,36.779746],[127.442166,36.779749],[127.442176,36.779753],[127.442187,36.779756],[127.442197,36.77976],[127.442208,36.779763],[127.442218,36.779766],[127.442229,36.77977],[127.44224,36.779773],[127.44225,36.779777],[127.442261,36.77978],[127.442271,36.779784],[127.442282,36.779788],[127.442293,36.779791],[127.442303,36.779795],[127.442314,36.779798],[127.442325,36.779802],[127.442335,36.779806],[127.442346,36.77981],[127.442357,36.779814],[127.442367,36.779817],[127.442378,36.779821],[127.442389,36.779825],[127.442399,36.779829],[127.44241,36.779833],[127.44242,36.779838],[127.442431,36.779842],[127.442442,36.779846],[127.442452,36.77985],[127.442463,36.779855],[127.442473,36.779859],[127.442484,36.779864],[127.442494,36.779868],[127.442504,36.779872],[127.442505,36.779873],[127.442515,36.779877],[127.442526,36.779882],[127.442536,36.779887],[127.442547,36.779892],[127.442557,36.779897],[127.442567,36.779902],[127.442577,36.779907],[127.442588,36.779912],[127.442598,36.779917],[127.442608,36.779922],[127.442783,36.779978],[127.442786,36.779979],[127.442796,36.779985],[127.442806,36.779991],[127.442816,36.779997],[127.442825,36.780003],[127.442835,36.780009],[127.442845,36.780015],[127.442854,36.780022],[127.442864,36.780028],[127.442874,36.780034],[127.442883,36.78004],[127.442893,36.780047],[127.442902,36.780053],[127.442911,36.78006],[127.442926,36.780071],[127.442935,36.780077],[127.442943,36.780084],[127.442952,36.780091],[127.44296,36.780098],[127.442969,36.780105],[127.442977,36.780112],[127.442985,36.780119],[127.442994,36.780126],[127.443002,36.780133],[127.44301,36.78014],[127.443018,36.780147],[127.443026,36.780154],[127.443034,36.780161],[127.443042,36.780168],[127.443049,36.780176],[127.443057,36.780183],[127.443065,36.78019],[127.443073,36.780197],[127.44308,36.780204],[127.443088,36.780211],[127.443095,36.780218],[127.443103,36.780225],[127.44311,36.780232],[127.443118,36.780239],[127.443125,36.780246],[127.443133,36.780253],[127.44314,36.78026],[127.443147,36.780267],[127.443154,36.780274],[127.443162,36.780281],[127.443169,36.780288],[127.443176,36.780295],[127.443183,36.780301],[127.443183,36.780302],[127.443191,36.780309],[127.443198,36.780316],[127.443205,36.780323],[127.443212,36.78033],[127.443219,36.780336],[127.443472,36.78058],[127.443473,36.780581],[127.44348,36.780588],[127.443487,36.780595],[127.443495,36.780602],[127.443502,36.780609],[127.443509,36.780616],[127.443516,36.780623],[127.443523,36.78063],[127.44353,36.780636],[127.443538,36.780643],[127.443545,36.78065],[127.443552,36.780657],[127.443559,36.780664],[127.443566,36.780671],[127.443573,36.780677],[127.44358,36.780684],[127.443587,36.780691],[127.443595,36.780698],[127.443602,36.780704],[127.443609,36.780711],[127.443616,36.780718],[127.443623,36.780724],[127.44363,36.780731],[127.443637,36.780738],[127.443645,36.780744],[127.443652,36.780751],[127.443659,36.780758],[127.443666,36.780764],[127.443673,36.780771],[127.443681,36.780777],[127.443688,36.780784],[127.443695,36.78079],[127.443702,36.780797],[127.443709,36.780803],[127.443717,36.78081],[127.443724,36.780816],[127.443731,36.780823],[127.443738,36.780829],[127.443746,36.780835],[127.443753,36.780842],[127.44376,36.780848],[127.443768,36.780854],[127.443775,36.780861],[127.443782,36.780867],[127.44379,36.780873],[127.443796,36.780878],[127.443802,36.780883],[127.443809,36.780889],[127.443817,36.780896],[127.443818,36.780897],[127.443824,36.780902],[127.443832,36.780908],[127.443839,36.780914],[127.443847,36.78092],[127.443854,36.780926],[127.443862,36.780932],[127.44387,36.780938],[127.443877,36.780944],[127.443885,36.78095],[127.443893,36.780956],[127.4439,36.780962],[127.443908,36.780967],[127.443916,36.780973],[127.443924,36.780979],[127.443931,36.780985],[127.443939,36.780991],[127.443947,36.780997],[127.443955,36.781002],[127.443963,36.781008],[127.443971,36.781014],[127.443979,36.781019],[127.443987,36.781025],[127.443995,36.781031],[127.444003,36.781036],[127.444011,36.781042],[127.444019,36.781048],[127.444027,36.781053],[127.444035,36.781059],[127.444043,36.781064],[127.444043,36.781064],[127.444057,36.781074],[127.444065,36.78108],[127.444073,36.781086],[127.44408,36.781092],[127.444088,36.781098],[127.444096,36.781103],[127.444104,36.781109],[127.444112,36.781115],[127.44412,36.78112],[127.444128,36.781126],[127.444136,36.781132],[127.444144,36.781137],[127.444152,36.781143],[127.44416,36.781149],[127.444169,36.781154],[127.444177,36.78116],[127.444185,36.781165],[127.444193,36.781171],[127.444201,36.781176],[127.44421,36.781182],[127.444218,36.781187],[127.444226,36.781193],[127.444235,36.781198],[127.444243,36.781203],[127.444251,36.781209],[127.44426,36.781214],[127.444268,36.78122],[127.444277,36.781225],[127.444287,36.781232],[127.444287,36.781232],[127.444296,36.781236],[127.444305,36.781241],[127.444314,36.781246],[127.444323,36.781251],[127.444332,36.781256],[127.444341,36.78126],[127.44435,36.781265],[127.444359,36.78127],[127.444368,36.781274],[127.444377,36.781279],[127.444377,36.781279],[127.444496,36.781371],[127.444496,36.781371],[127.444506,36.781375],[127.444515,36.78138],[127.444525,36.781384],[127.444534,36.781388],[127.444544,36.781392],[127.444553,36.781396],[127.444563,36.7814],[127.444572,36.781405],[127.444582,36.781409],[127.444591,36.781413],[127.444601,36.781417],[127.444611,36.781421],[127.44462,36.781425],[127.44463,36.781429],[127.444639,36.781433],[127.444649,36.781437],[127.444659,36.78144],[127.444669,36.781444],[127.444678,36.781448],[127.444688,36.781452],[127.444698,36.781456],[127.444708,36.781459],[127.444717,36.781463],[127.444727,36.781467],[127.444737,36.78147],[127.444747,36.781474],[127.444757,36.781478],[127.444767,36.781481],[127.444776,36.781485],[127.444786,36.781488],[127.444796,36.781492],[127.444806,36.781495],[127.444816,36.781499],[127.444826,36.781502],[127.444836,36.781506],[127.444846,36.781509],[127.444856,36.781512],[127.444866,36.781516],[127.444876,36.781519],[127.444886,36.781522],[127.444896,36.781525],[127.444906,36.781529],[127.444916,36.781532],[127.444926,36.781535],[127.444937,36.781538],[127.444947,36.781541],[127.444957,36.781544],[127.444967,36.781547],[127.444977,36.78155],[127.444987,36.781553],[127.444997,36.781556],[127.445008,36.781559],[127.445018,36.781562],[127.445028,36.781565],[127.445038,36.781568],[127.445049,36.781571],[127.445059,36.781574],[127.445063,36.781575],[127.445126,36.781591],[127.445189,36.781607],[127.445197,36.781608],[127.445207,36.781611],[127.445218,36.781613],[127.445228,36.781616],[127.445239,36.781618],[127.445249,36.78162],[127.44526,36.781623],[127.44527,36.781625],[127.445281,36.781627],[127.445291,36.781629],[127.445302,36.781631],[127.445312,36.781634],[127.445323,36.781636],[127.445334,36.781638],[127.445344,36.78164],[127.445355,36.781642],[127.445365,36.781644],[127.445376,36.781646],[127.445387,36.781648],[127.445397,36.78165],[127.445408,36.781652],[127.445419,36.781654],[127.44543,36.781656],[127.44544,36.781658],[127.445451,36.78166],[127.445462,36.781662],[127.445473,36.781664],[127.445483,36.781666],[127.445483,36.781666],[127.445494,36.781668],[127.445505,36.78167],[127.445516,36.781672],[127.445527,36.781674],[127.445537,36.781676],[127.445548,36.781677],[127.445555,36.781679],[127.445556,36.781679],[127.44557,36.781681],[127.445581,36.781683],[127.445592,36.781685],[127.445603,36.781687],[127.445613,36.781689],[127.445624,36.78169],[127.445635,36.781692],[127.445646,36.781694],[127.445657,36.781696],[127.445668,36.781698],[127.445679,36.7817],[127.44569,36.781701],[127.445701,36.781703],[127.445704,36.781704],[127.445948,36.781744],[127.445948,36.781744],[127.44614,36.781776],[127.446359,36.781813],[127.446579,36.781849],[127.446798,36.781886],[127.447017,36.781922],[127.447237,36.781959],[127.447456,36.781995],[127.447495,36.782002],[127.447676,36.782031],[127.447895,36.782068],[127.448114,36.782104],[127.448334,36.782141],[127.448553,36.782177],[127.448773,36.782214],[127.448992,36.78225],[127.449212,36.782287],[127.449431,36.782323],[127.44965,36.78236],[127.44987,36.782396],[127.449979,36.782414],[127.450089,36.782433],[127.450309,36.782469],[127.450528,36.782506],[127.450693,36.782533],[127.450704,36.782535],[127.450715,36.782537],[127.450726,36.782538],[127.450737,36.78254],[127.450747,36.782542],[127.450758,36.782544],[127.450769,36.782546],[127.45078,36.782547],[127.450791,36.782549],[127.450802,36.782551],[127.450813,36.782553],[127.450823,36.782554],[127.450834,36.782556],[127.450845,36.782558],[127.450856,36.78256],[127.450867,36.782561],[127.450878,36.782563],[127.450888,36.782565],[127.450899,36.782566],[127.45091,36.782568],[127.450921,36.782569],[127.450932,36.782571],[127.450942,36.782573],[127.450953,36.782574],[127.450964,36.782576],[127.450975,36.782577],[127.450985,36.782579],[127.450996,36.78258],[127.451007,36.782582],[127.451018,36.782583],[127.451028,36.782584],[127.451039,36.782586],[127.45105,36.782587],[127.451061,36.782588],[127.451071,36.782589],[127.451082,36.782591],[127.451093,36.782592],[127.451103,36.782593],[127.451114,36.782594],[127.451125,36.782595],[127.451125,36.782595],[127.451136,36.782596],[127.451147,36.782597],[127.451157,36.782598],[127.451168,36.782599],[127.451178,36.7826],[127.451189,36.782601],[127.451199,36.782602],[127.45121,36.782603],[127.451216,36.782603],[127.451221,36.782603],[127.451232,36.782604],[127.451242,36.782605],[127.451253,36.782606],[127.451264,36.782606],[127.451275,36.782607],[127.451285,36.782607],[127.451296,36.782608],[127.451307,36.782608],[127.451317,36.782609],[127.451328,36.782609],[127.451339,36.78261],[127.45135,36.78261],[127.45136,36.78261],[127.451371,36.782611],[127.451382,36.782611],[127.451393,36.782611],[127.451403,36.782611],[127.451414,36.782612],[127.451425,36.782612],[127.451436,36.782612],[127.451446,36.782612],[127.451457,36.782612],[127.451468,36.782612],[127.451479,36.782612],[127.451489,36.782612],[127.4515,36.782612],[127.451511,36.782611],[127.451522,36.782611],[127.451532,36.782611],[127.451543,36.782611],[127.451554,36.78261],[127.451565,36.78261],[127.451575,36.78261],[127.451586,36.782609],[127.451597,36.782609],[127.451608,36.782608],[127.451618,36.782608],[127.451629,36.782607],[127.45164,36.782607],[127.451651,36.782606],[127.451661,36.782606],[127.451672,36.782605],[127.451683,36.782604],[127.451693,36.782603],[127.451704,36.782603],[127.451715,36.782602],[127.451726,36.782601],[127.451736,36.7826],[127.451747,36.782599],[127.451758,36.782598],[127.451768,36.782597],[127.451779,36.782596],[127.45179,36.782595],[127.4518,36.782594],[127.451811,36.782593],[127.451822,36.782592],[127.451832,36.782591],[127.451843,36.782589],[127.451854,36.782588],[127.451864,36.782587],[127.451875,36.782586],[127.451886,36.782584],[127.451896,36.782583],[127.451907,36.782581],[127.451917,36.78258],[127.451928,36.782578],[127.451939,36.782577],[127.451949,36.782575],[127.45196,36.782574],[127.45197,36.782572],[127.451981,36.78257],[127.451991,36.782569],[127.452002,36.782567],[127.452012,36.782565],[127.452023,36.782563],[127.452033,36.782562],[127.452044,36.78256],[127.452054,36.782558],[127.452065,36.782556],[127.452075,36.782554],[127.452086,36.782552],[127.452096,36.78255],[127.452107,36.782548],[127.452117,36.782546],[127.452128,36.782544],[127.452138,36.782541],[127.452148,36.782539],[127.452159,36.782537],[127.452169,36.782535],[127.45218,36.782532],[127.45219,36.78253],[127.4522,36.782528],[127.452211,36.782525],[127.452221,36.782523],[127.452231,36.78252],[127.452241,36.782518],[127.452331,36.782494],[127.452419,36.782469],[127.452507,36.78244],[127.452593,36.78241],[127.452677,36.782376],[127.452742,36.782349],[127.45276,36.782341],[127.452842,36.782303],[127.452922,36.782263],[127.452931,36.782258],[127.45294,36.782253],[127.452949,36.782249],[127.452952,36.782247],[127.452961,36.782242],[127.45297,36.782237],[127.452979,36.782232],[127.452988,36.782227],[127.452996,36.782222],[127.453005,36.782217],[127.453011,36.782214],[127.45302,36.782209],[127.453028,36.782204],[127.453037,36.782199],[127.453046,36.782194],[127.453055,36.782189],[127.453064,36.782184],[127.453072,36.782178],[127.453081,36.782173],[127.45309,36.782168],[127.453099,36.782163],[127.453108,36.782157],[127.453116,36.782152],[127.453125,36.782147],[127.453134,36.782141],[127.453143,36.782136],[127.453151,36.782131],[127.45316,36.782125],[127.453169,36.78212],[127.453177,36.782114],[127.453186,36.782109],[127.453195,36.782104],[127.453204,36.782098],[127.453212,36.782093],[127.453221,36.782087],[127.45323,36.782082],[127.453239,36.782076],[127.453247,36.782071],[127.453256,36.782065],[127.453265,36.782059],[127.453274,36.782054],[127.453282,36.782048],[127.453291,36.782043],[127.4533,36.782037],[127.453303,36.782035],[127.453312,36.782029],[127.453321,36.782024],[127.45333,36.782018],[127.453338,36.782013],[127.453347,36.782007],[127.453356,36.782001],[127.453362,36.781998],[127.45337,36.781992],[127.453379,36.781987],[127.453388,36.781981],[127.453397,36.781975],[127.453406,36.78197],[127.453415,36.781964],[127.453424,36.781959],[127.453433,36.781953],[127.453442,36.781947],[127.453451,36.781942],[127.45346,36.781936],[127.453469,36.781931],[127.453478,36.781925],[127.453487,36.78192],[127.453496,36.781914],[127.453505,36.781908],[127.453515,36.781903],[127.453524,36.781897],[127.453533,36.781892],[127.453542,36.781886],[127.453552,36.781881],[127.453561,36.781875],[127.45357,36.78187],[127.45358,36.781865],[127.453589,36.781859],[127.453598,36.781854],[127.453608,36.781848],[127.453617,36.781843],[127.453627,36.781838],[127.453636,36.781832],[127.453646,36.781827],[127.453656,36.781822],[127.453665,36.781817],[127.453669,36.781815],[127.453679,36.781809],[127.453688,36.781804],[127.453698,36.781799],[127.453708,36.781794],[127.453718,36.781789],[127.453728,36.781784],[127.453734,36.781781],[127.453744,36.781776],[127.453753,36.781771],[127.453763,36.781766],[127.453773,36.781761],[127.453783,36.781756],[127.453793,36.781751],[127.453803,36.781747],[127.453813,36.781742],[127.453823,36.781737],[127.453833,36.781732],[127.453843,36.781728],[127.453854,36.781723],[127.453864,36.781719],[127.453874,36.781714],[127.453884,36.781709],[127.453894,36.781705],[127.453905,36.781701],[127.453915,36.781696],[127.453925,36.781692],[127.453935,36.781687],[127.453946,36.781683],[127.453956,36.781679],[127.453966,36.781674],[127.453977,36.78167],[127.453987,36.781666],[127.453998,36.781662],[127.454008,36.781658],[127.454019,36.781654],[127.454029,36.781649],[127.45404,36.781645],[127.45405,36.781641],[127.454061,36.781637],[127.454071,36.781634],[127.454082,36.78163],[127.454093,36.781626],[127.454103,36.781622],[127.454114,36.781618],[127.454124,36.781614],[127.454135,36.781611],[127.454146,36.781607],[127.454157,36.781603],[127.454167,36.7816],[127.454178,36.781596],[127.454189,36.781593],[127.4542,36.781589],[127.45421,36.781586],[127.454221,36.781582],[127.454232,36.781579],[127.454243,36.781575],[127.454254,36.781572],[127.454265,36.781569],[127.454276,36.781565],[127.454287,36.781562],[127.454298,36.781559],[127.454309,36.781556],[127.45432,36.781553],[127.454331,36.781549],[127.454342,36.781546],[127.454353,36.781543],[127.454364,36.78154],[127.454375,36.781537],[127.454386,36.781535],[127.454397,36.781532],[127.454408,36.781529],[127.454419,36.781526],[127.45443,36.781523],[127.454441,36.78152],[127.454452,36.781518],[127.454464,36.781515],[127.454475,36.781512],[127.454486,36.78151],[127.454497,36.781507],[127.454508,36.781505],[127.45452,36.781502],[127.454531,36.7815],[127.454532,36.7815],[127.454543,36.781497],[127.454554,36.781495],[127.454566,36.781492],[127.454577,36.78149],[127.454587,36.781488],[127.454598,36.781486],[127.45461,36.781484],[127.454621,36.781481],[127.454632,36.781479],[127.454643,36.781477],[127.454655,36.781475],[127.454666,36.781473],[127.454677,36.781471],[127.454688,36.781469],[127.4547,36.781467],[127.454711,36.781465],[127.454722,36.781463],[127.454733,36.781461],[127.454744,36.781459],[127.454756,36.781458],[127.454767,36.781456],[127.454778,36.781454],[127.454789,36.781452],[127.4548,36.78145],[127.454811,36.781448],[127.454823,36.781447],[127.454834,36.781445],[127.454845,36.781443],[127.454856,36.781442],[127.454867,36.78144],[127.454878,36.781438],[127.454889,36.781436],[127.4549,36.781435],[127.454912,36.781433],[127.454923,36.781431],[127.454934,36.78143],[127.454945,36.781428],[127.454956,36.781426],[127.454967,36.781425],[127.454978,36.781423],[127.454979,36.781423],[127.45499,36.781421],[127.455001,36.78142],[127.455012,36.781418],[127.455023,36.781417],[127.455033,36.781415],[127.455253,36.781382],[127.455474,36.78135],[127.455694,36.781317],[127.455791,36.781302],[127.455791,36.781302],[127.456001,36.781271],[127.456694,36.781155],[127.457094,36.781096],[127.457289,36.78107],[127.457897,36.780989],[127.458117,36.780956],[127.458338,36.780924],[127.458558,36.780891],[127.458778,36.780858],[127.458858,36.780846],[127.458998,36.780825],[127.459219,36.780793],[127.459439,36.78076],[127.459659,36.780727],[127.45988,36.780694],[127.459946,36.780684],[127.460112,36.780662]],[[127.469476,36.775517],[127.470114,36.775422],[127.470449,36.775391],[127.473213,36.774979],[127.473543,36.77492],[127.473865,36.774843],[127.474179,36.774749],[127.474484,36.774637],[127.474779,36.774508],[127.475062,36.774364],[127.475332,36.774203],[127.475589,36.774027],[127.479411,36.771215],[127.479555,36.771114],[127.479704,36.771019],[127.479857,36.77093],[127.480016,36.770846],[127.480178,36.77077],[127.480345,36.770699],[127.480515,36.770634],[127.480689,36.770576],[127.480866,36.770525],[127.481045,36.77048],[127.481227,36.770442],[127.481412,36.77041],[127.481598,36.770386],[127.481787,36.770368],[127.481976,36.770357],[127.482167,36.770354],[127.48246,36.770354],[127.485823,36.770354],[127.485874,36.770354],[127.485885,36.770354],[127.485896,36.770354],[127.485907,36.770354],[127.485918,36.770354],[127.485929,36.770354],[127.48594,36.770354],[127.485951,36.770354],[127.485963,36.770354],[127.485974,36.770354],[127.485985,36.770354],[127.485996,36.770354],[127.486007,36.770354],[127.486018,36.770353],[127.486029,36.770353],[127.48604,36.770353],[127.486051,36.770353],[127.486062,36.770353],[127.486073,36.770353],[127.486084,36.770353],[127.486095,36.770352],[127.486106,36.770352],[127.486117,36.770352],[127.486128,36.770352],[127.486139,36.770351],[127.48615,36.770351],[127.486161,36.770351],[127.486172,36.77035],[127.486183,36.77035],[127.486193,36.77035],[127.486204,36.770349],[127.486215,36.770349],[127.486226,36.770348],[127.486237,36.770348],[127.486248,36.770347],[127.486259,36.770347],[127.486269,36.770346],[127.48628,36.770345],[127.486291,36.770345],[127.486299,36.770344],[127.4865,36.770326],[127.486699,36.770298],[127.486896,36.770258],[127.487089,36.770208],[127.487093,36.770207],[127.487103,36.770204],[127.487113,36.770201],[127.487123,36.770198],[127.487134,36.770195],[127.487144,36.770192],[127.487154,36.770189],[127.487164,36.770186],[127.487174,36.770183],[127.487184,36.770179],[127.487194,36.770176],[127.487205,36.770173],[127.487215,36.77017],[127.487225,36.770166],[127.487235,36.770163],[127.487245,36.77016],[127.487255,36.770156],[127.487265,36.770153],[127.487276,36.77015],[127.487286,36.770146],[127.487296,36.770143],[127.487306,36.770139],[127.487316,36.770136],[127.487326,36.770132],[127.487336,36.770129],[127.487346,36.770125],[127.487357,36.770122],[127.487367,36.770118],[127.487377,36.770115],[127.487387,36.770111],[127.487397,36.770107],[127.487407,36.770104],[127.487418,36.7701],[127.487428,36.770097],[127.487438,36.770093],[127.487448,36.770089],[127.487458,36.770086],[127.487468,36.770082],[127.487478,36.770078],[127.487489,36.770075],[127.487499,36.770071],[127.487509,36.770067],[127.487519,36.770064],[127.487527,36.770061],[127.491995,36.768448],[127.491995,36.768448],[127.492005,36.768444],[127.492016,36.768441],[127.492026,36.768437],[127.492036,36.768433],[127.492046,36.76843],[127.492056,36.768426],[127.492067,36.768422],[127.492077,36.768419],[127.492087,36.768415],[127.492097,36.768411],[127.492107,36.768408],[127.492117,36.768404],[127.492127,36.7684],[127.492138,36.768396],[127.492148,36.768393],[127.492158,36.768389],[127.492168,36.768385],[127.492178,36.768382],[127.492188,36.768378],[127.492198,36.768374],[127.492208,36.76837],[127.492218,36.768367],[127.492228,36.768363],[127.492238,36.768359],[127.492248,36.768355],[127.492258,36.768352],[127.492268,36.768348],[127.492278,36.768344],[127.492288,36.76834],[127.492298,36.768336],[127.492308,36.768332],[127.492318,36.768329],[127.492328,36.768325],[127.492338,36.768321],[127.492347,36.768317],[127.492357,36.768313],[127.492367,36.768309],[127.492377,36.768305],[127.492387,36.768301],[127.492396,36.768297],[127.492406,36.768293],[127.492416,36.768289],[127.492426,36.768285],[127.492435,36.768281],[127.492445,36.768277],[127.492455,36.768273],[127.492464,36.768269],[127.492612,36.768203],[127.492756,36.768131],[127.492896,36.768055],[127.493031,36.767974],[127.493162,36.767889],[127.493288,36.7678],[127.493408,36.767706],[127.493524,36.767609],[127.493635,36.767507],[127.49374,36.767402],[127.493839,36.767293],[127.493933,36.767181],[127.49402,36.767065],[127.494102,36.766946],[127.494178,36.766825],[127.494247,36.7667]],[[127.469541,36.775719],[127.469935,36.77566],[127.470261,36.775593],[127.473429,36.775121],[127.47378,36.775058],[127.474125,36.774976],[127.47446,36.774875],[127.474785,36.774756],[127.4751,36.774619],[127.475402,36.774464],[127.475691,36.774293],[127.475965,36.774105],[127.479736,36.771329],[127.479871,36.771235],[127.48001,36.771146],[127.480154,36.771063],[127.480301,36.770985],[127.480453,36.770913],[127.480609,36.770847],[127.480768,36.770787],[127.48093,36.770733],[127.481095,36.770685],[127.481263,36.770643],[127.481433,36.770607],[127.481606,36.770578],[127.48178,36.770555],[127.481956,36.770538],[127.482133,36.770528],[127.482311,36.770525],[127.48246,36.770525],[127.485823,36.770525],[127.485874,36.770525],[127.485885,36.770525],[127.485896,36.770525],[127.485907,36.770525],[127.485919,36.770525],[127.48593,36.770525],[127.485941,36.770525],[127.485953,36.770525],[127.485964,36.770525],[127.485975,36.770525],[127.485987,36.770525],[127.485998,36.770525],[127.486009,36.770525],[127.486021,36.770525],[127.486032,36.770525],[127.486043,36.770524],[127.486055,36.770524],[127.486066,36.770524],[127.486077,36.770524],[127.486089,36.770524],[127.4861,36.770523],[127.486112,36.770523],[127.486123,36.770523],[127.486135,36.770523],[127.486146,36.770522],[127.486157,36.770522],[127.486169,36.770522],[127.48618,36.770521],[127.486192,36.770521],[127.486203,36.770521],[127.486215,36.77052],[127.486226,36.77052],[127.486238,36.770519],[127.486249,36.770519],[127.486261,36.770518],[127.486272,36.770518],[127.486284,36.770517],[127.486295,36.770516],[127.486307,36.770516],[127.486315,36.770515],[127.48653,36.770496],[127.486744,36.770465],[127.486954,36.770423],[127.487161,36.77037],[127.487165,36.770368],[127.487176,36.770365],[127.487187,36.770362],[127.487198,36.770359],[127.487208,36.770355],[127.487219,36.770352],[127.48723,36.770349],[127.487241,36.770345],[127.487251,36.770342],[127.487262,36.770339],[127.487273,36.770335],[127.487283,36.770332],[127.487294,36.770329],[127.487305,36.770325],[127.487315,36.770322],[127.487326,36.770318],[127.487337,36.770315],[127.487347,36.770311],[127.487358,36.770308],[127.487368,36.770304],[127.487379,36.7703],[127.487389,36.770297],[127.4874,36.770293],[127.48741,36.77029],[127.487421,36.770286],[127.487431,36.770282],[127.487441,36.770279],[127.487452,36.770275],[127.487462,36.770271],[127.487473,36.770268],[127.487483,36.770264],[127.487493,36.77026],[127.487504,36.770257],[127.487514,36.770253],[127.487524,36.770249],[127.487535,36.770246],[127.487545,36.770242],[127.487555,36.770238],[127.487565,36.770235],[127.487576,36.770231],[127.487586,36.770227],[127.487596,36.770224],[127.487606,36.77022],[127.487615,36.770217],[127.492082,36.768604],[127.492082,36.768604],[127.492093,36.768601],[127.492103,36.768597],[127.492113,36.768593],[127.492123,36.76859],[127.492133,36.768586],[127.492144,36.768582],[127.492154,36.768578],[127.492164,36.768575],[127.492174,36.768571],[127.492185,36.768567],[127.492195,36.768564],[127.492205,36.76856],[127.492216,36.768556],[127.492226,36.768552],[127.492236,36.768548],[127.492246,36.768545],[127.492257,36.768541],[127.492267,36.768537],[127.492277,36.768533],[127.492287,36.768529],[127.492298,36.768526],[127.492308,36.768522],[127.492318,36.768518],[127.492329,36.768514],[127.492339,36.76851],[127.492349,36.768506],[127.492359,36.768502],[127.49237,36.768498],[127.49238,36.768494],[127.49239,36.768491],[127.4924,36.768487],[127.492411,36.768483],[127.492421,36.768479],[127.492431,36.768474],[127.492441,36.76847],[127.492452,36.768466],[127.492462,36.768462],[127.492472,36.768458],[127.492482,36.768454],[127.492493,36.76845],[127.492503,36.768446],[127.492513,36.768441],[127.492523,36.768437],[127.492533,36.768433],[127.492544,36.768429],[127.492554,36.768424],[127.492563,36.768421],[127.492717,36.768352],[127.492867,36.768278],[127.493012,36.768199],[127.493153,36.768115],[127.493289,36.768027],[127.49342,36.767935],[127.493546,36.767838],[127.493667,36.767737],[127.493782,36.767632],[127.493892,36.767524],[127.493996,36.767411],[127.494094,36.767295],[127.494187,36.767176],[127.494273,36.767053],[127.494352,36.766927],[127.494426,36.766798]]]}},{"type":"Feature","properties":{"layer":"갈탄천"},"geometry":{"type":"MultiLineString","coordinates":[[[127.467789,36.782608],[127.467809,36.782428]],[[127.467809,36.782428],[127.46782,36.782338]],[[127.46848,36.780661],[127.468465,36.780723]],[[127.468465,36.780723],[127.468406,36.780682]],[[127.468406,36.780682],[127.46848,36.780661]],[[127.466172,36.786782],[127.466164,36.786782]],[[127.46782,36.782338],[127.467936,36.78133]],[[127.467936,36.78133],[127.46794,36.781306],[127.467948,36.781284],[127.467958,36.781262],[127.467972,36.781241]],[[127.468398,36.780835],[127.468262,36.780964]],[[127.468075,36.78114],[127.467996,36.781214],[127.46799,36.781221],[127.467983,36.781227],[127.467978,36.781234],[127.467972,36.781241]],[[127.46782,36.782338],[127.467786,36.782635]],[[127.467928,36.781154],[127.468404,36.780705]],[[127.467925,36.781152],[127.468402,36.780703]],[[127.46629,36.786907],[127.466255,36.786874],[127.466225,36.78684],[127.466204,36.786802],[127.466191,36.786763],[127.466186,36.786721],[127.466189,36.786314],[127.466189,36.786294],[127.46619,36.786273],[127.466192,36.786253],[127.466194,36.786233],[127.466296,36.785344]],[[127.467703,36.782797],[127.467691,36.782813],[127.467678,36.782829],[127.467664,36.782845],[127.467648,36.782859],[127.467489,36.782999],[127.467462,36.783021],[127.467433,36.783042],[127.467402,36.783062],[127.46737,36.783079],[127.46737,36.78308],[127.467323,36.783089]],[[127.467755,36.782605],[127.467902,36.781327],[127.467907,36.781301],[127.467916,36.781275],[127.467928,36.781251],[127.467943,36.781227],[127.467941,36.781207]],[[127.466288,36.786912],[127.466251,36.786876],[127.466221,36.786842],[127.466199,36.786804],[127.466186,36.786763],[127.466181,36.786721],[127.466184,36.786314],[127.466184,36.786293],[127.466185,36.786273],[127.466187,36.786253],[127.466189,36.786233],[127.466327,36.78503],[127.46632,36.784994]],[[127.466405,36.784258],[127.466422,36.784223],[127.466426,36.784187],[127.466446,36.784024],[127.466446,36.78402],[127.466447,36.784016],[127.466447,36.784013],[127.466448,36.784009],[127.466452,36.78398],[127.46646,36.783951],[127.46647,36.783923],[127.466483,36.783896],[127.466482,36.783877]],[[127.466303,36.786877],[127.466282,36.786825],[127.466269,36.786806],[127.466259,36.786787],[127.466253,36.786766],[127.46625,36.786745],[127.46625,36.786734],[127.46625,36.786722],[127.46625,36.78671],[127.46625,36.786699],[127.466239,36.786519],[127.466235,36.786338],[127.466236,36.786295],[127.466237,36.786251],[127.466239,36.786208],[127.466242,36.786164],[127.466262,36.785985],[127.466278,36.785805],[127.466305,36.785626],[127.466304,36.785567],[127.466291,36.785444],[127.466296,36.785344],[127.466309,36.785264],[127.466334,36.785085],[127.46636,36.784906],[127.466375,36.784726],[127.466457,36.784551],[127.466462,36.784371],[127.466433,36.784224],[127.466437,36.784188],[127.466455,36.784024],[127.466456,36.784021],[127.466456,36.784017],[127.466457,36.784014],[127.466457,36.78401]],[[127.467323,36.783089],[127.467367,36.783076],[127.467367,36.783076],[127.467399,36.783058],[127.467429,36.783039],[127.467458,36.783018],[127.467485,36.782996],[127.467644,36.782856],[127.46766,36.782842],[127.467674,36.782827],[127.467687,36.782811],[127.467699,36.782795]],[[127.46775,36.782605],[127.467897,36.781327],[127.467902,36.7813],[127.467911,36.781274],[127.467923,36.781249],[127.467939,36.781225],[127.467941,36.781207]],[[127.466286,36.786918],[127.466246,36.78688],[127.466215,36.786844],[127.466193,36.786806],[127.466179,36.786764],[127.466175,36.786721],[127.466177,36.786314],[127.466177,36.786293],[127.466178,36.786273],[127.46618,36.786252],[127.466182,36.786232],[127.46632,36.78503],[127.466314,36.784993]],[[127.466398,36.784258],[127.466415,36.784223],[127.466419,36.784187],[127.466439,36.784023],[127.466439,36.784019],[127.46644,36.784016],[127.46644,36.784012],[127.466441,36.784008],[127.466446,36.783979],[127.466453,36.78395],[127.466464,36.783922],[127.466477,36.783894],[127.466476,36.783875]],[[127.467319,36.783084],[127.467363,36.783072],[127.467364,36.783071],[127.467395,36.783054],[127.467425,36.783035],[127.467453,36.783014],[127.46748,36.782992],[127.467639,36.782853],[127.467655,36.782839],[127.467669,36.782824],[127.467681,36.782808],[127.467693,36.782792]],[[127.467744,36.782604],[127.46789,36.781326],[127.467895,36.781299],[127.467904,36.781272],[127.467917,36.781247],[127.467933,36.781222],[127.467935,36.781204]],[[127.466257,36.786987],[127.466187,36.78692],[127.466148,36.786876],[127.46612,36.786827],[127.466102,36.786775],[127.466097,36.786721],[127.466099,36.786313],[127.4661,36.786292],[127.466101,36.78627],[127.466102,36.786248],[127.466104,36.786226],[127.466243,36.785024],[127.466262,36.78499]],[[127.466347,36.784253],[127.466335,36.784217],[127.466358,36.784017],[127.466364,36.783979],[127.466374,36.783942],[127.466388,36.783905],[127.466405,36.783869],[127.466429,36.783857]],[[127.467626,36.78276],[127.467626,36.78276],[127.467617,36.782774],[127.467606,36.782787],[127.467595,36.782799],[127.467582,36.782811],[127.467423,36.78295],[127.4674,36.782969],[127.467375,36.782987],[127.467349,36.783004],[127.467322,36.783019],[127.467318,36.78302],[127.46729,36.78305]],[[127.467666,36.782598],[127.467813,36.781321],[127.467819,36.781286],[127.46783,36.781253],[127.467846,36.781221],[127.467866,36.78119],[127.467893,36.78118]],[[127.466259,36.786983],[127.466191,36.786917],[127.466152,36.786874],[127.466124,36.786826],[127.466107,36.786774],[127.466102,36.786721],[127.466104,36.786313],[127.466105,36.786292],[127.466106,36.78627],[127.466107,36.786248],[127.46611,36.786227],[127.466248,36.785025],[127.466262,36.78499]],[[127.466347,36.784254],[127.46634,36.784217],[127.466363,36.784017],[127.466369,36.78398],[127.466379,36.783943],[127.466393,36.783906],[127.46641,36.783871],[127.466429,36.783857]],[[127.46729,36.78305],[127.467321,36.783024],[127.467324,36.783022],[127.467352,36.783007],[127.467378,36.78299],[127.467403,36.782972],[127.467427,36.782953],[127.467586,36.782813],[127.467599,36.782801],[127.46761,36.782789],[127.467621,36.782776],[127.467631,36.782762]],[[127.467671,36.782599],[127.467818,36.781321],[127.467824,36.781287],[127.467835,36.781254],[127.467851,36.781222],[127.467871,36.781192],[127.467893,36.78118]],[[127.466261,36.786976],[127.466196,36.786914],[127.466158,36.786871],[127.466131,36.786824],[127.466114,36.786773],[127.466109,36.786721],[127.466111,36.786313],[127.466112,36.786292],[127.466113,36.78627],[127.466114,36.786249],[127.466116,36.786227],[127.466254,36.785025],[127.466269,36.78499]],[[127.466353,36.784254],[127.466347,36.784218],[127.46637,36.784018],[127.466376,36.783981],[127.466386,36.783944],[127.466399,36.783908],[127.466416,36.783873],[127.466435,36.783859]],[[127.467294,36.783055],[127.467325,36.783028],[127.467328,36.783027],[127.467356,36.783011],[127.467383,36.782994],[127.467408,36.782976],[127.467432,36.782957],[127.467591,36.782817],[127.467604,36.782805],[127.467616,36.782792],[127.467627,36.782779],[127.467636,36.782765]],[[127.467678,36.782599],[127.467825,36.781322],[127.467831,36.781288],[127.467842,36.781256],[127.467857,36.781225],[127.467877,36.781195],[127.467899,36.781183]],[[127.467899,36.781183],[127.467904,36.781178],[127.467909,36.781172],[127.467914,36.781167],[127.467919,36.781162],[127.468408,36.780701]],[[127.467965,36.781179],[127.467925,36.781152],[127.468405,36.780699],[127.468444,36.780726],[127.467965,36.781179]],[[127.466269,36.78499],[127.466353,36.784254]],[[127.466435,36.783859],[127.466466,36.783814],[127.466503,36.783772],[127.466545,36.783733],[127.466593,36.783698],[127.466785,36.783573],[127.466819,36.783549],[127.46685,36.783522],[127.466879,36.783493],[127.466904,36.783463],[127.467093,36.783214],[127.467131,36.783171],[127.467174,36.783131],[127.467222,36.783095],[127.467275,36.783064],[127.467294,36.783055]],[[127.466266,36.78499],[127.46635,36.784254]],[[127.466432,36.783858],[127.466463,36.783812],[127.4665,36.78377],[127.466543,36.783731],[127.466591,36.783696],[127.466782,36.783571],[127.466816,36.783547],[127.466848,36.78352],[127.466876,36.783492],[127.466901,36.783461],[127.46709,36.783213],[127.467128,36.783169],[127.467171,36.783129],[127.46722,36.783093],[127.467274,36.783062],[127.467292,36.783053]],[[127.466314,36.784993],[127.466398,36.784258]],[[127.466476,36.783875],[127.466504,36.783833],[127.466538,36.783794],[127.466577,36.783758],[127.466621,36.783726],[127.466813,36.783601],[127.46685,36.783575],[127.466884,36.783546],[127.466915,36.783515],[127.466942,36.783482],[127.467131,36.783233],[127.467166,36.783193],[127.467206,36.783156],[127.46725,36.783123],[127.4673,36.783094],[127.467319,36.783084]],[[127.467935,36.781204],[127.46794,36.781199],[127.467944,36.781194],[127.467949,36.78119],[127.467953,36.781185],[127.468442,36.780725]],[[127.467321,36.783087],[127.467301,36.783097],[127.467253,36.783125],[127.467208,36.783158],[127.467169,36.783194],[127.467134,36.783234],[127.466945,36.783483],[127.466918,36.783516],[127.466886,36.783548],[127.466852,36.783577],[127.466815,36.783603],[127.466623,36.783728],[127.46658,36.78376],[127.466541,36.783796],[127.466507,36.783834],[127.466479,36.783876]],[[127.466401,36.784258],[127.466317,36.784994]],[[127.467044,36.783353],[127.467114,36.783261]],[[127.466317,36.784994],[127.466401,36.784258]],[[127.466327,36.78503],[127.466345,36.784905],[127.466365,36.784726],[127.46639,36.784547],[127.46641,36.784367],[127.466414,36.78424]],[[127.466646,36.783722],[127.466818,36.783607],[127.466855,36.78358],[127.46689,36.783551],[127.466922,36.783519],[127.46695,36.783485],[127.466967,36.783463],[127.467044,36.783353]],[[127.466646,36.783722],[127.466691,36.783695],[127.466737,36.78367],[127.466785,36.783645],[127.466833,36.783622],[127.466882,36.783592],[127.466927,36.783558],[127.466967,36.783521],[127.467003,36.78348],[127.467131,36.783332],[127.467163,36.783288],[127.46718,36.783262],[127.467199,36.783237],[127.467218,36.783213],[127.467237,36.783189],[127.46726,36.783166],[127.467286,36.783144],[127.467313,36.783125],[127.467343,36.783107]],[[127.467234,36.783193],[127.467216,36.783183]],[[127.467222,36.783208],[127.467202,36.783198]],[[127.46721,36.783223],[127.467189,36.783212]],[[127.467198,36.783238],[127.467176,36.783227]],[[127.467187,36.783254],[127.46714,36.783232]],[[127.467175,36.783269],[127.467151,36.783258]],[[127.467164,36.783285],[127.467139,36.783274]],[[127.467153,36.783301],[127.467128,36.783289]],[[127.467142,36.783316],[127.467116,36.783304]],[[127.467131,36.783332],[127.467078,36.783308]],[[127.467118,36.783347],[127.467094,36.783333]],[[127.467105,36.783362],[127.467082,36.783348]],[[127.467093,36.783376],[127.467069,36.783363]],[[127.46708,36.783391],[127.467057,36.783379]],[[127.467067,36.783406],[127.467024,36.783382]],[[127.467054,36.783421],[127.467034,36.783409]],[[127.467041,36.783435],[127.467022,36.783424]],[[127.467029,36.78345],[127.46701,36.78344]],[[127.467016,36.783465],[127.466998,36.783455]],[[127.467003,36.78348],[127.466969,36.783461]],[[127.466991,36.783495],[127.466974,36.783486]],[[127.466978,36.78351],[127.466962,36.7835]],[[127.466964,36.783524],[127.466949,36.783514]],[[127.46695,36.783538],[127.466936,36.783528]],[[127.466935,36.783551],[127.466909,36.783532]],[[127.466919,36.783564],[127.466908,36.783555]],[[127.466903,36.783577],[127.466892,36.783568]],[[127.466887,36.783589],[127.466877,36.78358]],[[127.46687,36.783601],[127.466861,36.783592]],[[127.466852,36.783612],[127.466836,36.783595]],[[127.466834,36.783622],[127.466827,36.783614]],[[127.466814,36.783631],[127.466809,36.783624]],[[127.466795,36.78364],[127.46679,36.783634]],[[127.466776,36.78365],[127.466772,36.783645]],[[127.466757,36.783659],[127.466751,36.783652]],[[127.466738,36.783669],[127.466736,36.783666]],[[127.466719,36.783679],[127.466718,36.783677]],[[127.466701,36.783689],[127.4667,36.783688]],[[127.466683,36.7837],[127.466682,36.783699]],[[127.466665,36.783711],[127.466664,36.78371]],[[127.467247,36.783178],[127.46722,36.783157]],[[127.467262,36.783164],[127.467251,36.783155]],[[127.467278,36.783151],[127.467269,36.783142]],[[127.467294,36.783138],[127.467289,36.783133]],[[127.467312,36.783126],[127.46731,36.783123]],[[127.466257,36.786987],[127.466303,36.786877]],[[127.466304,36.785567],[127.466291,36.785444],[127.466296,36.785344]],[[127.46629,36.786907],[127.466286,36.78691]],[[127.466276,36.786893],[127.466274,36.786894]],[[127.466261,36.786879],[127.466259,36.786881]],[[127.466247,36.786865],[127.466245,36.786867]],[[127.466234,36.786851],[127.466232,36.786852]],[[127.466222,36.786835],[127.466218,36.786837]],[[127.466212,36.786819],[127.46621,36.78682]],[[127.466204,36.786803],[127.466202,36.786803]],[[127.466197,36.786785],[127.466195,36.786786]],[[127.466192,36.786768],[127.466189,36.786768]],[[127.466188,36.78675],[127.466183,36.786751]],[[127.466187,36.786732],[127.466184,36.786732]],[[127.466186,36.786714],[127.466184,36.786714]],[[127.466187,36.786696],[127.466184,36.786696]],[[127.466187,36.786678],[127.466184,36.786678]],[[127.466187,36.78666],[127.466182,36.78666]],[[127.466187,36.786642],[127.466184,36.786642]],[[127.466187,36.786624],[127.466184,36.786624]],[[127.466187,36.786606],[127.466185,36.786606]],[[127.466187,36.786588],[127.466185,36.786588]],[[127.466187,36.78657],[127.466182,36.78657]],[[127.466187,36.786552],[127.466185,36.786552]],[[127.466188,36.786534],[127.466185,36.786534]],[[127.466188,36.786516],[127.466185,36.786516]],[[127.466188,36.786498],[127.466185,36.786498]],[[127.466188,36.78648],[127.466183,36.78648]],[[127.466188,36.786462],[127.466185,36.786462]],[[127.466188,36.786444],[127.466185,36.786444]],[[127.466188,36.786426],[127.466186,36.786426]],[[127.466188,36.786408],[127.466186,36.786408]],[[127.466188,36.78639],[127.466183,36.78639]],[[127.466188,36.786372],[127.466186,36.786372]],[[127.466189,36.786354],[127.466186,36.786354]],[[127.466189,36.786336],[127.466186,36.786336]],[[127.466189,36.786318],[127.466186,36.786318]],[[127.466189,36.7863],[127.466184,36.7863]],[[127.46619,36.786282],[127.466187,36.786281]],[[127.466191,36.786264],[127.466188,36.786263]],[[127.466192,36.786246],[127.46619,36.786245]],[[127.466194,36.786228],[127.466192,36.786227]],[[127.466196,36.78621],[127.466191,36.786209]],[[127.466198,36.786192],[127.466196,36.786192]],[[127.466201,36.786174],[127.466198,36.786174]],[[127.466203,36.786156],[127.4662,36.786156]],[[127.466205,36.786138],[127.466202,36.786138]],[[127.466207,36.78612],[127.466202,36.78612]],[[127.466209,36.786102],[127.466206,36.786102]],[[127.466211,36.786084],[127.466208,36.786084]],[[127.466213,36.786066],[127.46621,36.786066]],[[127.466215,36.786048],[127.466212,36.786048]],[[127.466217,36.78603],[127.466212,36.78603]],[[127.466219,36.786012],[127.466216,36.786012]],[[127.466221,36.785994],[127.466219,36.785994]],[[127.466223,36.785976],[127.466221,36.785976]],[[127.466225,36.785958],[127.466223,36.785958]],[[127.466227,36.785941],[127.466222,36.78594]],[[127.466229,36.785923],[127.466227,36.785922]],[[127.466231,36.785905],[127.466229,36.785904]],[[127.466233,36.785887],[127.466231,36.785886]],[[127.466236,36.785869],[127.466233,36.785869]],[[127.466238,36.785851],[127.466232,36.78585]],[[127.46624,36.785833],[127.466237,36.785833]],[[127.466242,36.785815],[127.466239,36.785815]],[[127.466244,36.785797],[127.466241,36.785797]],[[127.466246,36.785779],[127.466243,36.785779]],[[127.466248,36.785761],[127.466243,36.785761]],[[127.46625,36.785743],[127.466247,36.785743]],[[127.466252,36.785725],[127.466249,36.785725]],[[127.466254,36.785707],[127.466252,36.785707]],[[127.466256,36.785689],[127.466254,36.785689]],[[127.466258,36.785671],[127.466253,36.785671]],[[127.46626,36.785653],[127.466258,36.785653]],[[127.466262,36.785635],[127.46626,36.785635]],[[127.466264,36.785617],[127.466262,36.785617]],[[127.466266,36.7856],[127.466264,36.785599]],[[127.466269,36.785582],[127.466263,36.785581]],[[127.466271,36.785564],[127.466268,36.785563]],[[127.466273,36.785546],[127.46627,36.785546]],[[127.466275,36.785528],[127.466272,36.785528]],[[127.466277,36.78551],[127.466274,36.78551]],[[127.466279,36.785492],[127.466274,36.785491]],[[127.466281,36.785474],[127.466278,36.785474]],[[127.466283,36.785456],[127.46628,36.785456]],[[127.466285,36.785438],[127.466282,36.785438]],[[127.466287,36.78542],[127.466284,36.78542]],[[127.466289,36.785402],[127.466284,36.785402]],[[127.466291,36.785384],[127.466289,36.785384]],[[127.466293,36.785366],[127.466291,36.785366]],[[127.466295,36.785348],[127.466293,36.785348]],[[127.466302,36.785585],[127.466303,36.785585]],[[127.4663,36.785603],[127.466302,36.785603]],[[127.466298,36.785621],[127.466301,36.785621]],[[127.466296,36.785639],[127.466299,36.785639]],[[127.466294,36.785657],[127.4663,36.785657]],[[127.466292,36.785675],[127.466294,36.785675]],[[127.46629,36.785693],[127.466292,36.785693]],[[127.466287,36.78571],[127.46629,36.785711]],[[127.466285,36.785728],[127.466287,36.785729]],[[127.466283,36.785746],[127.466287,36.785747]],[[127.466281,36.785764],[127.466283,36.785764]],[[127.466279,36.785782],[127.46628,36.785782]],[[127.466277,36.7858],[127.466278,36.7858]],[[127.466275,36.785818],[127.466276,36.785818]],[[127.466273,36.785836],[127.466275,36.785836]],[[127.466271,36.785854],[127.466272,36.785854]],[[127.466269,36.785872],[127.46627,36.785872]],[[127.466267,36.78589],[127.466269,36.78589]],[[127.466265,36.785908],[127.466267,36.785908]],[[127.466263,36.785926],[127.466267,36.785926]],[[127.466261,36.785944],[127.466263,36.785944]],[[127.466259,36.785962],[127.466261,36.785962]],[[127.466257,36.78598],[127.466259,36.78598]],[[127.466254,36.785998],[127.466257,36.785998]],[[127.466252,36.786016],[127.466259,36.786016]],[[127.46625,36.786033],[127.466253,36.786034]],[[127.466248,36.786051],[127.466251,36.786052]],[[127.466246,36.786069],[127.466249,36.78607]],[[127.466244,36.786087],[127.466247,36.786088]],[[127.466242,36.786105],[127.466249,36.786106]],[[127.46624,36.786123],[127.466243,36.786123]],[[127.466238,36.786141],[127.466241,36.786141]],[[127.466236,36.786159],[127.466239,36.786159]],[[127.466234,36.786177],[127.466238,36.786177]],[[127.466232,36.786195],[127.46624,36.786196]],[[127.46623,36.786213],[127.466234,36.786213]],[[127.466228,36.786231],[127.466233,36.786231]],[[127.466226,36.786249],[127.466232,36.786249]],[[127.466224,36.786267],[127.46623,36.786267]],[[127.466223,36.786285],[127.466236,36.786285]],[[127.466223,36.786303],[127.466229,36.786303]],[[127.466222,36.786321],[127.466229,36.786321]],[[127.466222,36.786339],[127.466228,36.786339]],[[127.466222,36.786357],[127.466229,36.786357]],[[127.466222,36.786375],[127.466236,36.786375]],[[127.466222,36.786393],[127.466229,36.786393]],[[127.466222,36.786411],[127.466229,36.786411]],[[127.466222,36.786429],[127.466229,36.786429]],[[127.466222,36.786447],[127.46623,36.786447]],[[127.466222,36.786465],[127.466238,36.786465]],[[127.466221,36.786483],[127.46623,36.786483]],[[127.466221,36.786501],[127.46623,36.786501]],[[127.466221,36.786519],[127.46623,36.786519]],[[127.466221,36.786537],[127.466231,36.786537]],[[127.466221,36.786555],[127.466241,36.786555]],[[127.466221,36.786573],[127.466232,36.786573]],[[127.466221,36.786591],[127.466232,36.786591]],[[127.466221,36.786609],[127.466233,36.786609]],[[127.466221,36.786627],[127.466233,36.786627]],[[127.46622,36.786645],[127.466247,36.786645]],[[127.46622,36.786663],[127.466234,36.786663]],[[127.46622,36.786681],[127.466235,36.786681]],[[127.46622,36.786699],[127.466235,36.786699]],[[127.46622,36.786717],[127.466235,36.786717]],[[127.466221,36.786735],[127.46625,36.786734]],[[127.466223,36.786753],[127.466237,36.786752]],[[127.466227,36.786771],[127.46624,36.786768]],[[127.466233,36.786788],[127.466245,36.786785]],[[127.466241,36.786805],[127.466253,36.786801]],[[127.466251,36.786821],[127.466273,36.786812]],[[127.466263,36.786837],[127.466273,36.786831]],[[127.466276,36.786851],[127.466283,36.786847]],[[127.46629,36.786865],[127.466293,36.786863]],[[127.466262,36.78499],[127.466269,36.78499]],[[127.466314,36.784993],[127.46632,36.784994]],[[127.466243,36.786973],[127.466245,36.786972]],[[127.466228,36.78696],[127.46623,36.786958]],[[127.466214,36.786946],[127.466216,36.786944]],[[127.466199,36.786932],[127.466201,36.786931]],[[127.466185,36.786918],[127.466189,36.786916]],[[127.466171,36.786904],[127.466173,36.786903]],[[127.466158,36.786889],[127.46616,36.786888]],[[127.466147,36.786874],[127.466149,36.786873]],[[127.466136,36.786858],[127.466138,36.786857]],[[127.466127,36.786842],[127.466132,36.78684]],[[127.466119,36.786825],[127.466121,36.786824]],[[127.466112,36.786808],[127.466114,36.786807]],[[127.466106,36.78679],[127.466109,36.78679]],[[127.466102,36.786772],[127.466104,36.786772]],[[127.466099,36.786755],[127.466104,36.786754]],[[127.466097,36.786737],[127.4661,36.786737]],[[127.466097,36.786719],[127.466099,36.786719]],[[127.466097,36.786701],[127.466099,36.786701]],[[127.466097,36.786683],[127.4661,36.786683]],[[127.466097,36.786665],[127.466102,36.786665]],[[127.466097,36.786647],[127.4661,36.786647]],[[127.466097,36.786629],[127.4661,36.786629]],[[127.466097,36.786611],[127.4661,36.786611]],[[127.466098,36.786593],[127.4661,36.786593]],[[127.466098,36.786574],[127.466103,36.786575]],[[127.466098,36.786556],[127.4661,36.786556]],[[127.466098,36.786538],[127.4661,36.786538]],[[127.466098,36.78652],[127.466101,36.78652]],[[127.466098,36.786502],[127.466101,36.786502]],[[127.466098,36.786484],[127.466103,36.786484]],[[127.466098,36.786466],[127.466101,36.786466]],[[127.466098,36.786448],[127.466101,36.786448]],[[127.466099,36.78643],[127.466101,36.78643]],[[127.466099,36.786412],[127.466101,36.786412]],[[127.466099,36.786394],[127.466104,36.786394]],[[127.466099,36.786376],[127.466101,36.786376]],[[127.466099,36.786358],[127.466102,36.786358]],[[127.466099,36.78634],[127.466102,36.78634]],[[127.466099,36.786322],[127.466102,36.786322]],[[127.466099,36.786304],[127.466104,36.786304]],[[127.4661,36.786286],[127.466102,36.786286]],[[127.466101,36.786268],[127.466103,36.786268]],[[127.466102,36.78625],[127.466105,36.78625]],[[127.466104,36.786232],[127.466106,36.786232]],[[127.466106,36.786214],[127.466111,36.786215]],[[127.466108,36.786196],[127.46611,36.786196]],[[127.46611,36.786178],[127.466113,36.786179]],[[127.466112,36.78616],[127.466115,36.786161]],[[127.466114,36.786142],[127.466117,36.786143]],[[127.466116,36.786125],[127.466121,36.786125]],[[127.466118,36.786107],[127.466121,36.786107]],[[127.46612,36.786089],[127.466123,36.786089]],[[127.466122,36.786071],[127.466125,36.786071]],[[127.466124,36.786053],[127.466127,36.786053]],[[127.466126,36.786035],[127.466132,36.786035]],[[127.466129,36.786017],[127.466131,36.786017]],[[127.466131,36.785999],[127.466133,36.785999]],[[127.466133,36.785981],[127.466135,36.785981]],[[127.466135,36.785963],[127.466137,36.785963]],[[127.466137,36.785945],[127.466142,36.785945]],[[127.466139,36.785927],[127.466141,36.785927]],[[127.466141,36.785909],[127.466143,36.785909]],[[127.466143,36.785891],[127.466146,36.785891]],[[127.466145,36.785873],[127.466148,36.785873]],[[127.466147,36.785855],[127.466152,36.785856]],[[127.466149,36.785837],[127.466152,36.785838]],[[127.466151,36.785819],[127.466154,36.78582]],[[127.466153,36.785801],[127.466156,36.785802]],[[127.466155,36.785784],[127.466158,36.785784]],[[127.466157,36.785766],[127.466163,36.785766]],[[127.466159,36.785748],[127.466162,36.785748]],[[127.466162,36.78573],[127.466164,36.78573]],[[127.466164,36.785712],[127.466166,36.785712]],[[127.466166,36.785694],[127.466168,36.785694]],[[127.466168,36.785676],[127.466173,36.785676]],[[127.46617,36.785658],[127.466172,36.785658]],[[127.466172,36.78564],[127.466174,36.78564]],[[127.466174,36.785622],[127.466176,36.785622]],[[127.466176,36.785604],[127.466178,36.785604]],[[127.466178,36.785586],[127.466183,36.785587]],[[127.46618,36.785568],[127.466183,36.785568]],[[127.466182,36.78555],[127.466185,36.78555]],[[127.466184,36.785532],[127.466187,36.785532]],[[127.466186,36.785514],[127.466189,36.785515]],[[127.466188,36.785496],[127.466193,36.785497]],[[127.46619,36.785478],[127.466193,36.785479]],[[127.466192,36.785461],[127.466195,36.785461]],[[127.466194,36.785443],[127.466197,36.785443]],[[127.466197,36.785425],[127.466199,36.785425]],[[127.466199,36.785407],[127.466204,36.785407]],[[127.466201,36.785389],[127.466203,36.785389]],[[127.466203,36.785371],[127.466205,36.785371]],[[127.466205,36.785353],[127.466207,36.785353]],[[127.466207,36.785335],[127.466209,36.785335]],[[127.466209,36.785317],[127.466214,36.785317]],[[127.466211,36.785299],[127.466214,36.785299]],[[127.466213,36.785281],[127.466216,36.785281]],[[127.466215,36.785263],[127.466218,36.785263]],[[127.466217,36.785245],[127.46622,36.785245]],[[127.466219,36.785227],[127.466224,36.785228]],[[127.466221,36.785209],[127.466224,36.785209]],[[127.466223,36.785191],[127.466226,36.785192]],[[127.466225,36.785173],[127.466228,36.785174]],[[127.466227,36.785155],[127.46623,36.785156]],[[127.46623,36.785138],[127.466235,36.785138]],[[127.466232,36.78512],[127.466234,36.78512]],[[127.466234,36.785102],[127.466236,36.785102]],[[127.466236,36.785084],[127.466238,36.785084]],[[127.466238,36.785066],[127.46624,36.785066]],[[127.46624,36.785048],[127.466245,36.785048]],[[127.466242,36.78503],[127.466244,36.78503]],[[127.466249,36.785013],[127.46625,36.785014]],[[127.466258,36.784997],[127.466259,36.784997]],[[127.467323,36.783089],[127.467319,36.783084]],[[127.467294,36.783055],[127.46729,36.78305]],[[127.466457,36.78401],[127.466468,36.783974],[127.466485,36.78394],[127.466508,36.783909],[127.466536,36.783879],[127.466544,36.783867],[127.466565,36.783829],[127.466588,36.783792],[127.466616,36.783756],[127.466646,36.783722]],[[127.466457,36.78401],[127.466479,36.783978],[127.466502,36.783947],[127.466526,36.783916],[127.466552,36.783887],[127.466576,36.783846],[127.466599,36.783805],[127.466622,36.783764],[127.466646,36.783722]],[[127.466468,36.783994],[127.466465,36.783993]],[[127.466479,36.783978],[127.466474,36.783976]],[[127.46649,36.783963],[127.466483,36.78396]],[[127.466502,36.783948],[127.466494,36.783944]],[[127.466514,36.783932],[127.466496,36.783923]],[[127.466526,36.783917],[127.466517,36.783912]],[[127.466538,36.783902],[127.46653,36.783898]],[[127.466551,36.783888],[127.466544,36.783883]],[[127.466561,36.783871],[127.466553,36.783868]],[[127.46657,36.783855],[127.466553,36.783849]],[[127.46658,36.783838],[127.466571,36.783835]],[[127.466589,36.783822],[127.466581,36.783819]],[[127.466598,36.783806],[127.466591,36.783803]],[[127.466608,36.783789],[127.466601,36.783787]],[[127.466617,36.783773],[127.466606,36.783769]],[[127.466626,36.783757],[127.466622,36.783755]],[[127.466636,36.78374],[127.466633,36.783739]],[[127.466645,36.783724],[127.466645,36.783724]],[[127.466296,36.785344],[127.466291,36.785343]],[[127.466299,36.785326],[127.466296,36.785325]],[[127.466302,36.785308],[127.466298,36.785307]],[[127.466305,36.78529],[127.466301,36.78529]],[[127.466308,36.785272],[127.466303,36.785272]],[[127.466311,36.785254],[127.466301,36.785253]],[[127.466313,36.785236],[127.466308,36.785236]],[[127.466315,36.785218],[127.46631,36.785218]],[[127.466318,36.7852],[127.466313,36.7852]],[[127.46632,36.785183],[127.466315,36.785182]],[[127.466323,36.785165],[127.466311,36.785164]],[[127.466325,36.785147],[127.466319,36.785146]],[[127.466328,36.785129],[127.466322,36.785128]],[[127.46633,36.785111],[127.466324,36.78511]],[[127.466333,36.785093],[127.466326,36.785092]],[[127.466335,36.785075],[127.466322,36.785074]],[[127.466338,36.785057],[127.466331,36.785057]],[[127.466341,36.785039],[127.466333,36.785039]],[[127.466343,36.785021],[127.466336,36.785021]],[[127.466346,36.785003],[127.466338,36.785003]],[[127.466348,36.784986],[127.466333,36.784984]],[[127.466351,36.784968],[127.466343,36.784967]],[[127.466353,36.78495],[127.466346,36.784949]],[[127.466356,36.784932],[127.466348,36.784931]],[[127.466358,36.784914],[127.466351,36.784913]],[[127.46636,36.784896],[127.466346,36.784895]],[[127.466362,36.784878],[127.466355,36.784878]],[[127.466363,36.78486],[127.466357,36.78486]],[[127.466365,36.784842],[127.466358,36.784842]],[[127.466366,36.784824],[127.46636,36.784824]],[[127.466368,36.784806],[127.466356,36.784805]],[[127.466369,36.784788],[127.466364,36.784788]],[[127.466371,36.78477],[127.466366,36.78477]],[[127.466372,36.784752],[127.466367,36.784752]],[[127.466374,36.784734],[127.466369,36.784734]],[[127.466379,36.784717],[127.466367,36.784713]],[[127.466387,36.7847],[127.466378,36.784697]],[[127.466395,36.784683],[127.466383,36.78468]],[[127.466403,36.784666],[127.466389,36.784662]],[[127.466411,36.784649],[127.466394,36.784644]],[[127.466419,36.784633],[127.46638,36.784621]],[[127.466426,36.784616],[127.466404,36.784609]],[[127.466434,36.784599],[127.466409,36.784591]],[[127.466442,36.784582],[127.466415,36.784574]],[[127.46645,36.784565],[127.46642,36.784556]],[[127.466457,36.784548],[127.46639,36.784547]],[[127.466457,36.78453],[127.466424,36.784529]],[[127.466458,36.784512],[127.466426,36.784511]],[[127.466458,36.784494],[127.466427,36.784493]],[[127.466459,36.784476],[127.466428,36.784475]],[[127.466459,36.784458],[127.4664,36.784457]],[[127.46646,36.78444],[127.466431,36.784439]],[[127.46646,36.784422],[127.466432,36.784421]],[[127.466461,36.784404],[127.466433,36.784403]],[[127.466461,36.784386],[127.466435,36.784385]],[[127.466461,36.784368],[127.466409,36.784374]],[[127.466458,36.78435],[127.466434,36.784353]],[[127.466454,36.784332],[127.466433,36.784335]],[[127.466451,36.784314],[127.466431,36.784317]],[[127.466447,36.784297],[127.46643,36.784299]],[[127.466444,36.784279],[127.466413,36.784283]],[[127.46644,36.784261],[127.466427,36.784263]],[[127.466437,36.784243],[127.466425,36.784245]],[[127.466433,36.784225],[127.466427,36.784226]],[[127.466435,36.784207],[127.466429,36.784207]],[[127.466437,36.78419],[127.466426,36.784189]],[[127.466439,36.784172],[127.466433,36.784171]],[[127.466441,36.784154],[127.466436,36.784153]],[[127.466443,36.784136],[127.466438,36.784135]],[[127.466445,36.784118],[127.46644,36.784117]],[[127.466447,36.7841],[127.466437,36.784099]],[[127.466449,36.784082],[127.466444,36.784081]],[[127.466451,36.784064],[127.466446,36.784064]],[[127.466453,36.784046],[127.466448,36.784046]],[[127.466455,36.784028],[127.46645,36.784028]],[[127.466457,36.78401],[127.466448,36.784009]],[[127.466476,36.783922],[127.466471,36.78392]],[[127.466484,36.783905],[127.466481,36.783904]],[[127.466341,36.784236],[127.466342,36.784236]],[[127.466336,36.784218],[127.466338,36.784218]],[[127.466337,36.7842],[127.46634,36.784201]],[[127.466339,36.784183],[127.466342,36.784183]],[[127.466341,36.784165],[127.466346,36.784165]],[[127.466343,36.784147],[127.466346,36.784147]],[[127.466345,36.784129],[127.466348,36.784129]],[[127.466347,36.784111],[127.46635,36.784111]],[[127.466349,36.784093],[127.466352,36.784093]],[[127.466352,36.784075],[127.466357,36.784075]],[[127.466354,36.784057],[127.466356,36.784057]],[[127.466356,36.784039],[127.466358,36.784039]],[[127.466358,36.784021],[127.46636,36.784021]],[[127.46636,36.784003],[127.466363,36.784003]],[[127.466363,36.783985],[127.466368,36.783986]],[[127.466367,36.783968],[127.46637,36.783968]],[[127.466372,36.78395],[127.466374,36.78395]],[[127.466377,36.783932],[127.46638,36.783933]],[[127.466384,36.783915],[127.466386,36.783916]],[[127.466391,36.783898],[127.466396,36.783899]],[[127.466399,36.783881],[127.466401,36.783882]],[[127.467839,36.782427],[127.467838,36.78243],[127.467834,36.782454],[127.467829,36.782477],[127.467823,36.7825],[127.467817,36.782523],[127.467812,36.782545],[127.467808,36.782566],[127.467805,36.782587],[127.467804,36.782609],[127.467805,36.782642],[127.467803,36.782675],[127.467796,36.782707],[127.467785,36.782739],[127.467775,36.782756],[127.467765,36.782775],[127.467757,36.782793],[127.46775,36.782812],[127.46774,36.782839],[127.467727,36.782865],[127.467712,36.78289],[127.467695,36.782914],[127.467616,36.782983],[127.467526,36.783048],[127.467499,36.783062],[127.46747,36.783074],[127.467441,36.783086],[127.467412,36.783097],[127.467343,36.783107]],[[127.467622,36.782766],[127.467624,36.782767]],[[127.46761,36.782781],[127.467615,36.782784]],[[127.467597,36.782796],[127.467599,36.782797]],[[127.467583,36.78281],[127.467585,36.782811]],[[127.467568,36.782823],[127.46757,36.782825]],[[127.467553,36.782836],[127.467554,36.782838]],[[127.467537,36.78285],[127.467541,36.782853]],[[127.467522,36.782863],[127.467524,36.782864]],[[127.467507,36.782876],[127.467509,36.782878]],[[127.467492,36.78289],[127.467494,36.782891]],[[127.467477,36.782903],[127.467479,36.782904]],[[127.467462,36.782916],[127.467466,36.782919]],[[127.467447,36.782929],[127.467448,36.782931]],[[127.467431,36.782943],[127.467433,36.782944]],[[127.467416,36.782956],[127.467418,36.782957]],[[127.4674,36.782969],[127.467402,36.78297]],[[127.467384,36.782981],[127.467387,36.782984]],[[127.467367,36.782993],[127.467368,36.782994]],[[127.467349,36.783004],[127.467351,36.783005]],[[127.467331,36.783014],[127.467332,36.783016]],[[127.467314,36.783025],[127.467315,36.783026]],[[127.4673,36.78304],[127.467301,36.78304]],[[127.46771,36.782784],[127.467708,36.782784]],[[127.467701,36.782801],[127.467696,36.782799]],[[127.467689,36.782816],[127.467687,36.782815]],[[127.467677,36.782831],[127.467675,36.78283]],[[127.467663,36.782845],[127.467661,36.782844]],[[127.467648,36.782859],[127.467647,36.782858]],[[127.467633,36.782872],[127.46763,36.782869]],[[127.467618,36.782886],[127.467616,36.782884]],[[127.467603,36.782899],[127.467601,36.782897]],[[127.467588,36.782912],[127.467586,36.782911]],[[127.467573,36.782925],[127.467571,36.782924]],[[127.467558,36.782939],[127.467554,36.782936]],[[127.467542,36.782952],[127.467541,36.782951]],[[127.467527,36.782965],[127.467525,36.782964]],[[127.467512,36.782979],[127.46751,36.782977]],[[127.467497,36.782992],[127.467495,36.78299]],[[127.467482,36.783005],[127.467478,36.783002]],[[127.467466,36.783018],[127.467464,36.783016]],[[127.46745,36.78303],[127.467448,36.783029]],[[127.467433,36.783042],[127.467431,36.783041]],[[127.467416,36.783053],[127.467414,36.783052]],[[127.467398,36.783064],[127.467395,36.783061]],[[127.467379,36.783075],[127.467378,36.783073]],[[127.467359,36.783082],[127.467359,36.78308]],[[127.467337,36.783086],[127.467337,36.783085]],[[127.467668,36.782584],[127.46767,36.782585]],[[127.46767,36.782566],[127.467672,36.782567]],[[127.467672,36.782549],[127.467674,36.782549]],[[127.467674,36.782531],[127.467679,36.782531]],[[127.467676,36.782513],[127.467679,36.782513]],[[127.467678,36.782495],[127.467681,36.782495]],[[127.46768,36.782477],[127.467683,36.782477]],[[127.467682,36.782459],[127.467685,36.782459]],[[127.467684,36.782441],[127.467689,36.782441]],[[127.467686,36.782423],[127.467689,36.782423]],[[127.467688,36.782405],[127.467691,36.782405]],[[127.46769,36.782387],[127.467693,36.782387]],[[127.467692,36.782369],[127.467695,36.782369]],[[127.467695,36.782351],[127.4677,36.782351]],[[127.467697,36.782333],[127.467699,36.782333]],[[127.467699,36.782315],[127.467701,36.782315]],[[127.467701,36.782297],[127.467703,36.782297]],[[127.467703,36.782279],[127.467705,36.78228]],[[127.467705,36.782261],[127.46771,36.782262]],[[127.467707,36.782243],[127.467709,36.782244]],[[127.467709,36.782225],[127.467712,36.782226]],[[127.467711,36.782208],[127.467714,36.782208]],[[127.467713,36.78219],[127.467716,36.78219]],[[127.467715,36.782172],[127.46772,36.782172]],[[127.467717,36.782154],[127.46772,36.782154]],[[127.467719,36.782136],[127.467722,36.782136]],[[127.467721,36.782118],[127.467724,36.782118]],[[127.467723,36.7821],[127.467726,36.7821]],[[127.467725,36.782082],[127.467731,36.782082]],[[127.467727,36.782064],[127.46773,36.782064]],[[127.46773,36.782046],[127.467732,36.782046]],[[127.467732,36.782028],[127.467734,36.782028]],[[127.467734,36.78201],[127.467736,36.78201]],[[127.467736,36.781992],[127.467741,36.781993]],[[127.467738,36.781974],[127.46774,36.781974]],[[127.46774,36.781956],[127.467742,36.781957]],[[127.467742,36.781938],[127.467744,36.781939]],[[127.467744,36.78192],[127.467747,36.781921]],[[127.467746,36.781902],[127.467751,36.781903]],[[127.467748,36.781885],[127.467751,36.781885]],[[127.46775,36.781867],[127.467753,36.781867]],[[127.467752,36.781849],[127.467755,36.781849]],[[127.467754,36.781831],[127.467757,36.781831]],[[127.467756,36.781813],[127.467761,36.781813]],[[127.467758,36.781795],[127.467761,36.781795]],[[127.46776,36.781777],[127.467763,36.781777]],[[127.467763,36.781759],[127.467765,36.781759]],[[127.467765,36.781741],[127.467767,36.781741]],[[127.467767,36.781723],[127.467772,36.781723]],[[127.467769,36.781705],[127.467771,36.781705]],[[127.467771,36.781687],[127.467773,36.781687]],[[127.467773,36.781669],[127.467775,36.781669]],[[127.467775,36.781651],[127.467777,36.781651]],[[127.467777,36.781633],[127.467782,36.781634]],[[127.467779,36.781615],[127.467782,36.781616]],[[127.467781,36.781597],[127.467784,36.781598]],[[127.467783,36.781579],[127.467786,36.78158]],[[127.467785,36.781562],[127.467788,36.781562]],[[127.467787,36.781544],[127.467792,36.781544]],[[127.467789,36.781526],[127.467792,36.781526]],[[127.467791,36.781508],[127.467794,36.781508]],[[127.467793,36.78149],[127.467796,36.78149]],[[127.467795,36.781472],[127.467798,36.781472]],[[127.467798,36.781454],[127.467803,36.781454]],[[127.4678,36.781436],[127.467802,36.781436]],[[127.467802,36.781418],[127.467804,36.781418]],[[127.467804,36.7814],[127.467806,36.7814]],[[127.467806,36.781382],[127.467808,36.781382]],[[127.467808,36.781364],[127.467813,36.781364]],[[127.46781,36.781346],[127.467812,36.781346]],[[127.467812,36.781328],[127.467815,36.781328]],[[127.467814,36.78131],[127.467817,36.781311]],[[127.467818,36.781292],[127.46782,36.781293]],[[127.467822,36.781275],[127.467827,36.781276]],[[127.467829,36.781258],[127.467831,36.781258]],[[127.467836,36.781241],[127.467838,36.781241]],[[127.467844,36.781224],[127.467847,36.781225]],[[127.467854,36.781208],[127.467856,36.781209]],[[127.467865,36.781192],[127.467869,36.781194]],[[127.467757,36.782591],[127.467754,36.782591]],[[127.467759,36.782573],[127.467756,36.782573]],[[127.467761,36.782555],[127.467759,36.782555]],[[127.467763,36.782537],[127.467758,36.782537]],[[127.467765,36.782519],[127.467763,36.782519]],[[127.467767,36.782501],[127.467765,36.782501]],[[127.467769,36.782483],[127.467767,36.782483]],[[127.467771,36.782465],[127.467769,36.782465]],[[127.467773,36.782447],[127.467768,36.782447]],[[127.467776,36.782429],[127.467773,36.782429]],[[127.467778,36.782412],[127.467775,36.782411]],[[127.46778,36.782394],[127.467777,36.782393]],[[127.467782,36.782376],[127.467779,36.782375]],[[127.467784,36.782358],[127.467779,36.782357]],[[127.467786,36.78234],[127.467783,36.78234]],[[127.467788,36.782322],[127.467785,36.782322]],[[127.46779,36.782304],[127.467787,36.782304]],[[127.467792,36.782286],[127.467789,36.782286]],[[127.467794,36.782268],[127.467789,36.782268]],[[127.467796,36.78225],[127.467794,36.78225]],[[127.467798,36.782232],[127.467796,36.782232]],[[127.4678,36.782214],[127.467798,36.782214]],[[127.467802,36.782196],[127.4678,36.782196]],[[127.467804,36.782178],[127.467799,36.782178]],[[127.467806,36.78216],[127.467804,36.78216]],[[127.467808,36.782142],[127.467806,36.782142]],[[127.467811,36.782124],[127.467808,36.782124]],[[127.467813,36.782106],[127.46781,36.782106]],[[127.467815,36.782088],[127.46781,36.782088]],[[127.467817,36.782071],[127.467814,36.78207]],[[127.467819,36.782053],[127.467816,36.782052]],[[127.467821,36.782035],[127.467818,36.782034]],[[127.467823,36.782017],[127.46782,36.782017]],[[127.467825,36.781999],[127.46782,36.781998]],[[127.467827,36.781981],[127.467824,36.781981]],[[127.467829,36.781963],[127.467827,36.781963]],[[127.467831,36.781945],[127.467829,36.781945]],[[127.467833,36.781927],[127.467831,36.781927]],[[127.467835,36.781909],[127.46783,36.781909]],[[127.467837,36.781891],[127.467835,36.781891]],[[127.467839,36.781873],[127.467837,36.781873]],[[127.467841,36.781855],[127.467839,36.781855]],[[127.467844,36.781837],[127.467841,36.781837]],[[127.467846,36.781819],[127.46784,36.781819]],[[127.467848,36.781801],[127.467845,36.781801]],[[127.46785,36.781783],[127.467847,36.781783]],[[127.467852,36.781765],[127.467849,36.781765]],[[127.467854,36.781748],[127.467851,36.781747]],[[127.467856,36.78173],[127.467851,36.781729]],[[127.467858,36.781712],[127.467855,36.781711]],[[127.46786,36.781694],[127.467857,36.781694]],[[127.467862,36.781676],[127.467859,36.781676]],[[127.467864,36.781658],[127.467862,36.781658]],[[127.467866,36.78164],[127.467861,36.781639]],[[127.467868,36.781622],[127.467866,36.781622]],[[127.46787,36.781604],[127.467868,36.781604]],[[127.467872,36.781586],[127.46787,36.781586]],[[127.467874,36.781568],[127.467872,36.781568]],[[127.467876,36.78155],[127.467871,36.78155]],[[127.467879,36.781532],[127.467876,36.781532]],[[127.467881,36.781514],[127.467878,36.781514]],[[127.467883,36.781496],[127.46788,36.781496]],[[127.467885,36.781478],[127.467882,36.781478]],[[127.467887,36.78146],[127.467882,36.78146]],[[127.467889,36.781442],[127.467886,36.781442]],[[127.467891,36.781425],[127.467888,36.781424]],[[127.467893,36.781407],[127.46789,36.781406]],[[127.467895,36.781389],[127.467892,36.781388]],[[127.467897,36.781371],[127.467892,36.78137]],[[127.467899,36.781353],[127.467897,36.781353]],[[127.467901,36.781335],[127.467899,36.781335]],[[127.467904,36.781317],[127.467901,36.781317]],[[127.467907,36.781299],[127.467905,36.781299]],[[127.467913,36.781282],[127.467908,36.78128]],[[127.46792,36.781265],[127.467918,36.781264]],[[127.467929,36.781248],[127.467927,36.781247]],[[127.46794,36.781232],[127.467937,36.781231]],[[127.467938,36.781205],[127.467942,36.781201],[127.467947,36.781196],[127.467951,36.781191],[127.467956,36.781187],[127.468444,36.780726]],[[127.468405,36.780699],[127.467917,36.78116],[127.467911,36.781165],[127.467906,36.781171],[127.467901,36.781176],[127.467896,36.781182]],[[127.466188,36.786833],[127.46616,36.786844]],[[127.466158,36.786617],[127.466127,36.786617]],[[127.466159,36.786392],[127.466128,36.786392]],[[127.466172,36.786168],[127.466141,36.786166]],[[127.466198,36.785944],[127.466166,36.785942]],[[127.466223,36.78572],[127.466192,36.785717]],[[127.466249,36.785495],[127.466218,36.785493]],[[127.466275,36.785271],[127.466244,36.785269]],[[127.466301,36.785047],[127.466269,36.785044]],[[127.466326,36.784822],[127.466295,36.78482]],[[127.466352,36.784598],[127.466321,36.784596]],[[127.466378,36.784374],[127.466347,36.784371]],[[127.466404,36.784149],[127.466372,36.784147]],[[127.466442,36.783929],[127.466412,36.783922]],[[127.46649,36.783842],[127.466463,36.783829]],[[127.466584,36.783746],[127.466562,36.783727]],[[127.466799,36.783603],[127.466779,36.783583]],[[127.466977,36.783426],[127.46695,36.783412]],[[127.467123,36.783233],[127.467096,36.78322]],[[127.467315,36.78308],[127.467298,36.783059]],[[127.467528,36.78293],[127.467504,36.782913]],[[127.467698,36.782748],[127.467669,36.782739]],[[127.467721,36.782654],[127.467689,36.782651]],[[127.467736,36.782522],[127.467704,36.78252]],[[127.467761,36.782298],[127.46773,36.782295]],[[127.467787,36.782073],[127.467756,36.782071]],[[127.467813,36.781849],[127.467782,36.781847]],[[127.467839,36.781625],[127.467807,36.781623]],[[127.467864,36.781401],[127.467833,36.781398]],[[127.467936,36.781194],[127.467911,36.781179]],[[127.468117,36.781023],[127.468093,36.781006]],[[127.468299,36.780851],[127.468275,36.780835]],[[127.468379,36.780776],[127.468355,36.78076]],[[127.46848,36.78068],[127.468457,36.780664]],[[127.468484,36.780672],[127.468483,36.780667],[127.46848,36.780663],[127.468475,36.78066],[127.468468,36.780659],[127.468462,36.78066],[127.468457,36.780663],[127.468454,36.780667],[127.468453,36.780672],[127.468454,36.780677],[127.468457,36.780681],[127.468462,36.780683],[127.468469,36.780684],[127.468475,36.780683],[127.46848,36.780681],[127.468483,36.780677],[127.468484,36.780672]],[[127.467351,36.783105],[127.467351,36.783106]],[[127.467372,36.7831],[127.467374,36.783103]],[[127.467394,36.783095],[127.467395,36.783097]],[[127.467414,36.783088],[127.467417,36.783091]],[[127.467432,36.783077],[127.467437,36.783082]],[[127.46745,36.783066],[127.467456,36.783072]],[[127.467467,36.783054],[127.467483,36.783069]],[[127.467483,36.783042],[127.467493,36.783051]],[[127.467499,36.783029],[127.467512,36.783039]],[[127.467515,36.783016],[127.467528,36.783026]],[[127.46753,36.783003],[127.467544,36.783014]],[[127.467545,36.78299],[127.467576,36.783012]],[[127.46756,36.782977],[127.467576,36.782988]],[[127.467575,36.782963],[127.467592,36.782976]],[[127.46759,36.78295],[127.467608,36.782963]],[[127.467606,36.782937],[127.467623,36.782949]],[[127.467621,36.782923],[127.467655,36.782949]],[[127.467636,36.78291],[127.467653,36.782923]],[[127.467651,36.782897],[127.467668,36.78291]],[[127.467666,36.782884],[127.467683,36.782896]],[[127.467681,36.78287],[127.467696,36.782881]],[[127.467695,36.782856],[127.467722,36.782873]],[[127.467708,36.782842],[127.46772,36.782848]],[[127.467721,36.782827],[127.467731,36.782832]],[[127.467732,36.782811],[127.46774,36.782815]],[[127.467742,36.782795],[127.467748,36.782797]],[[127.467751,36.782778],[127.467762,36.782782]],[[127.467759,36.782762],[127.467765,36.782763]],[[127.467766,36.782744],[127.467773,36.782746]],[[127.467771,36.782727],[127.46778,36.782729]],[[127.467776,36.782709],[127.467785,36.782711]],[[127.467779,36.782691],[127.467799,36.782693]],[[127.467781,36.782674],[127.467792,36.782674]],[[127.467783,36.782656],[127.467794,36.782656]],[[127.467785,36.782638],[127.467795,36.782638]],[[127.467787,36.78262],[127.467796,36.78262]],[[127.46779,36.782602],[127.467805,36.782603]],[[127.467792,36.782584],[127.467799,36.782584]],[[127.467794,36.782566],[127.467801,36.782566]],[[127.467796,36.782548],[127.467803,36.782548]],[[127.467798,36.78253],[127.467806,36.782531]],[[127.4678,36.782512],[127.46782,36.782513]],[[127.467802,36.782494],[127.467813,36.782495]],[[127.467804,36.782476],[127.467816,36.782477]],[[127.467806,36.782458],[127.467819,36.782459]],[[127.467808,36.78244],[127.467822,36.782441]],[[127.46781,36.782422],[127.46784,36.782424]],[[127.467812,36.782404],[127.467828,36.782406]],[[127.467814,36.782386],[127.467831,36.782388]],[[127.466347,36.784254],[127.466353,36.784254]],[[127.466398,36.784258],[127.466405,36.784258]],[[127.466339,36.787009],[127.466221,36.786897],[127.466187,36.786858],[127.466162,36.786815],[127.466147,36.786769],[127.466142,36.786721],[127.466144,36.786314],[127.466144,36.786293],[127.466145,36.786272],[127.466147,36.786251],[127.466149,36.78623],[127.466403,36.78402],[127.466424,36.783932],[127.466466,36.78385],[127.466528,36.783776],[127.466607,36.783712],[127.466799,36.783587],[127.466834,36.783562],[127.466867,36.783534],[127.466897,36.783504],[127.466923,36.783472],[127.467112,36.783223],[127.467148,36.783182],[127.46719,36.783143],[127.467236,36.783109],[127.467287,36.783079],[127.467346,36.783049],[127.467376,36.783033],[127.467404,36.783015],[127.467431,36.782995],[127.467456,36.782975],[127.467615,36.782835],[127.467649,36.7828],[127.467675,36.782762],[127.467693,36.78272],[127.467702,36.782677],[127.467857,36.781324],[127.467866,36.781283],[127.467882,36.781244],[127.467906,36.781207],[127.467936,36.781173],[127.468468,36.780672]],[[127.467693,36.782792],[127.467709,36.782765],[127.467721,36.782737],[127.46773,36.782709],[127.467735,36.782679],[127.467744,36.782604]],[[127.46775,36.782605],[127.467742,36.78268],[127.467736,36.78271],[127.467727,36.782739],[127.467715,36.782767],[127.467699,36.782795]],[[127.467703,36.782797],[127.467719,36.782769],[127.467732,36.78274],[127.467741,36.782711],[127.467747,36.78268],[127.467755,36.782605]],[[127.467637,36.782765],[127.467649,36.782743],[127.467658,36.782721],[127.467665,36.782698],[127.467669,36.782675],[127.467678,36.782599]],[[127.467631,36.782762],[127.467643,36.782741],[127.467652,36.782719],[127.467659,36.782697],[127.467663,36.782674],[127.467671,36.782599]],[[127.467626,36.78276],[127.467638,36.78274],[127.467647,36.782718],[127.467654,36.782696],[127.467657,36.782674],[127.467666,36.782598]],[[127.466351,36.787001],[127.466327,36.787017]],[[127.466223,36.785718],[127.466222,36.785714],[127.466219,36.78571],[127.466214,36.785707],[127.466208,36.785706],[127.466202,36.785707],[127.466197,36.78571],[127.466193,36.785714],[127.466192,36.785719],[127.466193,36.785723],[127.466197,36.785727],[127.466202,36.78573],[127.466208,36.785731],[127.466214,36.78573],[127.466219,36.785727],[127.466222,36.785723],[127.466223,36.785718]],[[127.466352,36.784597],[127.466351,36.784592],[127.466348,36.784588],[127.466343,36.784585],[127.466337,36.784584],[127.46633,36.784585],[127.466325,36.784588],[127.466322,36.784592],[127.466321,36.784597],[127.466322,36.784602],[127.466326,36.784606],[127.466331,36.784609],[127.466337,36.784609],[127.466343,36.784608],[127.466348,36.784606],[127.466351,36.784602],[127.466352,36.784597]],[[127.466805,36.783593],[127.466804,36.783588],[127.4668,36.783584],[127.466795,36.783582],[127.466789,36.783581],[127.466783,36.783582],[127.466778,36.783584],[127.466775,36.783588],[127.466774,36.783593],[127.466775,36.783598],[127.466778,36.783602],[127.466783,36.783605],[127.466789,36.783606],[127.466795,36.783605],[127.4668,36.783602],[127.466804,36.783598],[127.466805,36.783593]],[[127.467699,36.782744],[127.467698,36.782739],[127.467695,36.782735],[127.46769,36.782732],[127.467684,36.782731],[127.467677,36.782732],[127.467673,36.782735],[127.467669,36.782739],[127.467668,36.782744],[127.467669,36.782749],[127.467673,36.782753],[127.467678,36.782755],[127.467684,36.782756],[127.46769,36.782755],[127.467695,36.782753],[127.467698,36.782749],[127.467699,36.782744]],[[127.467839,36.781624],[127.467837,36.781619],[127.467834,36.781615],[127.467829,36.781612],[127.467823,36.781611],[127.467817,36.781612],[127.467812,36.781615],[127.467809,36.781619],[127.467807,36.781624],[127.467809,36.781629],[127.467812,36.781633],[127.467817,36.781635],[127.467823,36.781636],[127.467829,36.781635],[127.467834,36.781633],[127.467838,36.781629],[127.467839,36.781624]],[[127.467114,36.783261],[127.467137,36.783234],[127.467154,36.783217],[127.467171,36.783199],[127.467189,36.783182],[127.467207,36.783165],[127.467231,36.783151],[127.467256,36.783139],[127.467282,36.783127],[127.46731,36.783118],[127.467318,36.783116],[127.467326,36.783113],[127.467335,36.78311],[127.467343,36.783107],[127.467407,36.783092],[127.467436,36.783075],[127.467463,36.783057],[127.467489,36.783038],[127.467514,36.783017],[127.467673,36.782878],[127.467714,36.782835],[127.467745,36.782789],[127.467768,36.782739],[127.46778,36.782687],[127.467786,36.782635],[127.46782,36.782338],[127.467936,36.78133],[127.46794,36.781306],[127.467948,36.781284],[127.467958,36.781262],[127.467972,36.781241],[127.467978,36.781234],[127.467983,36.781227],[127.46799,36.781221],[127.467996,36.781214],[127.468075,36.78114],[127.468404,36.78083],[127.468357,36.780808]],[[127.468444,36.780726],[127.468405,36.780699]],[[127.467893,36.78118],[127.467899,36.781183]],[[127.467935,36.781204],[127.467941,36.781207]],[[127.468308,36.780791],[127.468213,36.780749],[127.468221,36.780754],[127.468227,36.78076],[127.468232,36.780767],[127.468235,36.780774],[127.468236,36.780782],[127.468234,36.78079],[127.468231,36.780797],[127.468225,36.780804],[127.467884,36.781126],[127.467884,36.781126],[127.467844,36.781168],[127.467812,36.781215],[127.467791,36.781265],[127.467779,36.781318],[127.467692,36.782076],[127.467629,36.782631],[127.467625,36.782662],[127.467624,36.782671],[127.467621,36.782691],[127.467615,36.782711],[127.467607,36.782729],[127.467596,36.782748],[127.467588,36.78276],[127.467579,36.782771],[127.467568,36.782782],[127.467557,36.782792],[127.467466,36.782873],[127.467398,36.782932],[127.46738,36.782947],[127.46736,36.782962],[127.467339,36.782976],[127.467318,36.782988],[127.4673,36.782998],[127.467282,36.783007],[127.467263,36.783017],[127.467245,36.783026],[127.467215,36.783045],[127.467186,36.783065],[127.467159,36.783087],[127.467133,36.783109],[127.467096,36.783147],[127.467063,36.783186],[127.467033,36.783228],[127.467007,36.783271],[127.46689,36.783425],[127.466873,36.783447],[127.466849,36.783476],[127.466822,36.783502],[127.466793,36.783527],[127.466761,36.78355],[127.46657,36.783675],[127.466486,36.783742],[127.466419,36.78382],[127.466372,36.783906],[127.466346,36.783999],[127.466322,36.784179],[127.4663,36.784359],[127.46628,36.784538],[127.46626,36.784718],[127.46624,36.784897],[127.466208,36.785076],[127.46615,36.785615],[127.466131,36.785794],[127.466112,36.785974],[127.466093,36.786153],[127.466088,36.786199],[127.466084,36.786245],[127.46608,36.786292],[127.466078,36.786338],[127.46608,36.786518],[127.466081,36.786698],[127.46608,36.786721],[127.46608,36.786731],[127.46608,36.786742],[127.46608,36.786752],[127.46608,36.786762],[127.466084,36.786789],[127.466092,36.786816],[127.466104,36.786842],[127.46612,36.786866],[127.46613,36.786904],[127.466138,36.786913],[127.466145,36.786921],[127.466153,36.78693],[127.466161,36.786938],[127.466229,36.787002],[127.466241,36.786971]],[[127.466304,36.785567],[127.466227,36.786235],[127.466225,36.786255],[127.466224,36.786275],[127.466223,36.786294],[127.466222,36.786314],[127.46622,36.786721],[127.466224,36.786758],[127.466235,36.786793],[127.466255,36.786826],[127.466281,36.786856],[127.466303,36.786877]],[[127.466429,36.783857],[127.466435,36.783859]],[[127.466476,36.783875],[127.466482,36.783877]],[[127.467631,36.782762],[127.467626,36.78276]],[[127.467635,36.782744],[127.467638,36.782745]],[[127.467643,36.782728],[127.467646,36.782728]],[[127.46765,36.782711],[127.467652,36.782711]],[[127.467654,36.782693],[127.467657,36.782694]],[[127.467662,36.782676],[127.467657,36.782676]],[[127.467659,36.782658],[127.467662,36.782658]],[[127.467661,36.78264],[127.467664,36.78264]],[[127.467663,36.782622],[127.467666,36.782622]],[[127.467665,36.782604],[127.467668,36.782604]],[[127.467671,36.782599],[127.467666,36.782598]],[[127.46775,36.782605],[127.467755,36.782605]],[[127.467753,36.782623],[127.467751,36.782623]],[[127.467751,36.782641],[127.467749,36.782641]],[[127.467749,36.782659],[127.467747,36.782659]],[[127.467747,36.782677],[127.467745,36.782677]],[[127.46774,36.782694],[127.467745,36.782695]],[[127.467741,36.782713],[127.467738,36.782713]],[[127.467736,36.782731],[127.467733,36.78273]],[[127.467729,36.782748],[127.467727,36.782748]],[[127.467721,36.782765],[127.467719,36.782765]],[[127.467708,36.78278],[127.467712,36.782782]],[[127.467703,36.782797],[127.467701,36.782796]]]}},{"type":"Feature","properties":{"layer":"개거"},"geometry":{"type":"MultiLineString","coordinates":[[[127.458392,36.773715],[127.459956,36.773482],[127.460015,36.773742],[127.460072,36.773824],[127.460095,36.77391],[127.460137,36.773925],[127.460227,36.773972],[127.460242,36.773981],[127.460259,36.773992],[127.460331,36.774082],[127.460359,36.774177]],[[127.458393,36.773721],[127.45995,36.773489],[127.460007,36.773744],[127.460064,36.773826],[127.460088,36.773915],[127.460133,36.773931],[127.460222,36.773978],[127.460238,36.773986],[127.460253,36.773996],[127.460323,36.774085],[127.460351,36.774178]],[[127.465908,36.78721],[127.465876,36.78705],[127.46586,36.78687],[127.465848,36.786764],[127.465835,36.786689],[127.465837,36.786509],[127.465841,36.786418],[127.465846,36.786326],[127.465847,36.786232],[127.465853,36.786138],[127.465859,36.786093]],[[127.4659,36.787211],[127.465869,36.787051],[127.465853,36.78687],[127.46584,36.786764],[127.465827,36.78669],[127.465829,36.786509],[127.465833,36.786418],[127.465838,36.786326],[127.46584,36.786232],[127.465845,36.786137],[127.465851,36.786092]],[[127.463148,36.78088],[127.463094,36.781063],[127.46308,36.781096],[127.463056,36.781305],[127.46302,36.781499],[127.462947,36.781685],[127.462925,36.781731],[127.462886,36.781786]],[[127.463156,36.780882],[127.463101,36.781065],[127.463088,36.781097],[127.463064,36.781305],[127.463028,36.781501],[127.462954,36.781687],[127.462932,36.781734],[127.462893,36.781789]],[[127.453862,36.771077],[127.454246,36.77102],[127.454254,36.771018],[127.454263,36.771017],[127.454271,36.771016],[127.45428,36.771015]],[[127.453864,36.771083],[127.454247,36.771026],[127.454256,36.771025],[127.454264,36.771023],[127.454272,36.771022],[127.454281,36.771022],[127.454325,36.771033],[127.454584,36.771127],[127.454641,36.771153],[127.454693,36.771184],[127.454741,36.77122],[127.454782,36.771261],[127.454818,36.771305],[127.454851,36.771351],[127.454881,36.771398],[127.454907,36.771447],[127.454968,36.771621],[127.455001,36.771799],[127.455023,36.771979],[127.45504,36.77216],[127.45508,36.772332]],[[127.455261,36.772717],[127.456089,36.772594]],[[127.453761,36.779452],[127.453717,36.77945],[127.453673,36.779445],[127.45363,36.779437],[127.453588,36.779426],[127.453547,36.779414]],[[127.453758,36.779458],[127.453714,36.779456],[127.453671,36.779451],[127.453628,36.779443],[127.453585,36.779432],[127.453544,36.77942]],[[127.451901,36.778385],[127.451863,36.778219],[127.451855,36.778138],[127.451866,36.778059],[127.451896,36.777985],[127.451943,36.777917],[127.452005,36.777858],[127.452081,36.777808],[127.452168,36.777771],[127.452266,36.777749],[127.452943,36.777648]],[[127.451894,36.778386],[127.451856,36.778221],[127.451847,36.778138],[127.451859,36.778058],[127.451889,36.777982],[127.451937,36.777913],[127.452,36.777853],[127.452076,36.777803],[127.452165,36.777766],[127.452264,36.777742],[127.452942,36.777641]],[[127.453824,36.779493],[127.45396,36.780087]],[[127.453962,36.780096],[127.453964,36.780101]],[[127.453816,36.779496],[127.453953,36.780088]],[[127.453955,36.780097],[127.453955,36.780099]],[[127.456089,36.772594],[127.456189,36.772532],[127.456984,36.772414],[127.457084,36.772406],[127.457184,36.772412],[127.457281,36.772433],[127.457373,36.772466]],[[127.456087,36.772587],[127.456187,36.772526],[127.456982,36.772408],[127.457084,36.7724],[127.457185,36.772406],[127.457284,36.772427],[127.457377,36.772461]],[[127.454057,36.781624],[127.45384,36.780847],[127.453741,36.780492],[127.453724,36.780269],[127.453955,36.780099]],[[127.454063,36.781615],[127.453848,36.780845],[127.453749,36.780491],[127.453732,36.780271],[127.453964,36.780101]],[[127.453761,36.779452],[127.453824,36.779493]],[[127.453758,36.779458],[127.453816,36.779496]],[[127.465837,36.773432],[127.465955,36.773415]],[[127.465966,36.773413],[127.466015,36.773406]],[[127.465841,36.773425],[127.465953,36.773409]],[[127.465964,36.773407],[127.466014,36.7734]],[[127.468084,36.773129],[127.468137,36.773141],[127.468188,36.773156],[127.468236,36.773176],[127.468282,36.7732]],[[127.468085,36.773123],[127.468139,36.773135],[127.468191,36.77315],[127.46824,36.77317],[127.468287,36.773195]],[[127.464912,36.785948],[127.465132,36.785987],[127.465352,36.786034],[127.465577,36.78604],[127.465797,36.786081],[127.465848,36.786082]],[[127.464912,36.785955],[127.465131,36.785993],[127.465351,36.78604],[127.465576,36.786046],[127.465796,36.786087],[127.465848,36.786088]],[[127.453547,36.779421],[127.453549,36.779415]],[[127.453544,36.77942],[127.453547,36.779414]],[[127.461307,36.773979],[127.461101,36.774074],[127.460363,36.774184]],[[127.46374,36.773663],[127.46397,36.773674],[127.46397,36.773674],[127.46417,36.773644]],[[127.46374,36.773669],[127.463971,36.77368],[127.46417,36.77365]],[[127.461303,36.773974],[127.461098,36.774068],[127.460361,36.774178]],[[127.458395,36.773721],[127.458394,36.773715]],[[127.458393,36.773721],[127.458392,36.773715]],[[127.456087,36.772587],[127.455263,36.77271]],[[127.455088,36.772331],[127.455048,36.772159],[127.455031,36.771978],[127.455009,36.771798],[127.454976,36.771619],[127.454914,36.771445],[127.454888,36.771396],[127.454858,36.771348],[127.454825,36.771302],[127.454789,36.771257],[127.454746,36.771216],[127.454698,36.771179],[127.454645,36.771147],[127.454587,36.771121],[127.454327,36.771027]],[[127.45428,36.771015],[127.454327,36.771027]],[[127.453223,36.771872],[127.453206,36.771809],[127.453191,36.771745],[127.453177,36.771681],[127.453164,36.771617],[127.453164,36.771617],[127.453164,36.771617],[127.453164,36.771617],[127.453164,36.771617],[127.453167,36.771589],[127.453174,36.771561],[127.453185,36.771535],[127.453201,36.77151],[127.453219,36.771458],[127.453245,36.77141],[127.453279,36.771364],[127.453319,36.771321],[127.453383,36.771209],[127.453411,36.771188],[127.453441,36.771169],[127.453472,36.771152],[127.453506,36.771137]],[[127.453231,36.771871],[127.453214,36.771808],[127.453199,36.771744],[127.453185,36.77168],[127.453172,36.771616],[127.453175,36.771589],[127.453182,36.771562],[127.453193,36.771536],[127.453208,36.771511],[127.453226,36.771461],[127.453252,36.771412],[127.453285,36.771367],[127.453325,36.771325],[127.453387,36.771215],[127.453415,36.771194],[127.453444,36.771175],[127.453476,36.771158],[127.453508,36.771143]],[[127.453508,36.771143],[127.453506,36.771137]],[[127.452941,36.777648],[127.45294,36.777642]],[[127.452943,36.777648],[127.452942,36.777641]],[[127.462471,36.784062],[127.462423,36.783981],[127.462393,36.783928],[127.462394,36.783805],[127.462379,36.783676],[127.462318,36.783658],[127.462233,36.783575],[127.462232,36.783563],[127.462241,36.783529],[127.462302,36.783439],[127.462364,36.783353],[127.462402,36.783277],[127.462496,36.783248],[127.462684,36.783049],[127.4627,36.782924],[127.4626,36.782827],[127.462602,36.782774],[127.462624,36.782679],[127.462536,36.782512],[127.462534,36.782456],[127.462551,36.782434],[127.462615,36.782339],[127.462643,36.782253],[127.46271,36.782154]],[[127.462464,36.784065],[127.462416,36.783983],[127.462385,36.783929],[127.462386,36.783805],[127.462371,36.78368],[127.462313,36.783664],[127.462225,36.783578],[127.462224,36.783563],[127.462234,36.783527],[127.462295,36.783435],[127.462357,36.78335],[127.462396,36.783272],[127.462491,36.783243],[127.462676,36.783047],[127.462692,36.782926],[127.462592,36.782829],[127.462595,36.782774],[127.462616,36.78268],[127.462528,36.782513],[127.462526,36.782455],[127.462544,36.782431],[127.462607,36.782337],[127.462636,36.78225],[127.462703,36.782151]],[[127.455008,36.772351],[127.45508,36.772341]],[[127.455006,36.772344],[127.455078,36.772334]],[[127.464178,36.773663],[127.464178,36.773505]],[[127.46417,36.773664],[127.46417,36.77365]],[[127.46417,36.773644],[127.464171,36.773505]],[[127.464134,36.773414],[127.464135,36.772899],[127.464596,36.77283],[127.464969,36.773012],[127.465531,36.772928],[127.465672,36.773127]],[[127.464142,36.773414],[127.464143,36.772904],[127.464594,36.772837],[127.464968,36.773019],[127.465527,36.772935],[127.465665,36.77313]],[[127.465689,36.773223],[127.465837,36.773432]],[[127.465696,36.77322],[127.465841,36.773425]],[[127.465689,36.773223],[127.465665,36.77313]],[[127.465672,36.773127],[127.465696,36.77322]],[[127.464134,36.773414],[127.464171,36.773505]],[[127.464178,36.773505],[127.464142,36.773414]],[[127.457373,36.772466],[127.457377,36.772461]],[[127.457371,36.772465],[127.457375,36.77246]],[[127.454063,36.781615],[127.454072,36.781612],[127.454082,36.781608],[127.454093,36.781604],[127.454104,36.7816],[127.454115,36.781596],[127.454125,36.781592],[127.454136,36.781589],[127.454147,36.781585],[127.454158,36.781581],[127.454169,36.781578],[127.45418,36.781574],[127.45419,36.781571],[127.454201,36.781567],[127.454212,36.781564],[127.454223,36.78156],[127.454234,36.781557],[127.454245,36.781553],[127.454256,36.78155],[127.454267,36.781547],[127.454278,36.781543],[127.454289,36.78154],[127.4543,36.781537],[127.454311,36.781534],[127.454322,36.781531],[127.454334,36.781528],[127.454345,36.781525],[127.454356,36.781522],[127.454367,36.781519],[127.454378,36.781516],[127.454389,36.781513],[127.4544,36.78151],[127.454412,36.781507],[127.454423,36.781504],[127.454434,36.781501],[127.454445,36.781499],[127.454457,36.781496],[127.454468,36.781493],[127.454479,36.781491],[127.454491,36.781488],[127.454502,36.781486],[127.454513,36.781483],[127.454525,36.78148],[127.454537,36.781478],[127.454548,36.781476],[127.45456,36.781473],[127.454571,36.781471],[127.454581,36.781469],[127.454593,36.781467],[127.454604,36.781464],[127.454615,36.781462],[127.454626,36.78146],[127.454638,36.781458],[127.454649,36.781456],[127.45466,36.781454],[127.454672,36.781452],[127.454683,36.78145],[127.454694,36.781448],[127.454706,36.781446],[127.454717,36.781444],[127.454728,36.781442],[127.454739,36.78144],[127.454751,36.781438],[127.454762,36.781436],[127.454773,36.781434],[127.454784,36.781433],[127.454795,36.781431],[127.454807,36.781429],[127.454818,36.781427],[127.454829,36.781425],[127.45484,36.781424],[127.454851,36.781422],[127.454863,36.78142],[127.454874,36.781419],[127.454885,36.781417],[127.454896,36.781415],[127.454907,36.781414],[127.454918,36.781412],[127.454929,36.78141],[127.45494,36.781409],[127.454951,36.781407],[127.454962,36.781405],[127.454974,36.781403],[127.454985,36.781402],[127.454996,36.7814],[127.455007,36.781399],[127.455018,36.781397],[127.455028,36.781395],[127.455249,36.781363],[127.455469,36.78133],[127.455689,36.781297],[127.455782,36.781283],[127.455929,36.78122],[127.45679,36.781092]],[[127.454057,36.781624],[127.454075,36.781617],[127.454086,36.781613],[127.454096,36.78161],[127.454107,36.781606],[127.454118,36.781602],[127.454128,36.781598],[127.454139,36.781594],[127.45415,36.781591],[127.454161,36.781587],[127.454172,36.781584],[127.454183,36.78158],[127.454193,36.781576],[127.454204,36.781573],[127.454215,36.781569],[127.454226,36.781566],[127.454237,36.781563],[127.454248,36.781559],[127.454259,36.781556],[127.45427,36.781553],[127.454281,36.781549],[127.454292,36.781546],[127.454303,36.781543],[127.454314,36.78154],[127.454325,36.781537],[127.454336,36.781534],[127.454347,36.781531],[127.454358,36.781528],[127.454369,36.781525],[127.454381,36.781522],[127.454392,36.781519],[127.454403,36.781516],[127.454414,36.781513],[127.454425,36.78151],[127.454436,36.781507],[127.454448,36.781505],[127.454459,36.781502],[127.45447,36.781499],[127.454481,36.781497],[127.454493,36.781494],[127.454504,36.781492],[127.454515,36.781489],[127.454528,36.781486],[127.454539,36.781484],[127.45455,36.781482],[127.454561,36.781479],[127.454573,36.781477],[127.454583,36.781475],[127.454594,36.781473],[127.454606,36.78147],[127.454617,36.781468],[127.454628,36.781466],[127.45464,36.781464],[127.454651,36.781462],[127.454662,36.78146],[127.454673,36.781458],[127.454685,36.781456],[127.454696,36.781454],[127.454707,36.781452],[127.454718,36.78145],[127.45473,36.781448],[127.454741,36.781446],[127.454752,36.781444],[127.454763,36.781442],[127.454775,36.781441],[127.454786,36.781439],[127.454797,36.781437],[127.454808,36.781435],[127.454819,36.781433],[127.454831,36.781432],[127.454842,36.78143],[127.454853,36.781428],[127.454864,36.781426],[127.454875,36.781425],[127.454886,36.781423],[127.454897,36.781421],[127.454908,36.78142],[127.45492,36.781418],[127.454931,36.781416],[127.454942,36.781415],[127.454953,36.781413],[127.454964,36.781411],[127.454976,36.78141],[127.454987,36.781408],[127.454998,36.781406],[127.455009,36.781405],[127.45502,36.781403],[127.45503,36.781402],[127.45525,36.781369],[127.45547,36.781336],[127.455691,36.781303],[127.455785,36.781289],[127.455932,36.781226],[127.456792,36.781098]],[[127.455082,36.772341],[127.455093,36.772388],[127.45513,36.772513],[127.455161,36.772611],[127.455174,36.772669]],[[127.45509,36.77234],[127.4551,36.772386],[127.455137,36.772512],[127.455169,36.77261],[127.455181,36.772665]],[[127.455174,36.772669],[127.455261,36.772717]],[[127.455181,36.772665],[127.455263,36.77271]],[[127.455037,36.77729],[127.455029,36.777291]],[[127.455037,36.777288],[127.455029,36.777289]],[[127.453506,36.772986],[127.453519,36.773044],[127.453398,36.773245],[127.453462,36.773418],[127.453525,36.773587]],[[127.453498,36.772987],[127.453511,36.773043],[127.45339,36.773244],[127.453454,36.773419],[127.453517,36.773589]],[[127.453617,36.773762],[127.453528,36.773595]],[[127.45361,36.773765],[127.453521,36.773598]],[[127.453618,36.773763],[127.453621,36.773866],[127.453646,36.773966],[127.453691,36.774061],[127.453757,36.77415],[127.453789,36.774193],[127.453822,36.774235],[127.453857,36.774277],[127.453893,36.774318]],[[127.45361,36.773763],[127.453613,36.773867],[127.453638,36.773968],[127.453684,36.774064],[127.45375,36.774153],[127.453782,36.774196],[127.453815,36.774239],[127.45385,36.774281],[127.453887,36.774321]],[[127.454396,36.774666],[127.454325,36.774602],[127.454257,36.77454],[127.454091,36.774442],[127.454039,36.774417],[127.45399,36.774389],[127.453943,36.774358],[127.4539,36.774324]],[[127.45439,36.774671],[127.454319,36.774606],[127.454251,36.774545],[127.454086,36.774447],[127.454034,36.774422],[127.453985,36.774394],[127.453938,36.774363],[127.453895,36.774329]],[[127.454397,36.774667],[127.454398,36.77467],[127.454399,36.774671],[127.4544,36.774673],[127.454401,36.774674],[127.454402,36.774676],[127.454403,36.774677],[127.454404,36.774679],[127.454405,36.77468],[127.454406,36.774682],[127.454407,36.774683],[127.454408,36.774685],[127.454409,36.774686],[127.45441,36.774688],[127.45441,36.774689],[127.454411,36.774691],[127.454412,36.774692],[127.454413,36.774694],[127.454414,36.774696],[127.454415,36.774697],[127.454416,36.774699],[127.454417,36.7747],[127.454418,36.774702],[127.454419,36.774703],[127.454419,36.774705],[127.45442,36.774706],[127.454421,36.774708],[127.454422,36.774709],[127.454423,36.774711],[127.454424,36.774712],[127.454425,36.774714],[127.454426,36.774716],[127.454426,36.774717],[127.454427,36.774719],[127.454428,36.77472],[127.454429,36.774722],[127.45443,36.774723],[127.454431,36.774725],[127.454432,36.774727],[127.454432,36.774728],[127.454433,36.77473],[127.454434,36.774731],[127.454435,36.774733],[127.454436,36.774734],[127.454437,36.774736],[127.454437,36.774737],[127.454438,36.774739],[127.454439,36.774741],[127.45444,36.774742],[127.454441,36.774744],[127.454441,36.774745],[127.454442,36.774747],[127.454443,36.774748],[127.454444,36.77475],[127.454445,36.774752],[127.454445,36.774753],[127.454446,36.774755],[127.454447,36.774756],[127.454448,36.774758],[127.454448,36.77476],[127.454449,36.774761],[127.45445,36.774763],[127.454451,36.774764],[127.454452,36.774766],[127.454452,36.774767],[127.454453,36.774769],[127.454454,36.774771],[127.454455,36.774772],[127.454455,36.774774],[127.454456,36.774775],[127.454457,36.774777],[127.454457,36.774779],[127.454458,36.77478],[127.454459,36.774781],[127.454478,36.774845],[127.454495,36.774909],[127.454508,36.774973],[127.454519,36.775038]],[[127.45439,36.77467],[127.454391,36.774672],[127.454392,36.774674],[127.454393,36.774675],[127.454394,36.774677],[127.454395,36.774678],[127.454396,36.77468],[127.454397,36.774681],[127.454398,36.774683],[127.454399,36.774684],[127.4544,36.774686],[127.454401,36.774688],[127.454402,36.774689],[127.454402,36.774691],[127.454403,36.774692],[127.454404,36.774694],[127.454405,36.774695],[127.454406,36.774697],[127.454407,36.774698],[127.454408,36.7747],[127.454409,36.774701],[127.45441,36.774703],[127.454411,36.774704],[127.454411,36.774706],[127.454412,36.774707],[127.454413,36.774709],[127.454414,36.77471],[127.454415,36.774712],[127.454416,36.774714],[127.454417,36.774715],[127.454418,36.774717],[127.454418,36.774718],[127.454419,36.77472],[127.45442,36.774721],[127.454421,36.774723],[127.454422,36.774724],[127.454423,36.774726],[127.454424,36.774727],[127.454424,36.774729],[127.454425,36.774731],[127.454426,36.774732],[127.454427,36.774734],[127.454428,36.774735],[127.454428,36.774737],[127.454429,36.774738],[127.45443,36.77474],[127.454431,36.774741],[127.454432,36.774743],[127.454433,36.774745],[127.454433,36.774746],[127.454434,36.774748],[127.454435,36.774749],[127.454436,36.774751],[127.454437,36.774752],[127.454437,36.774754],[127.454438,36.774756],[127.454439,36.774757],[127.45444,36.774759],[127.45444,36.77476],[127.454441,36.774762],[127.454442,36.774763],[127.454443,36.774765],[127.454443,36.774767],[127.454444,36.774768],[127.454445,36.77477],[127.454446,36.774771],[127.454446,36.774773],[127.454447,36.774774],[127.454448,36.774776],[127.454449,36.774778],[127.454449,36.774779],[127.45445,36.774781],[127.454451,36.774782],[127.454451,36.774783],[127.45447,36.774846],[127.454487,36.77491],[127.4545,36.774974],[127.454511,36.775039]],[[127.454519,36.77504],[127.454443,36.775188]],[[127.454511,36.775037],[127.454435,36.775186]],[[127.454852,36.77641],[127.454785,36.776238],[127.454742,36.776061],[127.454701,36.775884],[127.454665,36.775749],[127.454646,36.775707],[127.454609,36.775623],[127.454554,36.775542],[127.454509,36.775494],[127.454477,36.775367],[127.454445,36.775196]],[[127.454844,36.776412],[127.454777,36.77624],[127.454734,36.776062],[127.454694,36.775885],[127.454657,36.775751],[127.454639,36.775709],[127.454602,36.775626],[127.454547,36.775545],[127.454502,36.775496],[127.454469,36.775368],[127.454437,36.775197]],[[127.454852,36.776411],[127.454872,36.7765],[127.454893,36.77659],[127.454881,36.776773],[127.454894,36.776951]],[[127.454844,36.776412],[127.454865,36.776501],[127.454885,36.77659],[127.454873,36.776773],[127.454886,36.776951]],[[127.45504,36.777304],[127.454998,36.777119],[127.454978,36.777101],[127.454896,36.776958]],[[127.455033,36.777305],[127.45499,36.777122],[127.454971,36.777104],[127.454889,36.776961]],[[127.466794,36.777343],[127.466824,36.777341]],[[127.466794,36.777349],[127.466824,36.777347]],[[127.466696,36.777133],[127.466697,36.777131]],[[127.466703,36.777135],[127.466704,36.777133]],[[127.466498,36.777717],[127.466799,36.777542],[127.466783,36.777353]],[[127.466782,36.77734],[127.466779,36.777308],[127.466743,36.777152],[127.46671,36.777148],[127.466702,36.777145]],[[127.466503,36.777723],[127.466807,36.777545],[127.466791,36.777352]],[[127.46679,36.77734],[127.466787,36.777307],[127.46675,36.777146],[127.466712,36.777142],[127.466705,36.77714]],[[127.46682,36.776729],[127.466782,36.776707],[127.466751,36.776758],[127.466724,36.776813],[127.466691,36.776881],[127.466687,36.777031],[127.46664,36.777118],[127.466691,36.777135]],[[127.466824,36.776724],[127.466779,36.776697],[127.466744,36.776756],[127.466717,36.776811],[127.466683,36.776879],[127.46668,36.77703],[127.466629,36.777121],[127.466687,36.777141]],[[127.466818,36.776728],[127.466822,36.776723]],[[127.46682,36.776729],[127.466824,36.776724]],[[127.4665,36.777716],[127.466505,36.777721]],[[127.466498,36.777717],[127.466503,36.777723]]]}},{"type":"Feature","properties":{"layer":"배수관"},"geometry":{"type":"MultiLineString","coordinates":[[[127.461207,36.780918],[127.461586,36.780533]],[[127.461215,36.780924],[127.4616,36.780533]],[[127.453716,36.773567],[127.453529,36.773595]],[[127.453714,36.77356],[127.453527,36.773588]],[[127.454045,36.774226],[127.453901,36.774323]],[[127.454039,36.774221],[127.453895,36.774318]],[[127.45505,36.776935],[127.454897,36.776958]],[[127.455049,36.776928],[127.454895,36.776951]],[[127.452833,36.779158],[127.452817,36.779194]],[[127.452825,36.779156],[127.452809,36.779191]],[[127.454036,36.780084],[127.453964,36.780095]],[[127.454034,36.780077],[127.453962,36.780088]],[[127.466846,36.773282],[127.466859,36.773341]],[[127.466837,36.773283],[127.466851,36.773343]],[[127.460381,36.774307],[127.460353,36.774187]],[[127.460389,36.774305],[127.460362,36.774185]],[[127.464187,36.77374],[127.464172,36.773673]],[[127.464196,36.773738],[127.464181,36.773672]],[[127.46597,36.773474],[127.465956,36.773416]],[[127.465978,36.773473],[127.465965,36.773415]],[[127.46681,36.779696],[127.466735,36.779695]],[[127.46681,36.779688],[127.466735,36.779688]],[[127.463251,36.780537],[127.46315,36.780866]],[[127.463264,36.780538],[127.463163,36.780868]],[[127.465876,36.785959],[127.465862,36.78608]],[[127.465865,36.785959],[127.465851,36.786079]],[[127.467928,36.777648],[127.468133,36.777779]],[[127.467921,36.777655],[127.468126,36.777786]],[[127.454608,36.77517],[127.454445,36.775194]],[[127.454607,36.775163],[127.454444,36.775187]],[[127.454109,36.771177],[127.45408,36.771052]],[[127.454117,36.771176],[127.454089,36.771051]],[[127.457214,36.772513],[127.457243,36.772424]],[[127.457205,36.772511],[127.457235,36.772422]],[[127.453288,36.771706],[127.453195,36.77172]],[[127.453286,36.771699],[127.453193,36.771713]],[[127.468239,36.773249],[127.468282,36.773201]],[[127.468246,36.773253],[127.468289,36.773205]],[[127.456801,36.78109],[127.457012,36.781059]],[[127.456803,36.781097],[127.457013,36.781066]]]}},{"type":"Feature","properties":{"layer":"0-배수계획"},"geometry":{"type":"MultiLineString","coordinates":[[[127.468128,36.777782],[127.468194,36.777826],[127.468313,36.77783],[127.468413,36.77785],[127.468756,36.777642],[127.468859,36.777595],[127.469075,36.777455]],[[127.458392,36.773718],[127.459953,36.773486],[127.460011,36.773743],[127.460068,36.773825],[127.460092,36.773913],[127.460135,36.773928],[127.460225,36.773975],[127.46024,36.773984],[127.460256,36.773994],[127.460327,36.774083],[127.460355,36.774177]],[[127.465904,36.787211],[127.465873,36.787051],[127.465856,36.78687],[127.465844,36.786764],[127.465831,36.78669],[127.465833,36.786509],[127.465837,36.786418],[127.465842,36.786326],[127.465843,36.786232],[127.465849,36.786137],[127.465855,36.786092]],[[127.462889,36.781788],[127.462928,36.781733],[127.46295,36.781686],[127.463024,36.7815],[127.46306,36.781305],[127.463084,36.781097],[127.463098,36.781064],[127.463152,36.780881]],[[127.454696,36.771181],[127.45467,36.771165],[127.454643,36.77115],[127.454615,36.771136],[127.454585,36.771124],[127.454327,36.77103],[127.454281,36.771018],[127.454272,36.771019],[127.454264,36.77102],[127.454255,36.771021],[127.454247,36.771023],[127.454091,36.771046]],[[127.454696,36.771181],[127.454721,36.771199],[127.454744,36.771218],[127.454765,36.771238],[127.454785,36.771259],[127.454822,36.771303],[127.454855,36.77135],[127.454884,36.771397],[127.45491,36.771446],[127.454972,36.77162],[127.455005,36.771798],[127.455027,36.771978],[127.455044,36.772159],[127.455084,36.772332]],[[127.455086,36.772341],[127.455096,36.772387],[127.455134,36.772512],[127.455165,36.77261],[127.455178,36.772667],[127.455262,36.772713],[127.456088,36.77259],[127.456188,36.772529],[127.456408,36.772496],[127.456983,36.772411],[127.457046,36.772404],[127.45711,36.772403],[127.457173,36.772408],[127.457235,36.772418]],[[127.457246,36.77242],[127.457279,36.772429],[127.457312,36.772439],[127.457344,36.77245],[127.457375,36.772463]],[[127.453863,36.77108],[127.454078,36.771048]],[[127.453546,36.779417],[127.453587,36.779429],[127.453629,36.77944],[127.453672,36.779448],[127.453716,36.779453],[127.45376,36.779455],[127.45382,36.779494],[127.453957,36.780088]],[[127.451897,36.778385],[127.451859,36.77822],[127.451851,36.778138],[127.451863,36.778058],[127.451893,36.777983],[127.45194,36.777915],[127.452002,36.777855],[127.452079,36.777806],[127.452167,36.777769],[127.452265,36.777745],[127.452794,36.777667]],[[127.452943,36.777645],[127.452805,36.777665]],[[127.453728,36.78027],[127.453745,36.780491],[127.453844,36.780846],[127.45406,36.781619]],[[127.453728,36.78027],[127.453959,36.7801],[127.453959,36.780097]],[[127.468084,36.773126],[127.468138,36.773138],[127.468189,36.773153],[127.468238,36.773173],[127.468285,36.773197]],[[127.462866,36.784707],[127.46282,36.784601],[127.462467,36.784063]],[[127.462866,36.784707],[127.462926,36.784846],[127.463163,36.785404],[127.463368,36.785726]],[[127.464912,36.785952],[127.465131,36.78599],[127.465352,36.786037],[127.465576,36.786043],[127.465796,36.786084],[127.465848,36.786085]],[[127.46374,36.773666],[127.46397,36.773677],[127.464174,36.773646]],[[127.461305,36.773976],[127.461099,36.774071],[127.460362,36.774181]],[[127.453227,36.771872],[127.453217,36.771834],[127.453207,36.771797],[127.453198,36.771759],[127.45319,36.771722]],[[127.453249,36.771411],[127.453235,36.771435],[127.453223,36.77146],[127.453212,36.771485],[127.453204,36.771511],[127.453189,36.771536],[127.453178,36.771562],[127.453171,36.771589],[127.453168,36.771616],[127.453173,36.771641],[127.453178,36.771665],[127.453182,36.771689],[127.453188,36.771713]],[[127.453249,36.771411],[127.453264,36.771388],[127.453282,36.771365],[127.453301,36.771343],[127.453322,36.771323],[127.453386,36.771211],[127.453414,36.77119],[127.453443,36.771172],[127.453475,36.771155],[127.453507,36.771139]],[[127.462467,36.784063],[127.462419,36.783982],[127.462389,36.783929],[127.46239,36.783805],[127.462375,36.783678],[127.462315,36.783661],[127.462229,36.783576],[127.462228,36.783563],[127.462237,36.783528],[127.462299,36.783437],[127.46236,36.783352],[127.462399,36.783275],[127.462493,36.783245],[127.46268,36.783048],[127.462696,36.782925],[127.462596,36.782828],[127.462598,36.782774],[127.46262,36.78268],[127.462532,36.782512],[127.46253,36.782456],[127.462548,36.782432],[127.462611,36.782338],[127.46264,36.782251],[127.462707,36.782153]],[[127.463368,36.785726],[127.463572,36.785622],[127.463622,36.785678],[127.46368,36.785728],[127.463744,36.785773],[127.463814,36.785811],[127.463888,36.785843],[127.463967,36.785868],[127.464049,36.785885],[127.464134,36.785896],[127.4648,36.785945],[127.464912,36.785952]],[[127.464139,36.772902],[127.464595,36.772834],[127.464969,36.773015],[127.465529,36.772932],[127.465669,36.773129],[127.465692,36.773222],[127.465839,36.773429],[127.465954,36.773412]],[[127.464139,36.772902],[127.464138,36.773414],[127.464175,36.773504],[127.464174,36.773663]],[[127.45406,36.781619],[127.454073,36.781614],[127.454084,36.781611],[127.454095,36.781607],[127.454105,36.781603],[127.454116,36.781599],[127.454127,36.781595],[127.454138,36.781592],[127.454149,36.781588],[127.454159,36.781584],[127.45417,36.781581],[127.454181,36.781577],[127.454192,36.781573],[127.454203,36.78157],[127.454214,36.781567],[127.454225,36.781563],[127.454236,36.78156],[127.454247,36.781556],[127.454258,36.781553],[127.454269,36.78155],[127.45428,36.781546],[127.454291,36.781543],[127.454302,36.78154],[127.454313,36.781537],[127.454324,36.781534],[127.454335,36.781531],[127.454346,36.781528],[127.454357,36.781525],[127.454368,36.781522],[127.454379,36.781519],[127.45439,36.781516],[127.454402,36.781513],[127.454413,36.78151],[127.454424,36.781507],[127.454435,36.781504],[127.454446,36.781502],[127.454458,36.781499],[127.454469,36.781496],[127.45448,36.781494],[127.454492,36.781491],[127.454503,36.781489],[127.454514,36.781486],[127.454526,36.781483],[127.454538,36.781481],[127.454549,36.781479],[127.45456,36.781476],[127.454572,36.781474],[127.454582,36.781472],[127.454593,36.78147],[127.454605,36.781467],[127.454616,36.781465],[127.454627,36.781463],[127.454639,36.781461],[127.45465,36.781459],[127.454661,36.781457],[127.454673,36.781455],[127.454684,36.781453],[127.454695,36.781451],[127.454706,36.781449],[127.454718,36.781447],[127.454729,36.781445],[127.45474,36.781443],[127.454751,36.781441],[127.454763,36.781439],[127.454774,36.781437],[127.454785,36.781436],[127.454796,36.781434],[127.454807,36.781432],[127.454819,36.78143],[127.45483,36.781429],[127.454841,36.781427],[127.454852,36.781425],[127.454863,36.781423],[127.454874,36.781422],[127.454886,36.78142],[127.454897,36.781418],[127.454908,36.781417],[127.454919,36.781415],[127.45493,36.781413],[127.454941,36.781412],[127.454952,36.78141],[127.454963,36.781408],[127.454975,36.781407],[127.454986,36.781405],[127.454997,36.781403],[127.455008,36.781402],[127.455019,36.7814],[127.455029,36.781399],[127.455249,36.781366],[127.45547,36.781333],[127.45569,36.7813],[127.455784,36.781286],[127.455931,36.781223],[127.456791,36.781095]],[[127.455036,36.777305],[127.454994,36.777121],[127.454975,36.777102],[127.454893,36.77696]],[[127.454848,36.776411],[127.454781,36.776239],[127.454738,36.776062],[127.454697,36.775884],[127.454661,36.77575],[127.454643,36.775708],[127.454606,36.775625],[127.454551,36.775543],[127.454506,36.775495],[127.454473,36.775368],[127.454441,36.775196]],[[127.454848,36.776411],[127.454868,36.7765],[127.454889,36.77659],[127.454877,36.776773],[127.45489,36.776951]],[[127.454515,36.775039],[127.454439,36.775187]],[[127.454393,36.774669],[127.454395,36.774671],[127.454396,36.774672],[127.454397,36.774674],[127.454398,36.774676],[127.454399,36.774677],[127.454399,36.774679],[127.4544,36.77468],[127.454401,36.774682],[127.454402,36.774683],[127.454403,36.774685],[127.454404,36.774686],[127.454405,36.774688],[127.454406,36.774689],[127.454407,36.774691],[127.454408,36.774692],[127.454409,36.774694],[127.45441,36.774695],[127.454411,36.774697],[127.454411,36.774698],[127.454412,36.7747],[127.454413,36.774701],[127.454414,36.774703],[127.454415,36.774705],[127.454416,36.774706],[127.454417,36.774708],[127.454418,36.774709],[127.454419,36.774711],[127.454419,36.774712],[127.45442,36.774714],[127.454421,36.774715],[127.454422,36.774717],[127.454423,36.774718],[127.454424,36.77472],[127.454425,36.774722],[127.454425,36.774723],[127.454426,36.774725],[127.454427,36.774726],[127.454428,36.774728],[127.454429,36.774729],[127.45443,36.774731],[127.45443,36.774732],[127.454431,36.774734],[127.454432,36.774736],[127.454433,36.774737],[127.454434,36.774739],[127.454435,36.77474],[127.454435,36.774742],[127.454436,36.774743],[127.454437,36.774745],[127.454438,36.774747],[127.454439,36.774748],[127.454439,36.77475],[127.45444,36.774751],[127.454441,36.774753],[127.454442,36.774754],[127.454442,36.774756],[127.454443,36.774758],[127.454444,36.774759],[127.454445,36.774761],[127.454446,36.774762],[127.454446,36.774764],[127.454447,36.774765],[127.454448,36.774767],[127.454449,36.774769],[127.454449,36.77477],[127.45445,36.774772],[127.454451,36.774773],[127.454452,36.774775],[127.454452,36.774777],[127.454453,36.774778],[127.454454,36.77478],[127.454455,36.774781],[127.454455,36.774782],[127.454474,36.774845],[127.454491,36.774909],[127.454504,36.774974],[127.454515,36.775039]],[[127.454393,36.774669],[127.454322,36.774604],[127.454254,36.774543],[127.454088,36.774444],[127.454036,36.77442],[127.453987,36.774392],[127.453941,36.77436],[127.453897,36.774326]],[[127.453614,36.773763],[127.453525,36.773596]],[[127.453614,36.773763],[127.453617,36.773866],[127.453642,36.773967],[127.453688,36.774063],[127.453754,36.774151],[127.453785,36.774195],[127.453819,36.774237],[127.453854,36.774279],[127.45389,36.77432]],[[127.453502,36.772987],[127.453515,36.773043],[127.453394,36.773245],[127.453458,36.773418],[127.453521,36.773588]],[[127.466794,36.777346],[127.466824,36.777344]],[[127.466699,36.777134],[127.466701,36.777132]],[[127.466501,36.77772],[127.466803,36.777543],[127.466787,36.777352]],[[127.466786,36.77734],[127.466783,36.777307],[127.466747,36.777149],[127.466711,36.777145],[127.466703,36.777143]],[[127.466822,36.776726],[127.46678,36.776702],[127.466747,36.776757],[127.466721,36.776812],[127.466687,36.77688],[127.466683,36.77703],[127.466635,36.777119],[127.466689,36.777138]]]}},{"type":"Feature","properties":{"layer":"도수로"},"geometry":{"type":"MultiLineString","coordinates":[[[127.452812,36.779202],[127.452786,36.77926]],[[127.452806,36.7792],[127.45278,36.779258]],[[127.466805,36.77311],[127.466842,36.773273]],[[127.466799,36.773111],[127.466837,36.773274]],[[127.452814,36.777711],[127.452805,36.777671]],[[127.452806,36.777713],[127.452796,36.777673]]]}},{"type":"Feature","properties":{"layer":"횡단구조물"},"geometry":{"type":"MultiLineString","coordinates":[[[127.468143,36.780571],[127.468148,36.780603]],[[127.468139,36.780572],[127.468145,36.780603]],[[127.468052,36.780569],[127.468063,36.780626]],[[127.468063,36.780626],[127.468144,36.7806]],[[127.468064,36.780628],[127.468145,36.780603]],[[127.468052,36.780569],[127.46814,36.780574]],[[127.468053,36.780566],[127.468139,36.780572]],[[127.468063,36.780626],[127.468064,36.780628]],[[127.468052,36.780569],[127.468053,36.780566]],[[127.468143,36.780571],[127.468148,36.780603]],[[127.468139,36.780572],[127.468145,36.780603]],[[127.468052,36.780569],[127.468063,36.780626]],[[127.468063,36.780626],[127.468144,36.7806]],[[127.468064,36.780628],[127.468145,36.780603]],[[127.468052,36.780569],[127.46814,36.780574]],[[127.468053,36.780566],[127.468139,36.780572]],[[127.468063,36.780626],[127.468064,36.780628]],[[127.468052,36.780569],[127.468053,36.780566]],[[127.467727,36.781267],[127.467844,36.78125]],[[127.467727,36.781279],[127.467839,36.781263]],[[127.467727,36.781281],[127.467838,36.781266]],[[127.467727,36.781264],[127.467845,36.781248]],[[127.467721,36.781253],[127.467851,36.781235]],[[127.46772,36.78125],[127.467853,36.781232]],[[127.467724,36.781252],[127.46773,36.781278]],[[127.46772,36.78125],[127.467727,36.781281]],[[127.467653,36.781259],[127.467664,36.781308]],[[127.467653,36.781259],[127.467721,36.781253]],[[127.467653,36.781256],[127.467721,36.78125]],[[127.467664,36.781308],[127.467727,36.781279]],[[127.467666,36.781311],[127.467728,36.781281]],[[127.467664,36.781308],[127.467666,36.781311]]]}},{"type":"Feature","properties":{"layer":"PC암거"},"geometry":{"type":"MultiLineString","coordinates":[[[127.453507,36.77114],[127.453532,36.771134],[127.453557,36.771128],[127.453583,36.771123],[127.453608,36.771118],[127.453863,36.77108]],[[127.46289,36.781788],[127.462707,36.782153]],[[127.468145,36.780586],[127.468228,36.780576]],[[127.46814,36.780574],[127.468238,36.780563]],[[127.468139,36.780572],[127.46824,36.78056]],[[127.468146,36.780588],[127.468226,36.780579]],[[127.468144,36.7806],[127.468216,36.780592]],[[127.468145,36.780603],[127.468214,36.780595]],[[127.468145,36.780586],[127.468228,36.780576]],[[127.46814,36.780574],[127.468238,36.780563]],[[127.468139,36.780572],[127.46824,36.78056]],[[127.468146,36.780588],[127.468226,36.780579]],[[127.468144,36.7806],[127.468216,36.780592]],[[127.468145,36.780603],[127.468214,36.780595]],[[127.456849,36.772431],[127.456408,36.772496]]]}},{"type":"Feature","properties":{"layer":"기존암거"},"geometry":{"type":"MultiLineString","coordinates":[[[127.46819,36.780628],[127.468265,36.780527],[127.468333,36.780563],[127.46826,36.780662],[127.46819,36.780628]]]}},{"type":"Feature","properties":{"layer":"보강토"},"geometry":{"type":"MultiLineString","coordinates":[[[127.454282,36.771028],[127.454282,36.771033],[127.454274,36.771034],[127.454266,36.771035],[127.454258,36.771036],[127.45425,36.771037],[127.453702,36.771118],[127.453701,36.771114],[127.454249,36.771032],[127.454257,36.771031],[127.454265,36.77103],[127.454273,36.771029],[127.454282,36.771028]],[[127.453652,36.771126],[127.453611,36.771132],[127.453586,36.771136],[127.453562,36.771141],[127.453537,36.771147],[127.453513,36.771154],[127.453511,36.771149],[127.453536,36.771142],[127.45356,36.771137],[127.453585,36.771132],[127.45361,36.771127],[127.453651,36.771121],[127.453652,36.771126]],[[127.468862,36.776982],[127.468954,36.776893],[127.469009,36.776836],[127.469059,36.776775],[127.469102,36.776712],[127.46914,36.776646],[127.469272,36.77645],[127.469274,36.776444],[127.469277,36.776435],[127.46928,36.776427],[127.46928,36.776426],[127.469283,36.776418],[127.469286,36.776409],[127.469289,36.7764],[127.469292,36.776392],[127.469295,36.776383],[127.469298,36.776374],[127.469301,36.776366],[127.469304,36.776357],[127.469307,36.776348],[127.469311,36.77634],[127.469314,36.776331],[127.469317,36.776322],[127.46932,36.776314],[127.469323,36.776305],[127.469326,36.776296],[127.469329,36.776288],[127.469332,36.776279],[127.469335,36.77627],[127.469338,36.776262],[127.469341,36.776253],[127.469344,36.776244],[127.469347,36.776236],[127.46935,36.776227],[127.469353,36.776218],[127.469357,36.77621],[127.46936,36.776201],[127.469363,36.776192],[127.469366,36.776184],[127.469369,36.776175],[127.469372,36.776166],[127.469375,36.776158],[127.469378,36.776149],[127.469381,36.77614],[127.469384,36.776132],[127.469387,36.776123],[127.46939,36.776114],[127.469393,36.776106],[127.469395,36.776101],[127.469395,36.776101],[127.46939,36.7761],[127.46939,36.7761],[127.469389,36.776105],[127.469385,36.776113],[127.469382,36.776122],[127.469379,36.776131],[127.469376,36.776139],[127.469373,36.776148],[127.46937,36.776157],[127.469367,36.776165],[127.469364,36.776174],[127.469361,36.776183],[127.469358,36.776191],[127.469355,36.7762],[127.469352,36.776209],[127.469349,36.776217],[127.469346,36.776226],[127.469342,36.776235],[127.469339,36.776243],[127.469336,36.776252],[127.469333,36.776261],[127.46933,36.776269],[127.469327,36.776278],[127.469324,36.776287],[127.469321,36.776295],[127.469318,36.776304],[127.469315,36.776313],[127.469312,36.776321],[127.469309,36.77633],[127.469306,36.776339],[127.469303,36.776347],[127.4693,36.776356],[127.469296,36.776365],[127.469293,36.776373],[127.46929,36.776382],[127.469287,36.776391],[127.469284,36.776399],[127.469281,36.776408],[127.469278,36.776417],[127.469275,36.776425],[127.469275,36.776426],[127.469272,36.776434],[127.469269,36.776443],[127.469267,36.776449],[127.469135,36.776645],[127.469098,36.77671],[127.469054,36.776773],[127.469005,36.776834],[127.46895,36.776891],[127.468858,36.77698],[127.468862,36.776982]],[[127.468366,36.777115],[127.468367,36.777119],[127.46834,36.77712],[127.468313,36.777117],[127.468288,36.77711],[127.468265,36.777098],[127.467913,36.776861],[127.467916,36.776858],[127.468269,36.777095],[127.468291,36.777106],[127.468315,36.777113],[127.46834,36.777116],[127.468366,36.777115]],[[127.468251,36.777112],[127.468269,36.777122],[127.468289,36.777129],[127.468311,36.777133],[127.468333,36.777133],[127.468354,36.77713],[127.468375,36.777123],[127.468393,36.777113],[127.468409,36.777101],[127.468459,36.777052],[127.46876,36.776763],[127.468835,36.776679],[127.468895,36.776589],[127.46894,36.776493],[127.468968,36.776393],[127.468974,36.776332],[127.468974,36.776272],[127.468965,36.776212],[127.46895,36.776153],[127.468943,36.776155],[127.468958,36.776213],[127.468966,36.776272],[127.468967,36.776332],[127.468961,36.776392],[127.468933,36.776491],[127.468889,36.776587],[127.468829,36.776676],[127.468754,36.776759],[127.468454,36.777048],[127.468403,36.777097],[127.46837,36.777118],[127.468332,36.777127],[127.468291,36.777124],[127.468254,36.777109],[127.467524,36.776618],[127.46752,36.776621],[127.468251,36.777112]]]}},{"type":"Feature","properties":{"layer":"gabion"},"geometry":{"type":"MultiLineString","coordinates":[[[127.462896,36.785961],[127.462022,36.784253]],[[127.46289,36.785967],[127.462889,36.785965],[127.462888,36.785964],[127.462887,36.785962],[127.462888,36.78596],[127.462888,36.785958],[127.462889,36.785957],[127.462891,36.785956],[127.462893,36.785955],[127.462895,36.785955],[127.462897,36.785955],[127.462899,36.785955],[127.462901,36.785956],[127.462903,36.785958],[127.462904,36.785961],[127.462904,36.785964],[127.462902,36.785966],[127.462899,36.785968],[127.462896,36.785968],[127.462893,36.785968],[127.46289,36.785967]],[[127.462022,36.784253],[127.462121,36.784211]],[[127.462015,36.784256],[127.462014,36.784254],[127.462014,36.784252],[127.462014,36.784251],[127.462015,36.784249],[127.462016,36.784248],[127.462018,36.784247],[127.46202,36.784246],[127.462022,36.784246],[127.462025,36.784246],[127.462027,36.784247],[127.462028,36.784248],[127.46203,36.784249],[127.462031,36.784252],[127.46203,36.784255],[127.462029,36.784257],[127.462026,36.784259],[127.462023,36.784259],[127.46202,36.784259],[127.462017,36.784258],[127.462015,36.784256]],[[127.462896,36.785961],[127.463195,36.785809]],[[127.461317,36.773534],[127.463469,36.773213]],[[127.461439,36.774063],[127.463972,36.773685],[127.463978,36.773711],[127.461445,36.774089],[127.461439,36.774063]],[[127.465658,36.773133],[127.465523,36.772942],[127.464966,36.773025],[127.464593,36.772844],[127.464151,36.772909],[127.46415,36.773414],[127.464186,36.773414],[127.464187,36.772934],[127.464586,36.772875],[127.464959,36.773056],[127.465504,36.772975],[127.465627,36.773148],[127.465658,36.773133]],[[127.463867,36.77348],[127.463865,36.773481],[127.463863,36.773482],[127.463861,36.773483],[127.463859,36.773482],[127.463857,36.773482],[127.463855,36.773481],[127.463854,36.77348],[127.463853,36.773478],[127.463852,36.773476],[127.463852,36.773475],[127.463853,36.773473],[127.463854,36.773472]],[[127.463867,36.77348],[127.463868,36.773479],[127.463869,36.773477],[127.463869,36.773475],[127.463868,36.773473],[127.463867,36.773472],[127.463866,36.773471],[127.463864,36.77347],[127.463862,36.773469],[127.46386,36.773469],[127.463858,36.773469],[127.463856,36.77347],[127.463854,36.773472]],[[127.463469,36.773213],[127.463861,36.773476]],[[127.463475,36.773218],[127.463473,36.773219],[127.46347,36.77322],[127.463467,36.77322],[127.463464,36.773219],[127.463461,36.773216],[127.463461,36.773214],[127.463461,36.773211],[127.463462,36.773209]],[[127.463475,36.773218],[127.463477,36.773215],[127.463477,36.773213],[127.463476,36.77321],[127.463474,36.773208],[127.463471,36.773207],[127.463468,36.773207],[127.463465,36.773207],[127.463462,36.773209]],[[127.461317,36.773534],[127.461411,36.773942]],[[127.461319,36.773541],[127.461316,36.773541],[127.461313,36.773539],[127.46131,36.773538],[127.461309,36.773535],[127.461309,36.773532],[127.46131,36.77353],[127.461313,36.773528],[127.461316,36.773527]],[[127.461319,36.773541],[127.461322,36.77354],[127.461324,36.773538],[127.461326,36.773535],[127.461326,36.773533],[127.461324,36.77353],[127.461322,36.773528],[127.461319,36.773527],[127.461316,36.773527]],[[127.463574,36.785613],[127.463624,36.785669],[127.463682,36.78572],[127.463745,36.785765],[127.463815,36.785803],[127.463889,36.785835],[127.463968,36.785861],[127.46405,36.785879],[127.464135,36.785889],[127.464801,36.785938],[127.464801,36.785941],[127.464135,36.785891],[127.464049,36.785881],[127.463967,36.785863],[127.463888,36.785838],[127.463813,36.785805],[127.463743,36.785767],[127.46368,36.785722],[127.463622,36.785671],[127.463572,36.785614],[127.463574,36.785613]],[[127.462472,36.784061],[127.462825,36.7846],[127.462931,36.784844],[127.463168,36.785402],[127.463371,36.785719],[127.463573,36.785616],[127.463572,36.785614],[127.463372,36.785716],[127.46317,36.785401],[127.462934,36.784844],[127.462828,36.784599],[127.462475,36.784061],[127.462472,36.784061]],[[127.464749,36.786389],[127.464083,36.78634],[127.463934,36.786322],[127.463789,36.78629],[127.463651,36.786246],[127.463521,36.78619],[127.463399,36.786122],[127.463287,36.786043],[127.463187,36.785954],[127.463099,36.785855]],[[127.463093,36.785861],[127.463092,36.785858],[127.463092,36.785856],[127.463093,36.785853],[127.463096,36.785852],[127.463099,36.785851],[127.463102,36.785851],[127.463105,36.785852],[127.463107,36.785854],[127.463108,36.785856],[127.463108,36.785859],[127.463107,36.785861],[127.463105,36.785863],[127.463101,36.785864],[127.463098,36.785864],[127.463095,36.785863],[127.463093,36.785861]],[[127.464749,36.786389],[127.46476,36.7863]],[[127.464749,36.786396],[127.464745,36.786395],[127.464743,36.786394],[127.464741,36.786391],[127.464741,36.786389],[127.464742,36.786386],[127.464744,36.786384],[127.464747,36.786383],[127.46475,36.786383],[127.464752,36.786383],[127.464754,36.786384],[127.464756,36.786385],[127.464757,36.786386],[127.464758,36.786388],[127.464758,36.78639],[127.464757,36.786392],[127.464756,36.786393],[127.464755,36.786395],[127.464753,36.786395],[127.464751,36.786396],[127.464749,36.786396]],[[127.463861,36.773476],[127.463905,36.773559]],[[127.4659,36.773023],[127.465899,36.773021],[127.465898,36.77302],[127.465899,36.773018],[127.4659,36.773016],[127.465901,36.773015],[127.465903,36.773014],[127.465905,36.773013],[127.465907,36.773013],[127.465909,36.773013],[127.465911,36.773014],[127.465913,36.773015],[127.465914,36.773016]],[[127.4659,36.773023],[127.465902,36.773025],[127.465905,36.773026],[127.465908,36.773026],[127.465911,36.773025],[127.465914,36.773024],[127.465915,36.773021],[127.465915,36.773019],[127.465914,36.773016]],[[127.465907,36.77302],[127.465809,36.773065]],[[127.463861,36.773414],[127.463862,36.772715],[127.464891,36.772562],[127.465032,36.772551],[127.46517,36.772556],[127.465304,36.772579],[127.465431,36.772618],[127.46555,36.772671],[127.465658,36.772739],[127.465753,36.77282],[127.465832,36.772914],[127.465907,36.77302]],[[127.463861,36.773414],[127.463973,36.773414]],[[127.463867,36.773418],[127.463865,36.77342],[127.463864,36.77342],[127.463861,36.773421],[127.463859,36.773421],[127.463857,36.77342],[127.463855,36.773419],[127.463854,36.773418],[127.463853,36.773416],[127.463852,36.773415],[127.463852,36.773413],[127.463853,36.773411],[127.463854,36.77341]],[[127.463867,36.773418],[127.463869,36.773416],[127.463869,36.773413],[127.463868,36.773411],[127.463866,36.773409],[127.463863,36.773408],[127.46386,36.773407],[127.463857,36.773408],[127.463854,36.77341]]]}},{"type":"Feature","properties":{"layer":"사면"},"geometry":{"type":"MultiLineString","coordinates":[[[127.468405,36.776987],[127.468409,36.77702]],[[127.468405,36.776987],[127.468403,36.77702]],[[127.468405,36.776987],[127.468387,36.777053]],[[127.468405,36.776987],[127.468389,36.777018]],[[127.468405,36.776987],[127.468383,36.777016]]]}},{"type":"Feature","properties":{"layer":"사면우수"},"geometry":{"type":"MultiLineString","coordinates":[[[127.457471,36.781315],[127.457889,36.780932]],[[127.457837,36.780956],[127.457889,36.780932],[127.457867,36.780977],[127.457837,36.780956]]]}},{"type":"Feature","properties":{"layer":"SLOPE"},"geometry":{"type":"MultiLineString","coordinates":[[[127.466248,36.77894],[127.466189,36.778981]],[[127.466189,36.778981],[127.466175,36.77892]],[[127.466175,36.77892],[127.466248,36.77894]],[[127.466116,36.780479],[127.466065,36.780431]],[[127.466065,36.780431],[127.466142,36.78042]],[[127.466142,36.78042],[127.466116,36.780479]],[[127.468154,36.777346],[127.468077,36.777336]],[[127.468077,36.777336],[127.468127,36.777288]],[[127.468127,36.777288],[127.468154,36.777346]],[[127.467933,36.777559],[127.467857,36.777548]],[[127.467857,36.777548],[127.467906,36.7775]],[[127.467906,36.7775],[127.467933,36.777559]],[[127.468169,36.782376],[127.468137,36.782319]],[[127.468137,36.782319],[127.468214,36.782325]],[[127.468214,36.782325],[127.468169,36.782376]],[[127.466222,36.780694],[127.466152,36.78072]],[[127.466152,36.78072],[127.466159,36.780658]],[[127.466159,36.780658],[127.466222,36.780694]],[[127.467182,36.781932],[127.467146,36.781877]],[[127.467146,36.781877],[127.467224,36.781879]],[[127.467224,36.781879],[127.467182,36.781932]],[[127.466917,36.783842],[127.466885,36.783785]],[[127.466885,36.783785],[127.466962,36.783791]],[[127.466962,36.783791],[127.466917,36.783842]],[[127.468961,36.776194],[127.468902,36.776234]],[[127.468902,36.776234],[127.468888,36.776173]],[[127.468888,36.776173],[127.468961,36.776194]],[[127.453882,36.781035],[127.453941,36.780995]],[[127.453941,36.780995],[127.453955,36.781056]],[[127.453955,36.781056],[127.453882,36.781035]],[[127.463579,36.785611],[127.463543,36.785666]],[[127.463543,36.785666],[127.463501,36.785613]],[[127.463501,36.785613],[127.463579,36.785611]],[[127.462925,36.785683],[127.462892,36.785626]],[[127.462892,36.785626],[127.462969,36.785632]],[[127.462969,36.785632],[127.462925,36.785683]],[[127.468169,36.782376],[127.468137,36.782319]],[[127.468137,36.782319],[127.468214,36.782325]],[[127.468214,36.782325],[127.468169,36.782376]],[[127.466591,36.779758],[127.466541,36.779711]],[[127.466541,36.779711],[127.466617,36.779699]],[[127.466617,36.779699],[127.466591,36.779758]],[[127.466412,36.780806],[127.466379,36.780749]],[[127.466379,36.780749],[127.466457,36.780755]],[[127.466457,36.780755],[127.466412,36.780806]],[[127.468073,36.777727],[127.468087,36.777666]],[[127.468087,36.777666],[127.468146,36.777706]],[[127.468146,36.777706],[127.468073,36.777727]],[[127.465752,36.773085],[127.465693,36.773126]],[[127.465693,36.773126],[127.465678,36.773064]],[[127.465678,36.773064],[127.465752,36.773085]],[[127.454079,36.779976],[127.454139,36.779935]],[[127.454139,36.779935],[127.454153,36.779997]],[[127.454153,36.779997],[127.454079,36.779976]],[[127.455115,36.775022],[127.455065,36.774975]],[[127.455065,36.774975],[127.455141,36.774963]],[[127.455141,36.774963],[127.455115,36.775022]],[[127.457057,36.774747],[127.457007,36.774699]],[[127.457007,36.774699],[127.457083,36.774688]],[[127.457083,36.774688],[127.457057,36.774747]],[[127.45603,36.778995],[127.455979,36.778948]],[[127.455979,36.778948],[127.456056,36.778937]],[[127.456056,36.778937],[127.45603,36.778995]],[[127.459351,36.774405],[127.459301,36.774358]],[[127.459301,36.774358],[127.459377,36.774346]],[[127.459377,36.774346],[127.459351,36.774405]],[[127.462792,36.775244],[127.462733,36.775285]],[[127.462733,36.775285],[127.462719,36.775223]],[[127.462719,36.775223],[127.462792,36.775244]],[[127.468559,36.774385],[127.4685,36.774426]],[[127.4685,36.774426],[127.468486,36.774364]],[[127.468486,36.774364],[127.468559,36.774385]],[[127.465179,36.778875],[127.465129,36.778828]],[[127.465129,36.778828],[127.465205,36.778816]],[[127.465205,36.778816],[127.465179,36.778875]],[[127.463491,36.778358],[127.463432,36.778399]],[[127.463432,36.778399],[127.463418,36.778337]],[[127.463418,36.778337],[127.463491,36.778358]],[[127.464767,36.785823],[127.464734,36.785766]],[[127.464734,36.785766],[127.464812,36.785772]],[[127.464812,36.785772],[127.464767,36.785823]],[[127.464929,36.784409],[127.464897,36.784353]],[[127.464897,36.784353],[127.464974,36.784358]],[[127.464974,36.784358],[127.464929,36.784409]],[[127.465015,36.780852],[127.464965,36.780804]],[[127.464965,36.780804],[127.465041,36.780793]],[[127.465041,36.780793],[127.465015,36.780852]],[[127.467873,36.780737],[127.467797,36.780726]],[[127.467797,36.780726],[127.467847,36.780679]],[[127.467847,36.780679],[127.467873,36.780737]]]}},{"type":"Feature","properties":{"layer":"면벽"},"geometry":{"type":"MultiLineString","coordinates":[[[127.46819,36.780628],[127.468184,36.780625],[127.468259,36.780525],[127.468265,36.780527],[127.46819,36.780628]],[[127.46819,36.780628],[127.468184,36.780625],[127.468259,36.780525],[127.468265,36.780527],[127.46819,36.780628]]]}},{"type":"Feature","properties":{"layer":"plan"},"geometry":{"type":"MultiLineString","coordinates":[[[127.462993,36.77677],[127.462994,36.77677],[127.462995,36.776771],[127.462996,36.776772],[127.462997,36.776772]],[[127.457307,36.777546],[127.457456,36.777551],[127.457621,36.777526],[127.457758,36.777479],[127.461935,36.776856],[127.462085,36.776862],[127.46225,36.776837],[127.462387,36.776789],[127.462809,36.776726],[127.46282,36.776725],[127.462831,36.776725],[127.462842,36.776725],[127.462853,36.776726],[127.46289,36.776733],[127.462926,36.776742],[127.46296,36.776754],[127.462993,36.77677],[127.462997,36.776772],[127.463032,36.776793],[127.463063,36.776816],[127.463091,36.776843],[127.463114,36.776873],[127.463118,36.77688],[127.463122,36.776887],[127.463126,36.776895],[127.463129,36.776902],[127.463213,36.77715],[127.463636,36.77899],[127.463712,36.779318],[127.463865,36.779983],[127.463893,36.780116],[127.463915,36.78025],[127.463931,36.780384],[127.463942,36.780518],[127.463832,36.780602],[127.463181,36.780554],[127.463012,36.780566],[127.462649,36.780557],[127.462479,36.780549],[127.46231,36.780544],[127.46214,36.78054],[127.461971,36.780538],[127.461969,36.780538],[127.461967,36.780538],[127.461966,36.780539],[127.461964,36.780539],[127.461628,36.780548],[127.461247,36.780561],[127.460867,36.780585],[127.460489,36.780618],[127.460112,36.780662],[127.459946,36.780684],[127.45988,36.780694],[127.459659,36.780727],[127.459439,36.78076],[127.459219,36.780793],[127.458998,36.780825],[127.458858,36.780846],[127.458469,36.780862],[127.457237,36.781046],[127.457112,36.780977],[127.456815,36.779683],[127.456821,36.779563],[127.456791,36.77943],[127.456731,36.77932],[127.456402,36.777891],[127.4564,36.777881],[127.4564,36.777872],[127.456399,36.777862],[127.4564,36.777852],[127.456408,36.777821],[127.456419,36.77779],[127.456435,36.777761],[127.456455,36.777733],[127.45647,36.777717],[127.456486,36.777703],[127.456504,36.777689],[127.456523,36.777676],[127.456532,36.777671],[127.456541,36.777666],[127.456551,36.777662],[127.456561,36.777659],[127.456569,36.777657],[127.456576,36.777655],[127.456583,36.777654],[127.45659,36.777653],[127.457307,36.777546]],[[127.458845,36.780757],[127.458456,36.780773],[127.457111,36.780973]],[[127.458845,36.780757],[127.458978,36.780737],[127.459198,36.780704],[127.459419,36.780671],[127.459639,36.780638],[127.459859,36.780606],[127.459925,36.780596],[127.459927,36.780596],[127.460094,36.780573],[127.460475,36.780529],[127.460857,36.780495],[127.461241,36.780471],[127.461625,36.780458]],[[127.456795,36.781112],[127.455938,36.781239]],[[127.455938,36.781239],[127.455791,36.781302]],[[127.4566,36.780263],[127.456725,36.780332],[127.456881,36.781011],[127.456795,36.781112]],[[127.454095,36.780636],[127.4566,36.780263]],[[127.453831,36.779489],[127.454095,36.780636]],[[127.453971,36.779504],[127.454188,36.780447]],[[127.454034,36.77943],[127.453971,36.779504]],[[127.455175,36.777776],[127.455217,36.777891],[127.455273,36.778002],[127.455343,36.778107],[127.455427,36.778206],[127.455511,36.778306],[127.455579,36.778413],[127.455631,36.778525],[127.455667,36.778642],[127.45575,36.779],[127.455686,36.779074],[127.455362,36.779122],[127.455316,36.779097],[127.455303,36.77904],[127.455193,36.779056],[127.455206,36.779113],[127.455174,36.77915],[127.4538,36.779355]],[[127.454979,36.777426],[127.455052,36.777741]],[[127.456299,36.778955],[127.456385,36.778855]],[[127.455968,36.779005],[127.456299,36.778955]],[[127.455555,36.774433],[127.455545,36.77439],[127.455545,36.77439],[127.45551,36.774238]],[[127.455284,36.77283],[127.45702,36.772571],[127.457096,36.772566],[127.457171,36.772573],[127.457243,36.772592],[127.45731,36.772623],[127.457976,36.773003],[127.458032,36.773042],[127.458076,36.773088],[127.45811,36.77314],[127.45813,36.773197],[127.458422,36.774465],[127.458358,36.774539],[127.458283,36.77455],[127.458006,36.774605],[127.456318,36.774857],[127.455979,36.774894],[127.455766,36.774925]],[[127.455133,36.77693],[127.455086,36.776801]],[[127.454954,36.776822],[127.455,36.777095]],[[127.454706,36.775744],[127.454954,36.776822]],[[127.45466,36.775615],[127.454706,36.775744]],[[127.454838,36.775723],[127.455086,36.776801]],[[127.455902,36.776535],[127.455687,36.775598]],[[127.455476,36.775106],[127.455568,36.775157]],[[127.455568,36.775157],[127.45564,36.775469]],[[127.454753,36.775278],[127.454792,36.77545]],[[127.454838,36.775723],[127.454792,36.77545]],[[127.454526,36.775036],[127.45466,36.775615]],[[127.455085,36.772389],[127.454865,36.771431]],[[127.454264,36.771099],[127.454365,36.771092],[127.454465,36.771101],[127.454561,36.771126],[127.45465,36.771165],[127.454727,36.771218],[127.45479,36.771281],[127.454836,36.771353],[127.454865,36.771431]],[[127.454264,36.771099],[127.453757,36.771175]],[[127.453702,36.771144],[127.453757,36.771175]],[[127.453702,36.771144],[127.45369,36.771093]],[[127.455445,36.774973],[127.455509,36.774899],[127.455469,36.774727],[127.455423,36.774454],[127.455177,36.773383],[127.45513,36.773253],[127.454997,36.772675],[127.454997,36.772675],[127.454993,36.772658],[127.45499,36.772642],[127.454987,36.772626],[127.454984,36.772609],[127.454943,36.772368],[127.454732,36.771451],[127.454712,36.771393],[127.454677,36.77134],[127.454631,36.771293],[127.454574,36.771254],[127.454508,36.771225],[127.454437,36.771207],[127.454363,36.7712],[127.454289,36.771205],[127.45365,36.771301],[127.453576,36.771318],[127.45351,36.771346],[127.453452,36.771383],[127.453405,36.771428],[127.45337,36.77148],[127.453347,36.771536],[127.453338,36.771596],[127.453345,36.771658],[127.453819,36.773718],[127.453842,36.7738],[127.453873,36.77388],[127.453912,36.773957],[127.453959,36.774031],[127.454013,36.774102],[127.454074,36.774169],[127.454141,36.774233],[127.454216,36.774292],[127.454336,36.774391],[127.454439,36.7745],[127.454526,36.774619],[127.454594,36.774745],[127.454622,36.774813],[127.454648,36.774881],[127.454672,36.77495],[127.454694,36.775019],[127.454788,36.775071],[127.455445,36.774973]],[[127.456603,36.772248],[127.456655,36.772477],[127.456617,36.772521]],[[127.461328,36.774072],[127.461289,36.774116],[127.459215,36.774425],[127.458876,36.774462],[127.458646,36.774496],[127.458554,36.774445],[127.458262,36.773177],[127.458235,36.7731],[127.45819,36.77303],[127.458129,36.772967],[127.458054,36.772915],[127.457387,36.772534],[127.457297,36.772493],[127.4572,36.772468],[127.457098,36.772458],[127.456995,36.772465],[127.456749,36.772502],[127.456694,36.772471],[127.456641,36.772243]],[[127.461328,36.774072],[127.461311,36.774001],[127.461296,36.773967],[127.461268,36.77394],[127.461231,36.773921],[127.461188,36.773913],[127.460913,36.773899],[127.460847,36.773887],[127.460791,36.773858],[127.46075,36.773816],[127.460727,36.773765],[127.460727,36.77371],[127.460749,36.773659],[127.46079,36.773617],[127.460848,36.773588],[127.460994,36.773539],[127.461029,36.773524],[127.461061,36.773507],[127.461091,36.773486],[127.461117,36.773462],[127.461701,36.772848],[127.461735,36.77282],[127.461776,36.7728],[127.461821,36.772788],[127.461869,36.772785],[127.461917,36.772791],[127.461961,36.772806],[127.461999,36.772828],[127.46203,36.772858],[127.462306,36.773198],[127.462332,36.773224],[127.462365,36.773245],[127.462402,36.773259],[127.462443,36.773267],[127.462485,36.773267],[127.462525,36.77326],[127.462563,36.773246],[127.462596,36.773226],[127.462673,36.773167],[127.462713,36.77313],[127.462743,36.773086],[127.462761,36.773039],[127.462767,36.77299],[127.462765,36.772734]],[[127.462833,36.772734],[127.462834,36.772989],[127.462827,36.77305],[127.462804,36.773108],[127.462768,36.77316],[127.462719,36.773207],[127.462643,36.773265],[127.462597,36.773292],[127.462546,36.773311],[127.462492,36.773321],[127.462435,36.77332],[127.46238,36.77331],[127.462329,36.773291],[127.462285,36.773263],[127.462249,36.773228],[127.461974,36.772888],[127.461953,36.772868],[127.461928,36.772853],[127.461898,36.772843],[127.461867,36.772839],[127.461834,36.772841],[127.461804,36.772849],[127.461777,36.772862],[127.461755,36.772881],[127.46117,36.773495],[127.461138,36.773524],[127.461102,36.77355],[127.461063,36.773571],[127.46102,36.773588],[127.460874,36.773638],[127.460836,36.773657],[127.460808,36.773685],[127.460793,36.773719],[127.460793,36.773756],[127.460808,36.77379],[127.460836,36.773818],[127.460873,36.773837],[127.460918,36.773845],[127.461192,36.773859],[127.461257,36.773872],[127.461313,36.7739],[127.461354,36.773941],[127.461377,36.773992],[127.461394,36.774062]],[[127.469483,36.775537],[127.469359,36.775554],[127.469289,36.775559],[127.46922,36.775553],[127.469154,36.775536],[127.469093,36.77551],[127.469092,36.775509],[127.469092,36.775509],[127.469091,36.775509],[127.46909,36.775509],[127.469033,36.775471],[127.468987,36.775426],[127.468952,36.775374],[127.468932,36.775317],[127.468907,36.775209],[127.468845,36.775035],[127.468484,36.773466]],[[127.46949,36.776171],[127.469324,36.776638]],[[127.468872,36.776838],[127.467999,36.777678]],[[127.467999,36.777678],[127.468147,36.777777]],[[127.468147,36.777777],[127.468396,36.777538]],[[127.468248,36.777438],[127.468396,36.777538]],[[127.468359,36.777149],[127.468303,36.777153]],[[127.467373,36.776528],[127.468303,36.777153]],[[127.463932,36.779171],[127.465278,36.77897]],[[127.464114,36.780542],[127.464104,36.780395],[127.464087,36.780249],[127.464063,36.780103],[127.464033,36.779958],[127.463869,36.779245]],[[127.465023,36.78069],[127.464218,36.780631]],[[127.466754,36.780594],[127.466754,36.780594]],[[127.466736,36.780753],[127.466832,36.780846],[127.46732,36.780883],[127.467441,36.780912],[127.468062,36.780958],[127.46826,36.780772]],[[127.466558,36.781981],[127.466349,36.783799]],[[127.466349,36.783799],[127.466079,36.786153],[127.466073,36.786211],[127.466069,36.786269],[127.466066,36.786326],[127.466065,36.786384],[127.466059,36.787336],[127.46606,36.787361],[127.46606,36.787386],[127.466061,36.787411],[127.466063,36.787436]],[[127.465979,36.785849],[127.465893,36.785906],[127.464148,36.785777],[127.464031,36.785759],[127.463921,36.785723],[127.463823,36.785671],[127.463738,36.785603],[127.463671,36.785524],[127.463626,36.785436],[127.463602,36.785343],[127.463601,36.785247],[127.463632,36.784978]],[[127.463263,36.780833],[127.46324,36.780916],[127.463184,36.781085],[127.463173,36.781112],[127.46315,36.781314],[127.463112,36.781517],[127.463036,36.78171],[127.46301,36.781764],[127.462944,36.781856],[127.462912,36.781902],[127.462897,36.781935]],[[127.463151,36.780825],[127.463804,36.780874]],[[127.463804,36.780874],[127.463902,36.780966]],[[127.468968,36.776393],[127.46894,36.776493],[127.468895,36.776589],[127.468835,36.776679],[127.46876,36.776763]],[[127.467682,36.777504],[127.467852,36.777583]],[[127.465484,36.778991],[127.465512,36.779113]],[[127.465153,36.780932],[127.464815,36.780922],[127.464259,36.78088],[127.464144,36.78096],[127.464142,36.780993],[127.464139,36.781025],[127.464135,36.781058],[127.464132,36.781091],[127.464123,36.781166],[127.464072,36.781295],[127.463732,36.784256]],[[127.467949,36.777544],[127.467908,36.777583]],[[127.467316,36.776584],[127.468245,36.777208]],[[127.45551,36.774238],[127.45551,36.774238],[127.45551,36.774238],[127.455309,36.773362]],[[127.453213,36.771677],[127.453204,36.771594],[127.453216,36.771513],[127.453247,36.771436],[127.453295,36.771367],[127.453358,36.771306],[127.453436,36.771256],[127.453525,36.771218],[127.453625,36.771194]],[[127.453213,36.771677],[127.453687,36.773738]],[[127.467221,36.776591],[127.467046,36.77676]],[[127.467152,36.776544],[127.467201,36.776513],[127.467259,36.7765],[127.467319,36.776505],[127.467373,36.776528]],[[127.466623,36.777734],[127.466465,36.777758]],[[127.466883,36.776692],[127.466825,36.776747]],[[127.467221,36.776591],[127.467242,36.776577],[127.467267,36.776571],[127.467292,36.776573],[127.467316,36.776584]],[[127.467787,36.777394],[127.467735,36.777444]],[[127.467949,36.777544],[127.467944,36.777499]],[[127.466883,36.776692],[127.466921,36.776718]],[[127.466783,36.776719],[127.466993,36.77686]],[[127.466977,36.776714],[127.466921,36.776718]],[[127.467051,36.776805],[127.468001,36.777443]],[[127.466993,36.77686],[127.467086,36.776922]],[[127.468057,36.777439],[127.468001,36.777443]],[[127.46825,36.777253],[127.468245,36.777208]],[[127.467046,36.77676],[127.467051,36.776805]],[[127.467152,36.776544],[127.466977,36.776714]],[[127.46711,36.776953],[127.467206,36.777219],[127.467225,36.77726],[127.467244,36.777293],[127.467268,36.777323],[127.467297,36.777349],[127.467332,36.777372],[127.467514,36.777475],[127.467646,36.77755]],[[127.467086,36.776922],[127.46711,36.776953]],[[127.454125,36.774372],[127.454233,36.774461],[127.454327,36.774559],[127.454405,36.774666],[127.454466,36.774779]],[[127.454125,36.774372],[127.454043,36.774307],[127.453968,36.774237],[127.453901,36.774162],[127.453841,36.774084],[127.45379,36.774002],[127.453747,36.773916],[127.453712,36.773828],[127.453687,36.773738]],[[127.46825,36.777253],[127.468057,36.777439]],[[127.46876,36.776763],[127.468359,36.777149]],[[127.467808,36.777625],[127.467818,36.777669]],[[127.467323,36.781093],[127.46845,36.781177]],[[127.467908,36.777583],[127.467852,36.777583]],[[127.454816,36.775204],[127.454753,36.775278]],[[127.461449,36.774093],[127.467883,36.773134]],[[127.468383,36.773231],[127.468399,36.773219],[127.468452,36.773205],[127.468666,36.77324],[127.468703,36.773251],[127.468735,36.773288],[127.468735,36.773349],[127.468725,36.7734],[127.468635,36.77359],[127.468778,36.773634]],[[127.462833,36.772734],[127.46216,36.772736],[127.462156,36.772016],[127.462828,36.772013],[127.462833,36.772734]],[[127.467646,36.77755],[127.467808,36.777625]],[[127.461394,36.774062],[127.461449,36.774093]],[[127.461328,36.774072],[127.461289,36.774116]],[[127.455633,36.77899],[127.453484,36.77931]],[[127.465352,36.779011],[127.465708,36.780557]],[[127.46556,36.779319],[127.46561,36.77926],[127.466155,36.779179]],[[127.468255,36.780655],[127.46832,36.78057]],[[127.46556,36.779319],[127.465815,36.780429]],[[127.455338,36.778261],[127.455239,36.778142],[127.455157,36.778015],[127.455095,36.777881],[127.455052,36.777741]],[[127.465352,36.779011],[127.465278,36.77897]],[[127.455557,36.778658],[127.455633,36.77899]],[[127.466194,36.780593],[127.46623,36.780628]],[[127.466185,36.780433],[127.466116,36.780479]],[[127.463816,36.782203],[127.46358,36.784258]],[[127.465708,36.780557],[127.466194,36.780593]],[[127.465857,36.780459],[127.466116,36.780479]],[[127.466227,36.779222],[127.466246,36.779421],[127.466254,36.779621],[127.466249,36.779821],[127.466232,36.78002]],[[127.466231,36.779057],[127.466263,36.779021]],[[127.465484,36.778991],[127.465535,36.778932]],[[127.466232,36.78002],[127.466185,36.780433]],[[127.466155,36.779179],[127.466227,36.779222]],[[127.465952,36.786083],[127.465945,36.786143],[127.465939,36.786203],[127.465935,36.786263],[127.465932,36.786323],[127.465931,36.786384],[127.465926,36.787209],[127.465899,36.787209]],[[127.465881,36.786014],[127.465952,36.786083]],[[127.465512,36.779113],[127.465586,36.779153],[127.466231,36.779057]],[[127.466388,36.779701],[127.466449,36.779754]],[[127.465815,36.780429],[127.465857,36.780459]],[[127.466378,36.77991],[127.466444,36.779862]],[[127.466795,36.779884],[127.466844,36.779847]],[[127.466801,36.779754],[127.466847,36.779793]],[[127.468493,36.781218],[127.468487,36.78127]],[[127.468604,36.781227],[127.468598,36.781278]],[[127.469006,36.781051],[127.469163,36.781087],[127.469317,36.781132],[127.469466,36.781186],[127.469611,36.781248]],[[127.468656,36.781192],[127.468875,36.78122],[127.469089,36.781267],[127.469295,36.781331],[127.469493,36.781412],[127.469545,36.781436]],[[127.468493,36.781218],[127.46845,36.781177]],[[127.455259,36.772723],[127.456617,36.772521]],[[127.468604,36.781227],[127.468656,36.781192]],[[127.455284,36.77283],[127.45522,36.772904]],[[127.45526,36.772723],[127.455167,36.772672]],[[127.463829,36.781941],[127.463743,36.781998]],[[127.462662,36.781912],[127.462732,36.78192],[127.462802,36.781927],[127.462873,36.781933],[127.462943,36.781939],[127.463743,36.781998]],[[127.462545,36.782034],[127.46264,36.782046],[127.462736,36.782056],[127.462832,36.782066],[127.462928,36.782073],[127.463744,36.782134]],[[127.462613,36.781831],[127.462662,36.781912]],[[127.462444,36.782074],[127.462545,36.782034]],[[127.463744,36.782134],[127.463816,36.782203]],[[127.463372,36.785716],[127.463579,36.785611]],[[127.466795,36.779884],[127.466791,36.779928],[127.466788,36.779972],[127.466783,36.780017],[127.466779,36.780061],[127.466739,36.780406]],[[127.453663,36.77115],[127.453625,36.771194]],[[127.466654,36.78115],[127.466558,36.781981]],[[127.465926,36.787209],[127.465925,36.787335],[127.465925,36.787365],[127.465926,36.787396],[127.465928,36.787426],[127.46593,36.787456]],[[127.46604,36.787437],[127.466044,36.787475],[127.466048,36.787513],[127.466054,36.787551],[127.466061,36.787589]],[[127.45633,36.779088],[127.454034,36.77943]],[[127.453761,36.779444],[127.453718,36.779442],[127.453675,36.779437],[127.453633,36.779429],[127.453592,36.779418],[127.452309,36.779043]],[[127.452309,36.779043],[127.45225,36.779022],[127.452195,36.778995],[127.452146,36.778963],[127.452102,36.778927],[127.452064,36.778886],[127.452033,36.778841],[127.452009,36.778793],[127.451993,36.778743]],[[127.451993,36.778743],[127.451873,36.778218]],[[127.451873,36.778218],[127.451864,36.778138],[127.451876,36.778061],[127.451905,36.777988],[127.451951,36.777921],[127.452012,36.777863],[127.452086,36.777815],[127.452172,36.777779],[127.452268,36.777756]],[[127.452268,36.777756],[127.454994,36.77735]],[[127.45234,36.778975],[127.452291,36.778958],[127.452247,36.778936],[127.45217,36.77888],[127.452114,36.77881],[127.452094,36.778771],[127.452081,36.77873]],[[127.4538,36.779355],[127.453747,36.77936],[127.453693,36.779359],[127.45364,36.779353],[127.453589,36.779341]],[[127.46778,36.782687],[127.467768,36.782739],[127.467745,36.782789],[127.467714,36.782835],[127.467673,36.782878],[127.467514,36.783017],[127.467485,36.783041],[127.467454,36.783063],[127.467422,36.783083],[127.467388,36.783102],[127.46733,36.783132],[127.467286,36.783158],[127.467246,36.783187],[127.46721,36.78322],[127.467179,36.783256],[127.46699,36.783505],[127.46696,36.783541],[127.466926,36.783575],[127.466889,36.783607],[127.466848,36.783636],[127.466657,36.783761],[127.466588,36.783816],[127.466536,36.783879],[127.466499,36.78395],[127.466481,36.784026],[127.466227,36.786235],[127.466225,36.786255],[127.466224,36.786275],[127.466223,36.786294],[127.466222,36.786314],[127.46622,36.786721],[127.466224,36.786758],[127.466235,36.786793],[127.466255,36.786826],[127.466281,36.786856],[127.466354,36.786926]],[[127.453589,36.779341],[127.45234,36.778975]],[[127.451961,36.778205],[127.451954,36.778139],[127.451963,36.778076],[127.451987,36.778017],[127.452025,36.777962],[127.452075,36.777914],[127.452135,36.777875],[127.452205,36.777845],[127.452284,36.777827]],[[127.452081,36.77873],[127.451961,36.778205]],[[127.452284,36.777827],[127.455011,36.777421]],[[127.455534,36.778141],[127.455459,36.778052],[127.455395,36.777957],[127.455344,36.777857],[127.455307,36.777753]],[[127.455534,36.778141],[127.455627,36.778251],[127.455702,36.778369],[127.45576,36.778493],[127.455799,36.778622]],[[127.455799,36.778622],[127.455876,36.778954]],[[127.45428,36.780498],[127.456576,36.780156]],[[127.455011,36.777421],[127.455084,36.777462]],[[127.454188,36.780447],[127.45428,36.780498]],[[127.455876,36.778954],[127.455968,36.779005]],[[127.453761,36.779444],[127.453831,36.779489]],[[127.468382,36.773285],[127.468418,36.773327],[127.468447,36.773371],[127.468469,36.773417],[127.468484,36.773466]],[[127.468383,36.773231],[127.468382,36.773285]],[[127.465952,36.787458],[127.465956,36.787494],[127.46596,36.78753],[127.465966,36.787565],[127.465972,36.787601]],[[127.468968,36.776393],[127.468975,36.776299],[127.468964,36.776207],[127.468936,36.776116],[127.468891,36.77603],[127.468883,36.776019],[127.46886,36.775988],[127.468832,36.77596],[127.4688,36.775934],[127.468763,36.775913],[127.468763,36.775912],[127.468762,36.775912],[127.468761,36.775911],[127.46876,36.775911],[127.468729,36.775896],[127.468696,36.775884],[127.468662,36.775874],[127.468627,36.775868],[127.468612,36.775866],[127.468597,36.775866],[127.468582,36.775867],[127.468568,36.775868],[127.466494,36.776177],[127.466431,36.776192],[127.466372,36.776215],[127.466319,36.776246],[127.466273,36.776283],[127.466273,36.776284],[127.466272,36.776284],[127.466271,36.776285],[127.466271,36.776285],[127.466237,36.776331],[127.466214,36.776379],[127.466203,36.776431],[127.466204,36.776484],[127.46622,36.7766],[127.466242,36.77679],[127.466708,36.778811],[127.466754,36.779045],[127.466785,36.77928],[127.466801,36.779517],[127.466801,36.779754]],[[127.467883,36.773134],[127.46799,36.773127],[127.468096,36.773138],[127.468196,36.773166],[127.468288,36.773211]],[[127.468288,36.773211],[127.468355,36.773209]],[[127.468355,36.773209],[127.468408,36.773166]],[[127.46677,36.781072],[127.467205,36.781105]],[[127.467205,36.781105],[127.467323,36.781093]],[[127.46677,36.781072],[127.466654,36.78115]],[[127.465515,36.780769],[127.465686,36.780752]],[[127.45633,36.779088],[127.456454,36.779157]],[[127.454816,36.775204],[127.455476,36.775106]],[[127.467285,36.777056],[127.467944,36.777499]],[[127.467285,36.777056],[127.467228,36.777085]],[[127.467228,36.777085],[127.46727,36.777202],[127.467288,36.777242],[127.467302,36.777267],[127.467321,36.77729],[127.467344,36.777311],[127.46737,36.777328],[127.467553,36.777431],[127.467682,36.777504]],[[127.467997,36.776713],[127.468477,36.777035]],[[127.455338,36.778261],[127.455414,36.778352],[127.455477,36.778449],[127.455524,36.778552],[127.455557,36.778658]],[[127.469541,36.77571],[127.469543,36.775698],[127.469402,36.775719],[127.469309,36.775743],[127.469228,36.775786],[127.469165,36.775845],[127.469122,36.775916],[127.469121,36.775918],[127.46912,36.77592],[127.469119,36.775923],[127.469118,36.775925],[127.469102,36.775964],[127.469093,36.776005],[127.469092,36.776046],[127.469098,36.776087],[127.469107,36.776124],[127.469122,36.776219],[127.469123,36.776315],[127.469112,36.776409],[127.469088,36.776502],[127.469052,36.776592],[127.469003,36.776678],[127.468943,36.776761],[127.468872,36.776838]],[[127.4565,36.779354],[127.456454,36.779157]],[[127.468275,36.780717],[127.468255,36.780655]],[[127.469006,36.781051],[127.468275,36.780717]],[[127.467312,36.776055],[127.467997,36.776713]],[[127.458388,36.773724],[127.459948,36.773491],[127.460055,36.773963],[127.460206,36.774009],[127.460283,36.774266]],[[127.464186,36.773685],[127.464187,36.772934],[127.464586,36.772875],[127.464959,36.773056],[127.465504,36.772975],[127.465833,36.773439]],[[127.454026,36.781452],[127.453757,36.78049],[127.45374,36.780274],[127.453972,36.780104]],[[127.465708,36.780557],[127.465686,36.780752]],[[127.455045,36.777291],[127.454994,36.77735]],[[127.464114,36.780542],[127.464218,36.780631]],[[127.463869,36.779245],[127.463932,36.779171]],[[127.465152,36.780932],[127.46551,36.780958],[127.465674,36.781],[127.466386,36.781053],[127.466482,36.781147]],[[127.466481,36.781474],[127.466141,36.784435]],[[127.466646,36.779919],[127.466586,36.779866]],[[127.465775,36.780562],[127.465752,36.780757]],[[127.466556,36.78073],[127.466439,36.780808]],[[127.454026,36.781452],[127.454069,36.781437],[127.454081,36.781433],[127.454093,36.781429],[127.454104,36.781426],[127.454116,36.781422],[127.454128,36.781418],[127.454139,36.781414],[127.454151,36.781411],[127.454163,36.781407],[127.454174,36.781403],[127.454186,36.7814],[127.454198,36.781396],[127.45421,36.781393],[127.454221,36.781389],[127.454233,36.781386],[127.454245,36.781383],[127.454257,36.781379],[127.454269,36.781376],[127.454281,36.781373],[127.454292,36.78137],[127.454304,36.781366],[127.454316,36.781363],[127.454328,36.78136],[127.45434,36.781357],[127.454352,36.781354],[127.454364,36.781351],[127.454376,36.781348],[127.454388,36.781345],[127.4544,36.781342],[127.454412,36.781339],[127.454424,36.781337],[127.454436,36.781334],[127.454448,36.781331],[127.45446,36.781328],[127.454472,36.781326],[127.454474,36.781326],[127.454486,36.781323],[127.454498,36.78132],[127.45451,36.781318],[127.454522,36.781315],[127.454533,36.781313],[127.454545,36.781311],[127.454557,36.781308],[127.454569,36.781306],[127.454581,36.781304],[127.454593,36.781302],[127.454605,36.781299],[127.454616,36.781297],[127.454628,36.781295],[127.45464,36.781293],[127.454652,36.781291],[127.454664,36.781289],[127.454675,36.781287],[127.454687,36.781285],[127.454699,36.781283],[127.45471,36.781281],[127.454722,36.781279],[127.454734,36.781277],[127.454745,36.781275],[127.454757,36.781273],[127.454768,36.781272],[127.45478,36.78127],[127.454791,36.781268],[127.454802,36.781266],[127.454814,36.781265],[127.454825,36.781263],[127.454837,36.781261],[127.454848,36.781259],[127.454859,36.781258],[127.45487,36.781256],[127.454881,36.781254],[127.454893,36.781253],[127.454904,36.781251],[127.454915,36.781249],[127.454926,36.781248],[127.454937,36.781246],[127.454938,36.781246],[127.454949,36.781244],[127.45496,36.781243],[127.454971,36.781241],[127.454982,36.781239],[127.454992,36.781238],[127.455213,36.781205],[127.455433,36.781172],[127.455653,36.78114],[127.455716,36.78113],[127.455863,36.781067],[127.45686,36.780919]],[[127.465535,36.778932],[127.466475,36.778792]],[[127.465023,36.78069],[127.465242,36.780749]],[[127.456524,36.779607],[127.456493,36.779474]],[[127.468616,36.78128],[127.468795,36.781299],[127.468969,36.781332],[127.46914,36.781377],[127.469305,36.781434],[127.469102,36.781502],[127.468908,36.78174],[127.468892,36.781759],[127.468864,36.781844],[127.468549,36.782113],[127.46826,36.782095],[127.467818,36.78235],[127.467936,36.78133],[127.467941,36.781304],[127.46795,36.781279],[127.467962,36.781255],[127.467979,36.781232],[127.468616,36.78128]],[[127.456583,36.779717],[127.456524,36.779607]],[[127.467403,36.779889],[127.467471,36.779914]],[[127.466567,36.778843],[127.466609,36.779058],[127.466638,36.779274],[127.466654,36.779491],[127.466656,36.779709]],[[127.463903,36.781293],[127.463829,36.781941]],[[127.46778,36.782687],[127.467786,36.782635]],[[127.466289,36.780698],[127.466222,36.780693]],[[127.466439,36.780808],[127.465686,36.780752]],[[127.465515,36.780769],[127.465242,36.780749]],[[127.468587,36.78077],[127.468443,36.780793]],[[127.468066,36.781148],[127.467996,36.781214],[127.467992,36.781219],[127.467987,36.781223],[127.467983,36.781228],[127.467979,36.781232]],[[127.46782,36.782338],[127.467786,36.782635]],[[127.466063,36.786764],[127.466076,36.786806],[127.46609,36.786841],[127.466109,36.786875],[127.466133,36.786908],[127.466161,36.786938],[127.466293,36.787063]],[[127.466222,36.77883],[127.466236,36.778892],[127.466244,36.778924],[127.46625,36.778956],[127.466257,36.778988],[127.466263,36.779021]],[[127.466288,36.77882],[127.466303,36.778882],[127.466342,36.779085],[127.46637,36.77929],[127.466385,36.779495],[127.466388,36.779701]],[[127.466111,36.784697],[127.465979,36.785849]],[[127.46623,36.780628],[127.466211,36.780791]],[[127.466378,36.77991],[127.466375,36.77994],[127.466372,36.77997],[127.466369,36.78],[127.466366,36.78003],[127.466278,36.780796]],[[127.468398,36.780835],[127.468133,36.780714]],[[127.466646,36.779919],[127.466644,36.779952],[127.466641,36.779985],[127.466637,36.780018],[127.466634,36.78005],[127.466556,36.78073]],[[127.467625,36.782662],[127.467624,36.782671],[127.467617,36.782704],[127.467603,36.782736],[127.467583,36.782766],[127.467557,36.782792],[127.467398,36.782932],[127.467376,36.78295],[127.467353,36.782966],[127.467329,36.782982],[127.467304,36.782996],[127.467245,36.783026],[127.467187,36.78306],[127.467134,36.783099],[127.467086,36.783143],[127.467045,36.783191],[127.466856,36.783439],[127.466834,36.783467],[127.466808,36.783492],[127.46678,36.783516],[127.466749,36.783538],[127.466349,36.783799]],[[127.46769,36.782098],[127.466554,36.782014]],[[127.467694,36.782065],[127.467629,36.782631]],[[127.468133,36.780714],[127.468258,36.780547]],[[127.466847,36.779793],[127.467251,36.779806]],[[127.466844,36.779847],[127.467248,36.77986]],[[127.46625,36.778955],[127.466317,36.778946]],[[127.467251,36.779806],[127.467297,36.779809],[127.467342,36.779816],[127.467386,36.779826],[127.467429,36.779839]],[[127.466444,36.779862],[127.466586,36.779866]],[[127.466449,36.779754],[127.466591,36.779758]],[[127.467248,36.77986],[127.467288,36.779863],[127.467328,36.779868],[127.467366,36.779877],[127.467403,36.779889]],[[127.467625,36.782662],[127.467629,36.782631]],[[127.462867,36.782069],[127.462724,36.782278],[127.462696,36.782365],[127.462626,36.782468],[127.462621,36.782475],[127.462622,36.782499],[127.462645,36.782549],[127.462714,36.78267],[127.462688,36.782782],[127.462688,36.782803],[127.46279,36.782902],[127.462767,36.783076],[127.462549,36.783306],[127.462468,36.783331],[127.462442,36.783384],[127.462358,36.7835],[127.46232,36.78356],[127.462321,36.783568],[127.462321,36.783569],[127.462325,36.783575],[127.462397,36.783671],[127.462396,36.783818],[127.462395,36.783929],[127.462449,36.784021],[127.462828,36.784599],[127.462934,36.784844],[127.46317,36.785401],[127.463372,36.785716]],[[127.468398,36.780835],[127.468253,36.780972],[127.468062,36.780958]],[[127.453663,36.77115],[127.453652,36.771099]],[[127.467679,36.782188],[127.466544,36.782104]],[[127.456661,36.780056],[127.456583,36.779717]],[[127.467694,36.782065],[127.467779,36.781318]],[[127.467779,36.781318],[127.46779,36.781268],[127.46781,36.78122],[127.467838,36.781175],[127.467875,36.781134]],[[127.463788,36.78446],[127.46604,36.784628]],[[127.463732,36.784256],[127.463803,36.784326],[127.466055,36.784493],[127.466141,36.784435]],[[127.46604,36.784628],[127.466111,36.784697]],[[127.463788,36.78446],[127.463702,36.784518]],[[127.455994,36.776935],[127.455943,36.776711]],[[127.456661,36.780056],[127.456576,36.780156]],[[127.455674,36.774874],[127.455602,36.774563]],[[127.466475,36.778792],[127.466567,36.778843]],[[127.467999,36.777678],[127.467998,36.777723]],[[127.466656,36.779709],[127.466591,36.779758]],[[127.455242,36.777405],[127.456063,36.777283]],[[127.455316,36.777302],[127.455173,36.776682]],[[127.455309,36.773362],[127.455263,36.773089]],[[127.456493,36.779474],[127.4565,36.779354]],[[127.455173,36.776682],[127.455746,36.776597]],[[127.455746,36.776597],[127.455888,36.777217]],[[127.455943,36.776711],[127.455887,36.77668]],[[127.455887,36.77668],[127.455769,36.776698]],[[127.455888,36.777217],[127.455316,36.777302]],[[127.45589,36.776484],[127.455042,36.77661]],[[127.455864,36.776579],[127.455746,36.776597]],[[127.455085,36.772389],[127.455153,36.772612]],[[127.455864,36.776579],[127.455902,36.776535]],[[127.455602,36.774563],[127.455555,36.774433]],[[127.45522,36.772904],[127.455263,36.773089]],[[127.463498,36.784969],[127.463467,36.785238],[127.463464,36.785296],[127.463468,36.785355],[127.463479,36.785412],[127.463497,36.785468],[127.463522,36.785523],[127.463553,36.785575],[127.463591,36.785625],[127.463635,36.785672],[127.463684,36.785716],[127.463738,36.785755],[127.463797,36.785789],[127.463859,36.785818],[127.463924,36.785843],[127.463992,36.785862],[127.464063,36.785876],[127.464135,36.785884],[127.465881,36.786014]],[[127.45564,36.775469],[127.455687,36.775598]],[[127.455167,36.772672],[127.455153,36.772612]],[[127.454526,36.775036],[127.454516,36.774972],[127.454502,36.774907],[127.454486,36.774843],[127.454466,36.774779]],[[127.456027,36.777089],[127.456057,36.777221],[127.456063,36.777283],[127.456053,36.777344],[127.456027,36.777402],[127.455986,36.777455],[127.455954,36.777495],[127.455934,36.777539],[127.455925,36.777586],[127.455927,36.777633],[127.455941,36.777679],[127.455967,36.777722],[127.456002,36.777759],[127.456047,36.77779],[127.456077,36.77781],[127.456105,36.777832],[127.45613,36.777857],[127.456152,36.777884],[127.456158,36.777894],[127.456164,36.777904],[127.456168,36.777915],[127.456171,36.777926],[127.456385,36.778855]],[[127.455994,36.776935],[127.456027,36.777089]],[[127.455045,36.777291],[127.455,36.777095]],[[127.455257,36.77747],[127.455133,36.77693]],[[127.455307,36.777753],[127.45527,36.777536],[127.455268,36.77752],[127.455264,36.777503],[127.455261,36.777487],[127.455257,36.777471],[127.455257,36.77747]],[[127.455175,36.777776],[127.455101,36.777533]],[[127.455084,36.777462],[127.455101,36.777533]],[[127.463497,36.784834],[127.463498,36.784969]],[[127.463536,36.784491],[127.463497,36.784834]],[[127.46358,36.784258],[127.463536,36.784491]],[[127.463632,36.784978],[127.46368,36.784705]],[[127.463902,36.780966],[127.463883,36.781159],[127.463903,36.781293]],[[127.466482,36.781147],[127.466462,36.78134],[127.466481,36.781474]],[[127.46368,36.784705],[127.463702,36.784518]],[[127.466736,36.780753],[127.46676,36.78054],[127.466739,36.780406]],[[127.463941,36.78052],[127.463181,36.780463],[127.463009,36.780476],[127.462654,36.780467],[127.462483,36.780459],[127.462313,36.780454],[127.462142,36.78045],[127.461971,36.780448],[127.461968,36.780448],[127.461965,36.780448],[127.461963,36.780448],[127.46196,36.780448],[127.461625,36.780458]],[[127.462531,36.774106],[127.462947,36.775914],[127.462967,36.7761],[127.462979,36.776272],[127.462972,36.776311],[127.462959,36.776349],[127.462939,36.776385],[127.462913,36.776418],[127.462912,36.77642],[127.462889,36.776444],[127.462862,36.776465],[127.462833,36.776484],[127.462801,36.776501],[127.46279,36.776505],[127.462779,36.776509],[127.462767,36.776512],[127.462755,36.776514],[127.457709,36.777266],[127.45756,36.777261],[127.457395,36.777285],[127.457258,36.777333],[127.456538,36.77744],[127.456516,36.777442],[127.456493,36.777442],[127.456471,36.777439],[127.456449,36.777434],[127.456431,36.777428],[127.456414,36.777422],[127.456397,36.777414],[127.45638,36.777406],[127.456328,36.777369],[127.456287,36.777326],[127.456256,36.777277],[127.456237,36.777223],[127.456202,36.777073],[127.456103,36.776814],[127.455818,36.775577],[127.455773,36.775304],[127.455733,36.775132],[127.455797,36.775058],[127.456184,36.775],[127.456345,36.774963],[127.45798,36.774719],[127.45828,36.774687],[127.4583,36.774684],[127.45832,36.774682],[127.458341,36.774679],[127.458361,36.774676],[127.458362,36.774676],[127.459081,36.774569],[127.459241,36.774531],[127.462438,36.774055],[127.462531,36.774106]],[[127.463472,36.777523],[127.463479,36.777403],[127.463448,36.77727],[127.463389,36.777159],[127.463363,36.777046],[127.463347,36.776853],[127.463354,36.776815],[127.463367,36.776778],[127.463387,36.776742],[127.463413,36.776709],[127.463413,36.776709],[127.463413,36.776708],[127.463414,36.776708],[127.463414,36.776707],[127.463438,36.776683],[127.463464,36.776662],[127.463494,36.776643],[127.463526,36.776626],[127.463537,36.776622],[127.463548,36.776618],[127.463559,36.776615],[127.463571,36.776613],[127.46567,36.7763],[127.465679,36.776299],[127.465687,36.776299],[127.465696,36.776299],[127.465705,36.776299],[127.465744,36.776305],[127.465782,36.776315],[127.465819,36.776327],[127.465853,36.776344],[127.465855,36.776345],[127.46589,36.776365],[127.46592,36.776389],[127.465947,36.776416],[127.46597,36.776445],[127.465975,36.776452],[127.465979,36.77646],[127.465982,36.776467],[127.465985,36.776475],[127.466036,36.776629],[127.466099,36.776812],[127.466514,36.778611],[127.46645,36.778686],[127.463908,36.779064],[127.463815,36.779013],[127.463472,36.777523]],[[127.463334,36.776357],[127.463294,36.776333],[127.463259,36.776305],[127.46323,36.776274],[127.463206,36.776239],[127.463146,36.77609],[127.463079,36.775895],[127.462663,36.774087],[127.462726,36.774012],[127.467908,36.77324],[127.467983,36.773235],[127.468056,36.773242],[127.468127,36.77326],[127.468193,36.773289],[127.46825,36.773328],[127.468297,36.773375],[127.468331,36.773428],[127.468352,36.773486],[127.468713,36.775055],[127.468733,36.775235],[127.468761,36.775356],[127.468765,36.775402],[127.468759,36.775446],[127.468744,36.775489],[127.46872,36.775528],[127.468689,36.775564],[127.46865,36.775595],[127.468605,36.775621],[127.468553,36.77564],[127.468531,36.775648],[127.468508,36.775654],[127.468485,36.77566],[127.468461,36.775664],[127.466381,36.775974],[127.46637,36.775975],[127.466359,36.775976],[127.466348,36.775976],[127.466337,36.775975],[127.466299,36.775969],[127.466263,36.775959],[127.466228,36.775947],[127.466194,36.775931],[127.46614,36.775908],[127.466084,36.775894],[127.466026,36.77589],[127.465968,36.775894],[127.465912,36.775906],[127.46586,36.775928],[127.465813,36.775957],[127.465773,36.775994],[127.465748,36.776019],[127.465719,36.776041],[127.465688,36.776061],[127.465654,36.776078],[127.465646,36.776081],[127.465638,36.776084],[127.46563,36.776086],[127.465621,36.776087],[127.463522,36.7764],[127.46351,36.776401],[127.463498,36.776402],[127.463485,36.776402],[127.463473,36.776401],[127.463436,36.776394],[127.463401,36.776385],[127.463366,36.776373],[127.463334,36.776357],[127.463334,36.776357]],[[127.465778,36.778786],[127.465221,36.776367]],[[127.465532,36.777717],[127.466282,36.777606]],[[127.455674,36.774874],[127.455766,36.774925]]]}},{"type":"Feature","properties":{"layer":"l_가분할선"},"geometry":{"type":"MultiLineString","coordinates":[[[127.467703,36.777243],[127.467948,36.777008]],[[127.467386,36.776631],[127.467141,36.776866]],[[127.467502,36.776709],[127.467258,36.776944]],[[127.467619,36.776788],[127.467375,36.777023]],[[127.467142,36.776667],[127.46738,36.776827]],[[127.46738,36.776827],[127.468154,36.777346]],[[127.467539,36.777133],[127.467783,36.776898]],[[127.467868,36.777354],[127.468112,36.777119]],[[127.467501,36.777402],[127.467624,36.777284]],[[127.467342,36.777309],[127.467474,36.777183]],[[127.466003,36.780579],[127.46598,36.780774]],[[127.466251,36.779505],[127.465899,36.779557]],[[127.465823,36.779228],[127.466063,36.780268]],[[127.466253,36.779695],[127.465942,36.779741]],[[127.465904,36.779106],[127.465853,36.778885]],[[127.466242,36.779921],[127.465992,36.779958]],[[127.466206,36.780247],[127.465788,36.780309]],[[127.46592,36.779648],[127.465645,36.779689]],[[127.466239,36.779334],[127.465861,36.77939]],[[127.465968,36.779855],[127.465693,36.779896]],[[127.465873,36.779442],[127.465597,36.779483]],[[127.466015,36.780062],[127.46574,36.780103]],[[127.467703,36.777243],[127.467948,36.777008]],[[127.466301,36.780596],[127.466569,36.780616]],[[127.466322,36.780414],[127.46659,36.780434]],[[127.466343,36.780231],[127.466611,36.780251]],[[127.466364,36.780049],[127.466632,36.780069]],[[127.466387,36.779558],[127.466656,36.779554]],[[127.466378,36.779375],[127.466646,36.779361]],[[127.466358,36.779193],[127.466626,36.77917]],[[127.466329,36.779011],[127.466595,36.778978]]]}},{"type":"Feature","properties":{"layer":"집수정"},"geometry":{"type":"MultiLineString","coordinates":[[[127.45508,36.772342],[127.455091,36.77234],[127.455089,36.772331],[127.455078,36.772333],[127.45508,36.772342]],[[127.455078,36.772344],[127.455094,36.772341],[127.455091,36.772329],[127.455076,36.772331],[127.455078,36.772344]],[[127.455091,36.77234],[127.455078,36.772333]],[[127.45508,36.772342],[127.455089,36.772331]],[[127.453195,36.771721],[127.453193,36.771712],[127.453182,36.771714],[127.453184,36.771723],[127.453195,36.771721]],[[127.453198,36.771723],[127.453195,36.77171],[127.453179,36.771712],[127.453182,36.771725],[127.453198,36.771723]],[[127.453193,36.771712],[127.453184,36.771723]],[[127.453195,36.771721],[127.453182,36.771714]],[[127.452818,36.779194],[127.452808,36.779191],[127.452804,36.779199],[127.452814,36.779202],[127.452818,36.779194]],[[127.452821,36.779193],[127.452806,36.779189],[127.452801,36.7792],[127.452816,36.779205],[127.452821,36.779193]],[[127.452808,36.779191],[127.452814,36.779202]],[[127.452818,36.779194],[127.452804,36.779199]],[[127.453964,36.780096],[127.453962,36.780087],[127.453951,36.780089],[127.453953,36.780097],[127.453964,36.780096]],[[127.453967,36.780097],[127.453964,36.780085],[127.453948,36.780087],[127.453951,36.780099],[127.453967,36.780097]],[[127.453962,36.780087],[127.453953,36.780097]],[[127.453964,36.780096],[127.453951,36.780089]],[[127.460352,36.774187],[127.460363,36.774185],[127.460361,36.774176],[127.46035,36.774178],[127.460352,36.774187]],[[127.46035,36.774189],[127.460366,36.774187],[127.460363,36.774174],[127.460347,36.774177],[127.46035,36.774189]],[[127.460363,36.774185],[127.46035,36.774178]],[[127.460352,36.774187],[127.460361,36.774176]],[[127.464171,36.773673],[127.464182,36.773671],[127.46418,36.773663],[127.464169,36.773664],[127.464171,36.773673]],[[127.464169,36.773675],[127.464184,36.773673],[127.464182,36.773661],[127.464166,36.773663],[127.464169,36.773675]],[[127.464182,36.773671],[127.464169,36.773664]],[[127.464171,36.773673],[127.46418,36.773663]],[[127.465955,36.773416],[127.465966,36.773415],[127.465964,36.773406],[127.465953,36.773407],[127.465955,36.773416]],[[127.465953,36.773418],[127.465969,36.773416],[127.465966,36.773404],[127.46595,36.773406],[127.465953,36.773418]],[[127.465966,36.773415],[127.465953,36.773407]],[[127.465955,36.773416],[127.465964,36.773406]],[[127.466836,36.773284],[127.466847,36.773282],[127.466845,36.773273],[127.466834,36.773275],[127.466836,36.773284]],[[127.466834,36.773286],[127.46685,36.773283],[127.466847,36.773271],[127.466831,36.773273],[127.466834,36.773286]],[[127.466847,36.773282],[127.466834,36.773275]],[[127.466836,36.773284],[127.466845,36.773273]],[[127.466821,36.779697],[127.466821,36.779688],[127.46681,36.779688],[127.46681,36.779697],[127.466821,36.779697]],[[127.466824,36.779699],[127.466824,36.779686],[127.466808,36.779686],[127.466808,36.779698],[127.466824,36.779699]],[[127.466821,36.779688],[127.46681,36.779697]],[[127.466821,36.779697],[127.46681,36.779688]],[[127.454897,36.776959],[127.454895,36.77695],[127.454884,36.776952],[127.454886,36.776961],[127.454897,36.776959]],[[127.4549,36.77696],[127.454897,36.776948],[127.454882,36.77695],[127.454884,36.776963],[127.4549,36.77696]],[[127.454895,36.77695],[127.454886,36.776961]],[[127.454897,36.776959],[127.454884,36.776952]],[[127.454446,36.775195],[127.454444,36.775187],[127.454433,36.775188],[127.454435,36.775197],[127.454446,36.775195]],[[127.454448,36.775197],[127.454445,36.775184],[127.45443,36.775187],[127.454433,36.775199],[127.454448,36.775197]],[[127.454444,36.775187],[127.454435,36.775197]],[[127.454446,36.775195],[127.454433,36.775188]],[[127.453902,36.774324],[127.453894,36.774317],[127.453886,36.774323],[127.453893,36.774329],[127.453902,36.774324]],[[127.453905,36.774324],[127.453895,36.774314],[127.453883,36.774322],[127.453893,36.774332],[127.453905,36.774324]],[[127.453894,36.774317],[127.453893,36.774329]],[[127.453902,36.774324],[127.453886,36.774323]],[[127.453529,36.773596],[127.453527,36.773587],[127.453516,36.773589],[127.453518,36.773597],[127.453529,36.773596]],[[127.453532,36.773597],[127.453529,36.773585],[127.453513,36.773587],[127.453516,36.7736],[127.453532,36.773597]],[[127.453527,36.773587],[127.453518,36.773597]],[[127.453529,36.773596],[127.453516,36.773589]],[[127.454079,36.771052],[127.45409,36.771051],[127.454088,36.771042],[127.454077,36.771044],[127.454079,36.771052]],[[127.454077,36.771054],[127.454092,36.771052],[127.454089,36.77104],[127.454074,36.771042],[127.454077,36.771054]],[[127.45409,36.771051],[127.454077,36.771044]],[[127.454079,36.771052],[127.454088,36.771042]],[[127.452806,36.77767],[127.452804,36.777661],[127.452793,36.777662],[127.452795,36.777671],[127.452806,36.77767]],[[127.452808,36.777671],[127.452806,36.777659],[127.45279,36.777661],[127.452793,36.777673],[127.452808,36.777671]],[[127.452804,36.777661],[127.452795,36.777671]],[[127.452806,36.77767],[127.452793,36.777662]],[[127.468281,36.773201],[127.46829,36.773206],[127.468297,36.773199],[127.468288,36.773193],[127.468281,36.773201]],[[127.468278,36.773201],[127.468291,36.773209],[127.4683,36.773198],[127.468287,36.773191],[127.468278,36.773201]],[[127.46829,36.773206],[127.468288,36.773193]],[[127.468281,36.773201],[127.468297,36.773199]],[[127.463165,36.780869],[127.463148,36.780865],[127.463143,36.780879],[127.463161,36.780883],[127.463165,36.780869]],[[127.463168,36.780868],[127.463146,36.780863],[127.463141,36.780881],[127.463162,36.780885],[127.463168,36.780868]],[[127.463148,36.780865],[127.463161,36.780883]],[[127.463165,36.780869],[127.463143,36.780879]],[[127.466781,36.777351],[127.466792,36.77735],[127.466792,36.777341],[127.46678,36.777342],[127.466781,36.777351]],[[127.466779,36.777353],[127.466795,36.777352],[127.466794,36.777339],[127.466778,36.77734],[127.466779,36.777353]],[[127.466792,36.77735],[127.46678,36.777342]],[[127.466781,36.777351],[127.466792,36.777341]],[[127.466699,36.777146],[127.466704,36.777138],[127.466693,36.777134],[127.466689,36.777142],[127.466699,36.777146]],[[127.4667,36.777148],[127.466706,36.777137],[127.466692,36.777132],[127.466686,36.777143],[127.4667,36.777148]],[[127.466704,36.777138],[127.466689,36.777142]],[[127.466699,36.777146],[127.466693,36.777134]]]}},{"type":"Feature","properties":{"layer":"SLOPELINE"},"geometry":{"type":"MultiLineString","coordinates":[[[127.469285,36.776653],[127.46929,36.776649],[127.469296,36.776644],[127.469297,36.776642],[127.469299,36.776639],[127.469302,36.776634],[127.469305,36.776628],[127.469306,36.776622],[127.469307,36.776616],[127.469307,36.77661],[127.469306,36.776605],[127.469304,36.776599],[127.469301,36.776594],[127.469301,36.776593],[127.469301,36.776592],[127.469296,36.776582],[127.469292,36.776571],[127.469289,36.77656],[127.469288,36.776549],[127.469288,36.776538],[127.469289,36.776526],[127.469291,36.776515],[127.469294,36.776506],[127.469444,36.776082]],[[127.469312,36.776644],[127.469315,36.776638],[127.469318,36.776631],[127.46932,36.776624],[127.469321,36.776617],[127.469321,36.77661],[127.469319,36.776602],[127.469317,36.776595],[127.469314,36.77659],[127.469314,36.776589],[127.469313,36.776588],[127.469309,36.776579],[127.469306,36.776569],[127.469303,36.776559],[127.469302,36.776548],[127.469302,36.776538],[127.469302,36.776528],[127.469304,36.776518],[127.469307,36.776509],[127.469452,36.776099]],[[127.469372,36.776614],[127.469372,36.776606],[127.469369,36.776594],[127.469366,36.776583],[127.469362,36.776574],[127.469361,36.776572],[127.469357,36.776566],[127.469355,36.776559],[127.469354,36.776553],[127.469353,36.776546],[127.469353,36.776539],[127.469353,36.776532],[127.469354,36.776526],[127.469356,36.776519],[127.469484,36.77616]],[[127.469359,36.77662],[127.46936,36.776618],[127.469359,36.776607],[127.469357,36.776596],[127.469354,36.776586],[127.46935,36.776578],[127.469349,36.776576],[127.469346,36.776569],[127.469343,36.776561],[127.469341,36.776554],[127.46934,36.776546],[127.46934,36.776539],[127.469341,36.776531],[127.469342,36.776524],[127.469344,36.776517],[127.469476,36.776145]],[[127.469281,36.776649],[127.469286,36.776645],[127.46929,36.77664],[127.469291,36.776639],[127.469293,36.776637],[127.469296,36.776632],[127.469298,36.776627],[127.4693,36.776621],[127.4693,36.776616],[127.4693,36.776611],[127.469299,36.776606],[127.469297,36.7766],[127.469295,36.776596],[127.469295,36.776595],[127.469294,36.776594],[127.469289,36.776584],[127.469285,36.776573],[127.469283,36.776561],[127.469281,36.776549],[127.469281,36.776538],[127.469282,36.776526],[127.469284,36.776514],[127.469287,36.776505],[127.469439,36.776074]],[[127.469257,36.776629],[127.469261,36.776627],[127.469263,36.776624],[127.469263,36.776624],[127.469265,36.776621],[127.469266,36.776619],[127.469266,36.776617],[127.469267,36.776615],[127.469266,36.776613],[127.469266,36.776611],[127.469265,36.776609],[127.469264,36.776606],[127.469263,36.776604],[127.469257,36.776592],[127.469253,36.776579],[127.469249,36.776565],[127.469248,36.776551],[127.469247,36.776537],[127.469248,36.776523],[127.469251,36.776509],[127.469255,36.776498],[127.469411,36.776055]],[[127.469285,36.776653],[127.46929,36.776649],[127.469296,36.776644],[127.469297,36.776642],[127.469299,36.776639],[127.469302,36.776634],[127.469305,36.776628],[127.469306,36.776622],[127.469307,36.776616],[127.469307,36.77661],[127.469306,36.776605],[127.469304,36.776599],[127.469301,36.776594],[127.469301,36.776593],[127.469301,36.776592],[127.469296,36.776582],[127.469292,36.776571],[127.469289,36.77656],[127.469288,36.776549],[127.469288,36.776538],[127.469289,36.776526],[127.469291,36.776515],[127.469294,36.776506],[127.469444,36.776082]],[[127.469312,36.776644],[127.469315,36.776638],[127.469318,36.776631],[127.46932,36.776624],[127.469321,36.776617],[127.469321,36.77661],[127.469319,36.776602],[127.469317,36.776595],[127.469314,36.77659],[127.469314,36.776589],[127.469313,36.776588],[127.469309,36.776579],[127.469306,36.776569],[127.469303,36.776559],[127.469302,36.776548],[127.469302,36.776538],[127.469302,36.776528],[127.469304,36.776518],[127.469307,36.776509],[127.469452,36.776099]],[[127.469378,36.776611],[127.469378,36.776606],[127.469376,36.776593],[127.469372,36.776581],[127.469368,36.776572],[127.469367,36.77657],[127.469364,36.776564],[127.469362,36.776558],[127.46936,36.776552],[127.469359,36.776546],[127.469359,36.776539],[127.46936,36.776533],[127.469361,36.776527],[127.469363,36.776521],[127.469488,36.776168]],[[127.469405,36.776575],[127.469404,36.776573],[127.469399,36.776562],[127.469398,36.77656],[127.469396,36.776555],[127.469394,36.776552],[127.469394,36.776548],[127.469393,36.776544],[127.469393,36.77654],[127.469393,36.776536],[127.469394,36.776532],[127.469395,36.776528],[127.469509,36.776208]],[[127.469372,36.776614],[127.469372,36.776606],[127.469369,36.776594],[127.469366,36.776583],[127.469362,36.776574],[127.469361,36.776572],[127.469357,36.776566],[127.469355,36.776559],[127.469354,36.776553],[127.469353,36.776546],[127.469353,36.776539],[127.469353,36.776532],[127.469354,36.776526],[127.469356,36.776519],[127.469484,36.77616]],[[127.469359,36.77662],[127.46936,36.776618],[127.469359,36.776607],[127.469357,36.776596],[127.469354,36.776586],[127.46935,36.776578],[127.469349,36.776576],[127.469346,36.776569],[127.469343,36.776561],[127.469341,36.776554],[127.46934,36.776546],[127.46934,36.776539],[127.469341,36.776531],[127.469342,36.776524],[127.469344,36.776517],[127.469476,36.776145]],[[127.46586,36.786138],[127.46594,36.786144]],[[127.465931,36.786236],[127.465855,36.786232]],[[127.465854,36.786326],[127.465926,36.786328]],[[127.465925,36.786419],[127.465849,36.786419]],[[127.465845,36.786509],[127.465843,36.786689]],[[127.465845,36.786509],[127.465924,36.786509]],[[127.465924,36.786599],[127.465844,36.786599]],[[127.465843,36.786689],[127.465856,36.786763]],[[127.465843,36.786689],[127.465923,36.786689]],[[127.465856,36.786763],[127.465923,36.786763]],[[127.465856,36.786763],[127.465868,36.786869]],[[127.465856,36.786763],[127.465923,36.786763]],[[127.465922,36.786853],[127.465866,36.786853]],[[127.466069,36.786764],[127.466068,36.78687]],[[127.465868,36.786869],[127.465884,36.78705]],[[127.466149,36.786926],[127.466143,36.787051]],[[127.466068,36.78687],[127.466065,36.787336]],[[127.466067,36.78696],[127.466147,36.786961]],[[127.465884,36.78705],[127.465916,36.787209]],[[127.466143,36.787051],[127.466122,36.78721]],[[127.466067,36.78705],[127.466143,36.787051]],[[127.466066,36.78714],[127.466131,36.787141]],[[127.466065,36.787321],[127.466129,36.787321]],[[127.466355,36.7838],[127.466085,36.786154]],[[127.465925,36.786384],[127.465926,36.786323],[127.465929,36.786263],[127.465934,36.786203],[127.46594,36.786143]],[[127.466071,36.786384],[127.466072,36.786326],[127.466075,36.786269],[127.466079,36.786211],[127.466085,36.786154]],[[127.465925,36.786384],[127.465919,36.787335]],[[127.466071,36.786384],[127.466069,36.786764]],[[127.465923,36.787442],[127.465921,36.787416],[127.46592,36.787389],[127.46592,36.787362],[127.465919,36.787335]],[[127.466068,36.787435],[127.466067,36.78741],[127.466066,36.787386],[127.466065,36.787361],[127.466065,36.787336]],[[127.468305,36.777148],[127.467377,36.776525]],[[127.46746,36.776426],[127.46741,36.776392]],[[127.467489,36.776406],[127.467412,36.776355]],[[127.467518,36.776387],[127.467415,36.776318]],[[127.467546,36.776368],[127.467417,36.776281]],[[127.467575,36.776348],[127.46742,36.776244]],[[127.467552,36.776285],[127.467448,36.776216]],[[127.467148,36.776541],[127.467198,36.776509],[127.467258,36.776495],[127.46732,36.7765],[127.467377,36.776525]],[[127.467148,36.776541],[127.466974,36.776709]],[[127.46657,36.782015],[127.466557,36.782162]],[[127.467594,36.782159],[127.467608,36.78224]],[[127.466557,36.782162],[127.466541,36.782341]],[[127.467608,36.78224],[127.467673,36.782244]],[[127.467598,36.782329],[127.467663,36.782334]],[[127.466541,36.782341],[127.466523,36.782521]],[[127.467577,36.782509],[127.467642,36.782514]],[[127.466502,36.7827],[127.466478,36.78288]],[[127.467525,36.782776],[127.467337,36.782943]],[[127.46644,36.783058],[127.46642,36.783237]],[[127.466453,36.783059],[127.466428,36.783238]],[[127.46642,36.783237],[127.466399,36.783417]],[[127.466428,36.783238],[127.466402,36.783417]],[[127.466939,36.783276],[127.466809,36.783447]],[[127.466399,36.783417],[127.466378,36.783596]],[[127.466596,36.783612],[127.466809,36.783447]],[[127.46656,36.782014],[127.466543,36.782161]],[[127.466543,36.782161],[127.46644,36.783058]],[[127.467608,36.78224],[127.467567,36.782599]],[[127.467588,36.782419],[127.467652,36.782424]],[[127.466523,36.782521],[127.466502,36.7827]],[[127.467567,36.782599],[127.467525,36.782776]],[[127.467567,36.782599],[127.467632,36.782603]],[[127.467546,36.782687],[127.46762,36.782693]],[[127.466478,36.78288],[127.466453,36.783059]],[[127.466402,36.783417],[127.46638,36.783596]],[[127.466458,36.783704],[127.466355,36.783796]],[[127.466596,36.783612],[127.466458,36.783704]],[[127.467049,36.78316],[127.466939,36.783276]],[[127.467212,36.783015],[127.467049,36.78316]],[[127.467349,36.776091],[127.466503,36.776217]],[[127.467382,36.776123],[127.466512,36.776252]],[[127.467357,36.776163],[127.466522,36.776288]],[[127.467365,36.776199],[127.466535,36.776322]],[[127.465878,36.786018],[127.465946,36.786085]],[[127.466849,36.779789],[127.466807,36.779752]],[[127.466495,36.776182],[127.466594,36.776167]],[[127.466594,36.776167],[127.466814,36.776134]],[[127.466543,36.776358],[127.467374,36.776234]],[[127.466522,36.776398],[127.467371,36.776271]],[[127.466575,36.776426],[127.467369,36.776308]],[[127.466627,36.776455],[127.467366,36.776345]],[[127.466679,36.776484],[127.467363,36.776382]],[[127.466731,36.776513],[127.467361,36.776419]],[[127.466783,36.776542],[127.467358,36.776456]],[[127.466836,36.776571],[127.467176,36.77652]],[[127.466888,36.7766],[127.467124,36.776564]],[[127.46691,36.776633],[127.467079,36.776608]],[[127.466814,36.776134],[127.467035,36.776101]],[[127.467035,36.776101],[127.467255,36.776068]],[[127.467255,36.776068],[127.467316,36.776059]],[[127.466276,36.776735],[127.466373,36.777185]],[[127.466316,36.776734],[127.466406,36.77718]],[[127.466356,36.776729],[127.466439,36.777175]],[[127.466397,36.776725],[127.466472,36.77717]],[[127.466406,36.776507],[127.466505,36.777165]],[[127.46645,36.776479],[127.466538,36.77716]],[[127.466501,36.776496],[127.466572,36.777155]],[[127.466554,36.776522],[127.466605,36.77715]],[[127.466606,36.776548],[127.466636,36.777107]],[[127.466659,36.776573],[127.466669,36.777046]],[[127.466712,36.776599],[127.46671,36.776822]],[[127.466768,36.776616],[127.466755,36.776735]],[[127.466373,36.777185],[127.466496,36.777717]],[[127.466406,36.77718],[127.466526,36.7777]],[[127.466439,36.777175],[127.466556,36.777682]],[[127.466472,36.77717],[127.466586,36.777664]],[[127.466505,36.777165],[127.466616,36.777647]],[[127.466538,36.77716],[127.466646,36.777629]],[[127.466572,36.777155],[127.466677,36.777612]],[[127.466605,36.77715],[127.466707,36.777594]],[[127.466638,36.777146],[127.466737,36.777576]],[[127.466671,36.777141],[127.466767,36.777559]],[[127.466707,36.777148],[127.466797,36.777541]],[[127.466742,36.777153],[127.466778,36.777308]],[[127.466797,36.777541],[127.466778,36.777308]],[[127.46645,36.776479],[127.466458,36.776453],[127.466474,36.776431],[127.466495,36.776412],[127.466522,36.776398]],[[127.466501,36.776496],[127.466507,36.776472],[127.466522,36.776451],[127.466545,36.776435],[127.466575,36.776426]],[[127.466554,36.776522],[127.46656,36.776499],[127.466576,36.776479],[127.466598,36.776464],[127.466627,36.776455]],[[127.466606,36.776548],[127.466614,36.776525],[127.466629,36.776506],[127.466652,36.776492],[127.466679,36.776484]],[[127.466659,36.776573],[127.466667,36.776552],[127.466683,36.776534],[127.466705,36.776521],[127.466731,36.776513]],[[127.466712,36.776599],[127.466721,36.776578],[127.466737,36.776561],[127.466758,36.776549],[127.466783,36.776542]],[[127.466768,36.776616],[127.466779,36.776599],[127.466795,36.776586],[127.466814,36.776576],[127.466836,36.776571]],[[127.466816,36.776684],[127.466817,36.776655],[127.46683,36.77663],[127.466855,36.77661],[127.466888,36.7766]],[[127.466886,36.776688],[127.466882,36.776672],[127.466884,36.776657],[127.466894,36.776643],[127.46691,36.776633]],[[127.466825,36.776723],[127.466778,36.776695],[127.466742,36.776755],[127.466715,36.776811],[127.466681,36.776879],[127.466678,36.777029],[127.466627,36.777122],[127.46671,36.77715],[127.466742,36.777153]],[[127.466497,36.777716],[127.466797,36.777541]],[[127.466378,36.783596],[127.466355,36.7838]],[[127.46638,36.783596],[127.466355,36.783796]],[[127.467249,36.782994],[127.467337,36.782943]],[[127.469009,36.781047],[127.468273,36.78071]],[[127.469008,36.781046],[127.469166,36.781083],[127.469319,36.781128],[127.469469,36.781182],[127.469614,36.781244]],[[127.468736,36.7809],[127.468577,36.780821]],[[127.468267,36.780691],[127.468405,36.780699]],[[127.468444,36.780726],[127.468577,36.780821]],[[127.465946,36.786085],[127.46594,36.786143]],[[127.46587,36.786018],[127.465864,36.786077]],[[127.464135,36.785889],[127.464197,36.785894]],[[127.467535,36.776375],[127.467823,36.776651]],[[127.467815,36.776657],[127.467527,36.776381]],[[127.46745,36.776433],[127.467737,36.776709]],[[127.467729,36.776715],[127.467441,36.776439]],[[127.467823,36.776651],[127.467937,36.776761]],[[127.467929,36.776767],[127.467815,36.776657]],[[127.467737,36.776709],[127.467845,36.776813]],[[127.467729,36.776715],[127.467798,36.776781]],[[127.467937,36.776761],[127.468351,36.777039]],[[127.467929,36.776767],[127.468344,36.777045]],[[127.466895,36.779738],[127.466959,36.779752]],[[127.466849,36.779789],[127.467181,36.779799]],[[127.466959,36.779752],[127.467211,36.7798]],[[127.466605,36.777884],[127.466723,36.778049]],[[127.466581,36.777887],[127.46661,36.778066]],[[127.46657,36.777889],[127.466599,36.778068]],[[127.466661,36.777962],[127.466676,36.778056]],[[127.466646,36.777942],[127.466665,36.778058]],[[127.466503,36.777899],[127.46657,36.777889]],[[127.466524,36.777987],[127.466584,36.777978]],[[127.466723,36.778049],[127.466791,36.778222]],[[127.466676,36.778056],[127.466701,36.778236]],[[127.466665,36.778058],[127.46669,36.778238]],[[127.46661,36.778066],[127.466635,36.778246]],[[127.466599,36.778068],[127.466624,36.778247]],[[127.466753,36.778128],[127.466767,36.778226]],[[127.466736,36.778084],[127.466756,36.778228]],[[127.466544,36.778076],[127.466599,36.778068]],[[127.466622,36.778156],[127.466678,36.778148]],[[127.466791,36.778222],[127.466808,36.778403]],[[127.466624,36.778247],[127.466664,36.778425]],[[127.466635,36.778246],[127.466675,36.778423]],[[127.46669,36.778238],[127.466717,36.778417]],[[127.466701,36.778236],[127.466728,36.778415]],[[127.466756,36.778228],[127.466788,36.778406]],[[127.466767,36.778226],[127.466799,36.778405]],[[127.466635,36.778246],[127.46669,36.778238]],[[127.466714,36.778325],[127.466772,36.778317]],[[127.466808,36.778403],[127.466916,36.77857]],[[127.466799,36.778405],[127.466828,36.778584]],[[127.466788,36.778406],[127.466817,36.778585]],[[127.466728,36.778415],[127.466766,36.778593]],[[127.466717,36.778417],[127.466755,36.778594]],[[127.466675,36.778423],[127.466716,36.7786]],[[127.466664,36.778425],[127.466705,36.778602]],[[127.466882,36.778518],[127.466891,36.778574]],[[127.466728,36.778415],[127.466788,36.778406]],[[127.466747,36.778504],[127.466802,36.778496]],[[127.466916,36.77857],[127.466938,36.778668]],[[127.466705,36.778602],[127.466728,36.778699]],[[127.466716,36.7786],[127.466739,36.778698]],[[127.466755,36.778594],[127.466777,36.778692]],[[127.466766,36.778593],[127.466788,36.77869]],[[127.466817,36.778585],[127.466837,36.778683]],[[127.466828,36.778584],[127.466848,36.778681]],[[127.466891,36.778574],[127.46691,36.778672]],[[127.466902,36.778572],[127.466921,36.77867]],[[127.466828,36.778584],[127.466891,36.778574]],[[127.466846,36.778672],[127.466908,36.778663]],[[127.466938,36.778668],[127.466922,36.778753]],[[127.466848,36.778681],[127.466876,36.77876]],[[127.466837,36.778683],[127.466865,36.778761]],[[127.466788,36.77869],[127.466808,36.77877]],[[127.466777,36.778692],[127.466797,36.778771]],[[127.466739,36.778698],[127.466757,36.778777]],[[127.466728,36.778699],[127.466746,36.778779]],[[127.46691,36.778672],[127.466928,36.778721]],[[127.466848,36.778681],[127.46691,36.778672]],[[127.466808,36.77877],[127.466865,36.778761]],[[127.466969,36.77898],[127.466987,36.779127]],[[127.466953,36.778949],[127.466976,36.779128]],[[127.467059,36.77921],[127.46707,36.779312]],[[127.466999,36.779221],[127.467059,36.779217]],[[127.46707,36.779312],[127.467086,36.779416]],[[127.467008,36.779315],[127.46707,36.779312]],[[127.466859,36.779416],[127.466933,36.779413]],[[127.466945,36.779413],[127.467012,36.77941]],[[127.467024,36.77941],[127.467084,36.779407]],[[127.467025,36.779504],[127.467026,36.779552]],[[127.466941,36.779506],[127.466943,36.779618]],[[127.46693,36.779507],[127.466932,36.779627]],[[127.46687,36.779508],[127.466872,36.779673]],[[127.466859,36.779508],[127.46686,36.779682]],[[127.46687,36.779508],[127.46693,36.779507]],[[127.466941,36.779506],[127.467025,36.779504]],[[127.466871,36.7796],[127.466931,36.7796]],[[127.465518,36.779112],[127.465585,36.779149]],[[127.465501,36.778989],[127.465538,36.778944]],[[127.46549,36.778991],[127.465536,36.778936]],[[127.465585,36.779149],[127.465743,36.779125]],[[127.465536,36.778936],[127.465694,36.778913]],[[127.465694,36.778913],[127.465914,36.77888]],[[127.465963,36.779093],[127.466183,36.77906]],[[127.465914,36.77888],[127.466135,36.778847]],[[127.465579,36.779124],[127.465737,36.779099]],[[127.465538,36.778944],[127.465696,36.77892]],[[127.465743,36.779125],[127.465963,36.779093]],[[127.465737,36.779099],[127.465956,36.779062]],[[127.465696,36.77892],[127.466135,36.778851]],[[127.465956,36.779062],[127.466176,36.779025]],[[127.466258,36.779019],[127.466239,36.778929]],[[127.466214,36.779019],[127.466215,36.778933]],[[127.465536,36.779104],[127.465516,36.779037]],[[127.465518,36.779112],[127.465501,36.779039]],[[127.466231,36.778892],[127.466218,36.778835]],[[127.466214,36.778895],[127.466213,36.778839]],[[127.465611,36.779264],[127.465566,36.77932]],[[127.466156,36.779183],[127.466222,36.779222]],[[127.465594,36.779445],[127.465635,36.779623]],[[127.466184,36.779358],[127.466193,36.77954]],[[127.465635,36.779623],[127.465676,36.7798]],[[127.465676,36.7798],[127.465717,36.779977]],[[127.466195,36.779722],[127.466193,36.779906]],[[127.465717,36.779977],[127.465758,36.780154]],[[127.465728,36.779975],[127.465771,36.780152]],[[127.465758,36.780154],[127.465798,36.780331]],[[127.465771,36.780152],[127.465809,36.78033]],[[127.466187,36.78009],[127.46618,36.780275]],[[127.46618,36.780275],[127.466176,36.780375]],[[127.465568,36.77932],[127.465612,36.779265]],[[127.465566,36.77932],[127.465594,36.779445]],[[127.465568,36.77932],[127.465599,36.779445]],[[127.466171,36.77923],[127.466184,36.779358]],[[127.465599,36.779445],[127.465642,36.779622]],[[127.465642,36.779622],[127.465728,36.779975]],[[127.466193,36.77954],[127.466195,36.779722]],[[127.466193,36.779906],[127.466187,36.78009]],[[127.466219,36.780085],[127.466198,36.780272]],[[127.465798,36.780331],[127.465821,36.780428]],[[127.465809,36.78033],[127.465827,36.780427]],[[127.466198,36.780272],[127.466186,36.780374]],[[127.465885,36.780453],[127.466114,36.780472]],[[127.465913,36.780459],[127.466115,36.780474]],[[127.465637,36.779262],[127.465831,36.779242]],[[127.465637,36.77926],[127.465829,36.779232]],[[127.46586,36.779239],[127.466048,36.779221]],[[127.465906,36.77922],[127.466043,36.7792]],[[127.467533,36.776027],[127.467754,36.775994]],[[127.467754,36.775994],[127.467829,36.775983]],[[127.467754,36.775994],[127.467829,36.775983]],[[127.467829,36.775983],[127.467974,36.775961]],[[127.467829,36.775983],[127.467974,36.775961]],[[127.467974,36.775961],[127.468194,36.775928]],[[127.468221,36.775924],[127.468414,36.775896]],[[127.468414,36.775896],[127.468571,36.775872]],[[127.468414,36.775896],[127.468569,36.775873]],[[127.467974,36.775961],[127.468194,36.775928]],[[127.468221,36.775924],[127.468414,36.775896]],[[127.467054,36.776801],[127.467196,36.776896]],[[127.467067,36.776788],[127.467211,36.776881]],[[127.467302,36.776594],[127.467426,36.776674]],[[127.467196,36.776896],[127.467368,36.777012]],[[127.467433,36.776668],[127.467605,36.776784]],[[127.467368,36.777012],[127.46754,36.777127]],[[127.467596,36.776792],[127.467942,36.777021]],[[127.46754,36.777127],[127.467711,36.777243]],[[127.467736,36.777219],[127.467911,36.777332]],[[127.467942,36.777021],[127.468115,36.777136]],[[127.467948,36.777015],[127.468242,36.777212]],[[127.467911,36.777332],[127.468031,36.777415]],[[127.468115,36.777136],[127.468233,36.77722]],[[127.467211,36.776881],[127.467386,36.776994]],[[127.467426,36.776674],[127.467596,36.776792]],[[127.467386,36.776994],[127.467561,36.777106]],[[127.467605,36.776784],[127.467777,36.776899]],[[127.467561,36.777106],[127.467736,36.777219]],[[127.467777,36.776899],[127.467948,36.777015]],[[127.467711,36.777243],[127.467883,36.777358]],[[127.467883,36.777358],[127.468005,36.77744]],[[127.468053,36.777437],[127.468117,36.777375]],[[127.46804,36.777416],[127.468105,36.777366]],[[127.467065,36.776771],[127.46713,36.776712]],[[127.46705,36.776763],[127.467114,36.776701]],[[127.468117,36.777375],[127.468228,36.777267]],[[127.468105,36.777366],[127.468226,36.777265]],[[127.46713,36.776712],[127.467238,36.776602]],[[127.467114,36.776701],[127.467226,36.776593]],[[127.467287,36.777065],[127.467436,36.777167]],[[127.467284,36.777061],[127.467438,36.777165]],[[127.467373,36.777324],[127.467494,36.777392]],[[127.467377,36.777321],[127.467497,36.777389]],[[127.467436,36.777167],[127.467607,36.777283]],[[127.467438,36.777165],[127.46761,36.77728]],[[127.467607,36.777283],[127.467778,36.777399]],[[127.467682,36.777492],[127.467861,36.777578]],[[127.467778,36.777399],[127.46794,36.777502]],[[127.467782,36.777396],[127.46794,36.777502]],[[127.467494,36.777392],[127.467685,36.7775]],[[127.467497,36.777389],[127.467682,36.777492]],[[127.46761,36.77728],[127.467782,36.777396]],[[127.466222,36.779222],[127.466241,36.779422],[127.466248,36.779621],[127.466243,36.779821],[127.466227,36.78002]],[[127.467855,36.777579],[127.467685,36.7775]],[[127.467373,36.777324],[127.467348,36.777307],[127.467326,36.777287],[127.467307,36.777265],[127.467294,36.77724]],[[127.467377,36.777321],[127.467352,36.777304],[127.46733,36.777285],[127.467312,36.777263],[127.467299,36.777239]],[[127.467276,36.777201],[127.467235,36.777087]],[[127.467281,36.777199],[127.467241,36.777089]],[[127.467235,36.777087],[127.467284,36.777061]],[[127.467226,36.776593],[127.467234,36.776587],[127.467244,36.776581],[127.467255,36.776578],[127.467267,36.776576],[127.467279,36.776576],[127.467291,36.776578],[127.467302,36.776582],[127.467312,36.776587]],[[127.467238,36.776602],[127.467252,36.776593],[127.467268,36.776589],[127.467286,36.776589],[127.467302,36.776594]],[[127.467316,36.776059],[127.467754,36.775994]],[[127.467316,36.776059],[127.467533,36.776027]],[[127.467312,36.776587],[127.467433,36.776668]],[[127.466219,36.780085],[127.466227,36.78002]],[[127.467374,36.776234],[127.467386,36.776233],[127.467398,36.776235],[127.467409,36.776238],[127.46742,36.776244]],[[127.467365,36.776199],[127.467388,36.776197],[127.467409,36.7762],[127.46743,36.776206],[127.467448,36.776216]],[[127.467357,36.776163],[127.467375,36.776161],[127.467393,36.776161],[127.467411,36.776163],[127.467428,36.776167]],[[127.467371,36.776271],[127.467383,36.77627],[127.467395,36.776272],[127.467407,36.776275],[127.467417,36.776281]],[[127.467369,36.776308],[127.467381,36.776307],[127.467393,36.776309],[127.467404,36.776312],[127.467415,36.776318]],[[127.467366,36.776345],[127.467378,36.776344],[127.46739,36.776346],[127.467402,36.776349],[127.467412,36.776355]],[[127.467363,36.776382],[127.467376,36.776381],[127.467388,36.776383],[127.467399,36.776386],[127.46741,36.776392]],[[127.467361,36.776419],[127.467373,36.776418],[127.467385,36.77642],[127.467397,36.776423],[127.467407,36.776429]],[[127.467358,36.776456],[127.46737,36.776456],[127.467382,36.776457],[127.467392,36.77646],[127.467402,36.776465]],[[127.467356,36.776493],[127.467362,36.776493],[127.467368,36.776493],[127.467375,36.776493],[127.467381,36.776494]],[[127.467181,36.779799],[127.467251,36.779801]],[[127.467251,36.779801],[127.467298,36.779804],[127.467344,36.779811],[127.46739,36.779822],[127.467433,36.779836]],[[127.468444,36.780726],[127.468405,36.780699]],[[127.463169,36.780869],[127.463104,36.781066],[127.46309,36.781098],[127.463066,36.781306],[127.46303,36.781501],[127.462956,36.781687],[127.462934,36.781735],[127.462872,36.781823],[127.462836,36.781873],[127.462818,36.781912]],[[127.462897,36.781935],[127.462818,36.781912]],[[127.462946,36.781854],[127.462873,36.781821]],[[127.463001,36.781776],[127.462928,36.781743]],[[127.463042,36.781693],[127.462962,36.781672]],[[127.463076,36.781607],[127.462996,36.781586]],[[127.46311,36.781521],[127.46303,36.7815]],[[127.463128,36.781432],[127.463045,36.781422]],[[127.463144,36.781343],[127.463061,36.781333]],[[127.463157,36.781253],[127.463073,36.781247]],[[127.463167,36.781164],[127.463083,36.781157]],[[127.463187,36.781075],[127.463106,36.781058]],[[127.463216,36.780988],[127.463135,36.780971]],[[127.463245,36.780901],[127.463163,36.780887]],[[127.465864,36.78608],[127.465849,36.786079],[127.465847,36.786092],[127.465863,36.786093],[127.465864,36.78608]],[[127.465867,36.786079],[127.465847,36.786077],[127.465845,36.786093],[127.465865,36.786095],[127.465867,36.786079]],[[127.465849,36.786079],[127.465863,36.786093]],[[127.465864,36.78608],[127.465847,36.786092]],[[127.457234,36.772422],[127.457244,36.772425],[127.457247,36.772416],[127.457237,36.772414],[127.457234,36.772422]],[[127.457231,36.772424],[127.457246,36.772427],[127.45725,36.772415],[127.457235,36.772411],[127.457231,36.772424]],[[127.457244,36.772425],[127.457237,36.772414]],[[127.457234,36.772422],[127.457247,36.772416]],[[127.46578,36.780567],[127.465997,36.780583]],[[127.465978,36.780749],[127.466175,36.780759]],[[127.465997,36.780586],[127.466192,36.780598]],[[127.465759,36.780753],[127.465976,36.780769]],[[127.46576,36.780737],[127.465978,36.780749]],[[127.465779,36.780572],[127.465997,36.780586]],[[127.465976,36.780769],[127.466172,36.780784]],[[127.465997,36.780583],[127.466123,36.780591]],[[127.465759,36.780753],[127.46578,36.780567]],[[127.466224,36.780629],[127.466206,36.780786]],[[127.466175,36.780759],[127.466217,36.780693]],[[127.466784,36.78111],[127.466998,36.781126]],[[127.466834,36.781184],[127.466842,36.781114]],[[127.466856,36.781185],[127.466864,36.781116]],[[127.466887,36.781117],[127.466879,36.781186]],[[127.466901,36.781187],[127.466909,36.781119]],[[127.466924,36.781188],[127.466931,36.781121]],[[127.466946,36.781189],[127.466954,36.781122]],[[127.466968,36.78119],[127.466976,36.781124]],[[127.466998,36.781126],[127.467203,36.781141]],[[127.466983,36.781255],[127.466998,36.781126]],[[127.467013,36.781191],[127.467021,36.781127]],[[127.467036,36.781192],[127.467043,36.781129]],[[127.467058,36.781193],[127.467065,36.781131]],[[127.46708,36.781194],[127.467087,36.781132]],[[127.46711,36.781134],[127.467096,36.781257]],[[127.467125,36.781196],[127.467132,36.781136]],[[127.467148,36.781197],[127.467154,36.781137]],[[127.46717,36.781198],[127.467177,36.781139]],[[127.467192,36.781199],[127.467199,36.781141]],[[127.46719,36.781258],[127.467203,36.781141]],[[127.467226,36.781139],[127.467326,36.781129]],[[127.467243,36.781254],[127.467226,36.781139]],[[127.467257,36.781194],[127.467248,36.781137]],[[127.467279,36.781191],[127.467271,36.781135]],[[127.467301,36.781188],[127.467293,36.781133]],[[127.467323,36.781185],[127.467315,36.78113]],[[127.467326,36.781129],[127.467444,36.781138]],[[127.467343,36.781238],[127.467326,36.781129]],[[127.46736,36.781185],[127.467366,36.781132]],[[127.467383,36.781186],[127.467389,36.781134]],[[127.467405,36.781188],[127.467411,36.781136]],[[127.467433,36.781138],[127.467421,36.78124]],[[127.467444,36.781138],[127.467667,36.781155]],[[127.467432,36.78124],[127.467444,36.781138]],[[127.467461,36.78119],[127.467466,36.78114]],[[127.467483,36.781191],[127.467489,36.781142]],[[127.467505,36.781192],[127.467511,36.781143]],[[127.467528,36.781193],[127.467533,36.781145]],[[127.467556,36.781147],[127.467545,36.781241]],[[127.467573,36.781195],[127.467578,36.781148]],[[127.467595,36.781196],[127.4676,36.78115]],[[127.467617,36.781197],[127.467623,36.781152]],[[127.467667,36.781155],[127.467794,36.781164]],[[127.467743,36.781272],[127.467646,36.781255]],[[127.467729,36.781363],[127.467709,36.781543]],[[127.467628,36.781356],[127.467729,36.781363]],[[127.467719,36.781453],[127.467616,36.781445]],[[127.467709,36.781543],[127.467649,36.782059]],[[127.467603,36.781535],[127.467709,36.781543]],[[127.467698,36.781632],[127.467591,36.781624]],[[127.467579,36.781714],[127.467688,36.781722]],[[127.467678,36.781812],[127.467566,36.781803]],[[127.46762,36.781826],[127.467676,36.78183]],[[127.467617,36.781843],[127.467674,36.781848]],[[127.467615,36.781861],[127.467672,36.781866]],[[127.467613,36.781879],[127.467669,36.781884]],[[127.467554,36.781893],[127.467667,36.781901]],[[127.467608,36.781915],[127.467665,36.781919]],[[127.467606,36.781933],[127.467663,36.781937]],[[127.467604,36.781951],[127.467661,36.781955]],[[127.467602,36.781969],[127.467659,36.781973]],[[127.467657,36.781991],[127.467599,36.781987]],[[127.467655,36.782009],[127.467597,36.782005]],[[127.467649,36.782059],[127.467444,36.782044]],[[127.467584,36.782002],[127.467578,36.782054]],[[127.467555,36.782052],[127.467561,36.782]],[[127.467539,36.781997],[127.467533,36.782051]],[[127.467517,36.781994],[127.467511,36.782049]],[[127.467495,36.781992],[127.467488,36.782047]],[[127.467473,36.781989],[127.467466,36.782046]],[[127.467444,36.782044],[127.467221,36.782027]],[[127.467457,36.781929],[127.467444,36.782044]],[[127.467428,36.781984],[127.467421,36.782042]],[[127.467406,36.781981],[127.467399,36.782041]],[[127.467384,36.781978],[127.467377,36.782039]],[[127.467362,36.781976],[127.467355,36.782037]],[[127.467332,36.782036],[127.467347,36.78191]],[[127.467317,36.78197],[127.46731,36.782034]],[[127.467295,36.781968],[127.467288,36.782032]],[[127.467273,36.781965],[127.467265,36.782031]],[[127.467251,36.781962],[127.467243,36.782029]],[[127.467221,36.782027],[127.466998,36.782011]],[[127.467236,36.781892],[127.467221,36.782027]],[[127.467206,36.781957],[127.467198,36.782026]],[[127.467184,36.781954],[127.467176,36.782024]],[[127.467162,36.781952],[127.467154,36.782022]],[[127.46714,36.781949],[127.467131,36.782021]],[[127.467109,36.782019],[127.467126,36.781873]],[[127.467095,36.781944],[127.467087,36.782017]],[[127.467073,36.781941],[127.467065,36.782016]],[[127.467051,36.781938],[127.467042,36.782014]],[[127.467029,36.781935],[127.46702,36.782012]],[[127.466998,36.782011],[127.466775,36.781994]],[[127.467016,36.781855],[127.466998,36.782011]],[[127.466984,36.78193],[127.466975,36.782009]],[[127.466962,36.781927],[127.466953,36.782007]],[[127.46694,36.781925],[127.466931,36.782006]],[[127.466918,36.781922],[127.466908,36.782004]],[[127.466886,36.782002],[127.466905,36.781836]],[[127.466873,36.781917],[127.466864,36.782001]],[[127.466851,36.781914],[127.466841,36.781999]],[[127.466829,36.781911],[127.466819,36.781998]],[[127.466807,36.781909],[127.466797,36.781996]],[[127.466775,36.781994],[127.466603,36.781981]],[[127.466785,36.781906],[127.466775,36.781994]],[[127.466762,36.781903],[127.466752,36.781993]],[[127.46674,36.781901],[127.46673,36.781991]],[[127.466604,36.781976],[127.466624,36.781796]],[[127.466614,36.781886],[127.466731,36.781895]],[[127.466732,36.781877],[127.466616,36.781868]],[[127.466734,36.781859],[127.466618,36.78185]],[[127.466735,36.781841],[127.46662,36.781832]],[[127.466737,36.781823],[127.466622,36.781814]],[[127.466624,36.781796],[127.466645,36.781617]],[[127.466852,36.781813],[127.466624,36.781796]],[[127.46674,36.781787],[127.466626,36.781778]],[[127.466741,36.781769],[127.466629,36.78176]],[[127.466743,36.781751],[127.466631,36.781742]],[[127.466744,36.781733],[127.466633,36.781725]],[[127.466635,36.781707],[127.466856,36.781723]],[[127.466747,36.781697],[127.466637,36.781689]],[[127.466748,36.781679],[127.466639,36.781671]],[[127.46675,36.781661],[127.466641,36.781653]],[[127.466751,36.781643],[127.466643,36.781635]],[[127.466645,36.781617],[127.466666,36.781437]],[[127.466861,36.781633],[127.466645,36.781617]],[[127.466754,36.781607],[127.466647,36.781599]],[[127.466756,36.781589],[127.466649,36.781581]],[[127.466757,36.781571],[127.466651,36.781563]],[[127.466759,36.781553],[127.466653,36.781545]],[[127.466655,36.781527],[127.466865,36.781543]],[[127.466762,36.781517],[127.466657,36.781509]],[[127.466763,36.781499],[127.466659,36.781491]],[[127.466765,36.781481],[127.466661,36.781473]],[[127.466766,36.781463],[127.466664,36.781455]],[[127.466666,36.781437],[127.466686,36.781258]],[[127.46687,36.781453],[127.466666,36.781437]],[[127.466769,36.781427],[127.466668,36.781419]],[[127.466771,36.781409],[127.46667,36.781401]],[[127.466772,36.781391],[127.466672,36.781384]],[[127.466774,36.781373],[127.466674,36.781366]],[[127.466676,36.781348],[127.466874,36.781362]],[[127.466776,36.781337],[127.466678,36.78133]],[[127.466778,36.781319],[127.46668,36.781312]],[[127.466779,36.781301],[127.466682,36.781294]],[[127.466781,36.781283],[127.466684,36.781276]],[[127.466686,36.781258],[127.466697,36.781168]],[[127.466782,36.781265],[127.466686,36.781258]],[[127.466784,36.781247],[127.466688,36.78124]],[[127.466785,36.781229],[127.46669,36.781222]],[[127.466697,36.781168],[127.466784,36.78111]],[[127.466766,36.781219],[127.466707,36.781162]],[[127.466783,36.781207],[127.466724,36.78115]],[[127.4668,36.781195],[127.466741,36.781139]],[[127.466817,36.781184],[127.466758,36.781127]],[[127.46677,36.781072],[127.467205,36.781105],[127.467323,36.781093],[127.467875,36.781134],[127.467838,36.781175],[127.46781,36.78122],[127.46779,36.781268],[127.467779,36.781318],[127.46769,36.782098],[127.466554,36.782014],[127.466654,36.78115],[127.46677,36.781072]],[[127.46657,36.782015],[127.466653,36.782022]],[[127.466653,36.782022],[127.466874,36.782055]],[[127.466919,36.782062],[127.467013,36.782076]],[[127.467013,36.782076],[127.467095,36.782089]],[[127.467095,36.782089],[127.467171,36.7821]],[[127.467171,36.7821],[127.467259,36.782113]],[[127.467259,36.782113],[127.467538,36.782155]],[[127.467538,36.782155],[127.467594,36.782159]],[[127.467467,36.782082],[127.46746,36.782143]],[[127.467355,36.782074],[127.467349,36.782127]],[[127.467578,36.78209],[127.467571,36.782157]],[[127.467927,36.776848],[127.467871,36.776833]],[[127.467847,36.776814],[127.467714,36.776725]],[[127.467714,36.776725],[127.467535,36.776607]],[[127.467744,36.77647],[127.467679,36.776513]],[[127.467672,36.776401],[127.467607,36.776444]],[[127.4676,36.776332],[127.467535,36.776375]],[[127.467816,36.776539],[127.467751,36.776582]],[[127.467888,36.776608],[127.467823,36.776651]],[[127.467815,36.776657],[127.467737,36.776709]],[[127.467743,36.776588],[127.467665,36.77664]],[[127.467671,36.776519],[127.467593,36.776571]],[[127.467599,36.77645],[127.467521,36.776502]],[[127.467527,36.776381],[127.46745,36.776433]],[[127.467997,36.776713],[127.467932,36.776756]],[[127.467925,36.776644],[127.46786,36.776687]],[[127.467924,36.776762],[127.467847,36.776814]],[[127.467852,36.776693],[127.467775,36.776745]],[[127.468015,36.776825],[127.467968,36.77687]],[[127.468038,36.776741],[127.467984,36.776792]],[[127.468101,36.776883],[127.468054,36.776928]],[[127.468124,36.776798],[127.46807,36.77685]],[[127.4683,36.777016],[127.468254,36.777062]],[[127.46821,36.776856],[127.468156,36.776908]],[[127.468382,36.776972],[127.468328,36.777023]],[[127.468296,36.776914],[127.468242,36.776966]],[[127.468214,36.776959],[127.468168,36.777004]],[[127.467585,36.776577],[127.467537,36.776609]],[[127.467513,36.776508],[127.467454,36.776548]],[[127.467484,36.77648],[127.467441,36.776509]],[[127.46747,36.776466],[127.467425,36.776497]],[[127.467455,36.776453],[127.46741,36.776483]],[[127.467441,36.776439],[127.467396,36.776469]],[[127.467381,36.776494],[127.467535,36.776607]],[[127.46315,36.78083],[127.463263,36.780838]],[[127.463147,36.780865],[127.463169,36.780869]],[[127.45509,36.772388],[127.45487,36.77143]],[[127.454263,36.771095],[127.454365,36.771088],[127.454466,36.771097],[127.454563,36.771122],[127.454653,36.771161],[127.454731,36.771215],[127.454795,36.771279],[127.454842,36.771351],[127.45487,36.77143]],[[127.453461,36.773155],[127.453582,36.77368]],[[127.453562,36.773643],[127.453453,36.773168]],[[127.453523,36.773052],[127.453407,36.773246],[127.453469,36.773416],[127.453533,36.773589],[127.453626,36.773762],[127.453629,36.773864],[127.453653,36.773964],[127.453698,36.774058],[127.453763,36.774146],[127.453796,36.77419],[127.45383,36.774233],[127.453865,36.774276],[127.453903,36.774317],[127.453946,36.774352],[127.453993,36.774383],[127.454042,36.774411],[127.454095,36.774436],[127.454262,36.774536],[127.454388,36.77465]],[[127.453236,36.771802],[127.453207,36.771678]],[[127.454057,36.774419],[127.453982,36.774359],[127.453913,36.774296],[127.453849,36.774229],[127.453792,36.774159],[127.453741,36.774086],[127.453696,36.77401],[127.453658,36.773931],[127.453627,36.773851]],[[127.454001,36.774388],[127.453884,36.774282],[127.453784,36.774166],[127.453701,36.774041],[127.453637,36.773908]],[[127.454791,36.776465],[127.454812,36.776554]],[[127.454783,36.776477],[127.454798,36.776545]],[[127.453756,36.779464],[127.453711,36.779462],[127.453668,36.779457],[127.453625,36.779449],[127.453583,36.779438],[127.453542,36.779426]],[[127.451886,36.778387],[127.451848,36.778222],[127.451839,36.778138],[127.451851,36.778056],[127.451882,36.77798],[127.45193,36.77791],[127.451994,36.777849],[127.452072,36.777798],[127.452162,36.77776],[127.452263,36.777736],[127.45294,36.777635]],[[127.453947,36.780097],[127.453809,36.7795]],[[127.453856,36.779951],[127.453885,36.780075]],[[127.453845,36.779953],[127.453873,36.780072]],[[127.453779,36.779963],[127.4538,36.780052]],[[127.453788,36.780049],[127.453768,36.779965]],[[127.453764,36.779599],[127.453832,36.779772]],[[127.453821,36.779773],[127.453753,36.7796]],[[127.453701,36.779608],[127.453766,36.779782]],[[127.453755,36.779783],[127.453701,36.779608]],[[127.453748,36.779529],[127.453764,36.779599]],[[127.453753,36.7796],[127.453737,36.779534]],[[127.457374,36.772474],[127.457283,36.77244],[127.457186,36.772419],[127.457086,36.772412],[127.456985,36.77242],[127.45619,36.772539]],[[127.457386,36.772457],[127.45729,36.772422],[127.45719,36.7724],[127.457086,36.772394],[127.456981,36.772402],[127.456186,36.77252]],[[127.455474,36.772626],[127.455936,36.772558]],[[127.455484,36.772616],[127.455922,36.772551]],[[127.455544,36.772561],[127.455854,36.772515]],[[127.455841,36.772508],[127.45556,36.77255]],[[127.45564,36.772492],[127.455773,36.772472]],[[127.455759,36.772465],[127.455656,36.77248]],[[127.456994,36.77246],[127.457099,36.772454],[127.457201,36.772463],[127.4573,36.772489],[127.457391,36.772531]],[[127.464843,36.785998],[127.464128,36.785945],[127.464094,36.785941],[127.464059,36.785937],[127.464025,36.785933],[127.46399,36.785928]],[[127.464828,36.786006],[127.464127,36.785954],[127.464092,36.78595],[127.464058,36.785944],[127.464024,36.785937],[127.46399,36.785928]],[[127.464755,36.786046],[127.464122,36.785999],[127.464109,36.785998],[127.464096,36.785997],[127.464083,36.785995],[127.46407,36.785994]],[[127.46474,36.786054],[127.464121,36.786008],[127.464112,36.786007],[127.464102,36.786006],[127.464093,36.786005],[127.464083,36.786004]],[[127.46463,36.7861],[127.464156,36.786065]],[[127.464169,36.786075],[127.464597,36.786107]],[[127.463755,36.785823],[127.4637,36.78579],[127.463649,36.785754],[127.463602,36.785714],[127.463559,36.785671]],[[127.46394,36.785941],[127.463832,36.785906],[127.463732,36.78586],[127.46364,36.785803],[127.463558,36.785736]],[[127.463863,36.785962],[127.463783,36.785931],[127.463707,36.785895],[127.463635,36.785853],[127.463569,36.785805]],[[127.463769,36.785987],[127.46372,36.785965],[127.463673,36.785942],[127.463627,36.785916],[127.463583,36.785888]],[[127.463754,36.785991],[127.463709,36.785971],[127.463665,36.785949],[127.463623,36.785925],[127.463582,36.785899]],[[127.463682,36.78601],[127.46366,36.785999],[127.463639,36.785988],[127.463618,36.785977],[127.463597,36.785965],[127.463576,36.785976],[127.463565,36.785981],[127.463554,36.785986],[127.463542,36.785991],[127.463531,36.785996]],[[127.463668,36.786014],[127.463649,36.786005],[127.463632,36.785995],[127.463614,36.785986],[127.463596,36.785976],[127.463582,36.785983],[127.463571,36.785989],[127.46356,36.785994],[127.463549,36.785998],[127.463538,36.786003]],[[127.45839,36.773709],[127.458605,36.773677]],[[127.458598,36.773644],[127.458715,36.77366]],[[127.458605,36.773677],[127.458825,36.773644]],[[127.458825,36.773644],[127.459045,36.773611]],[[127.459045,36.773611],[127.459266,36.773578]],[[127.459266,36.773578],[127.459486,36.773545]],[[127.459596,36.773529],[127.459706,36.77351]],[[127.459706,36.773513],[127.459486,36.773545]],[[127.468455,36.773218],[127.468664,36.773265]],[[127.468723,36.773301],[127.468713,36.773373]],[[127.468713,36.773373],[127.468626,36.773532]],[[127.46861,36.773565],[127.46865,36.773602]],[[127.46865,36.773602],[127.468778,36.773634]],[[127.468653,36.773595],[127.468778,36.773634]],[[127.456699,36.772468],[127.456679,36.772384]],[[127.456649,36.772476],[127.45663,36.772391]],[[127.456679,36.772384],[127.456647,36.772242]],[[127.45663,36.772391],[127.456597,36.772249]],[[127.46583,36.773435],[127.465961,36.773416]],[[127.466181,36.773383],[127.465961,36.773416]],[[127.466181,36.773383],[127.466401,36.77335]],[[127.466401,36.77335],[127.466622,36.773317]],[[127.466622,36.773317],[127.466842,36.773285]],[[127.466842,36.773285],[127.467503,36.773186]],[[127.466093,36.773364],[127.467943,36.773088]],[[127.466099,36.773354],[127.467922,36.773082]],[[127.466122,36.773318],[127.467848,36.773061]],[[127.466128,36.773308],[127.467826,36.773055]],[[127.46615,36.773273],[127.467752,36.773034]],[[127.467731,36.773028],[127.466159,36.773262]],[[127.466205,36.773224],[127.466763,36.77314]],[[127.46682,36.773132],[127.467661,36.773007]],[[127.466218,36.773213],[127.466673,36.773145]],[[127.467642,36.773],[127.466842,36.773119]],[[127.466923,36.773075],[127.467578,36.772978]],[[127.467559,36.772971],[127.466945,36.773063]],[[127.466263,36.773174],[127.466515,36.773136]],[[127.466276,36.773163],[127.466488,36.773131]],[[127.466321,36.773124],[127.466393,36.773113]],[[127.467226,36.772975],[127.467466,36.772939]],[[127.467503,36.773186],[127.467833,36.773137]],[[127.455261,36.772719],[127.455318,36.77271]],[[127.455318,36.77271],[127.455979,36.772612]],[[127.456199,36.772579],[127.455979,36.772612]],[[127.456199,36.772579],[127.456614,36.772517]],[[127.456994,36.77246],[127.45675,36.772497]],[[127.454086,36.771061],[127.4541,36.771119]],[[127.45421,36.771103],[127.454199,36.771056]],[[127.4541,36.771119],[127.45388,36.771152]],[[127.45399,36.771135],[127.453976,36.771077]],[[127.45388,36.771152],[127.453759,36.77117]],[[127.453867,36.771098],[127.45388,36.771152]],[[127.453769,36.771168],[127.453756,36.77111]],[[127.453236,36.771802],[127.453521,36.773043]],[[127.453562,36.77322],[127.453521,36.773043]],[[127.453562,36.77322],[127.453643,36.773574]],[[127.456614,36.772517],[127.456649,36.772476]],[[127.456699,36.772468],[127.45675,36.772497]],[[127.453707,36.771141],[127.453759,36.77117]],[[127.453622,36.77119],[127.453658,36.771149]],[[127.453707,36.771141],[127.453696,36.771092]],[[127.453658,36.771149],[127.453646,36.7711]],[[127.454026,36.781452],[127.453979,36.781284]],[[127.454068,36.781606],[127.453978,36.781284]],[[127.453929,36.781108],[127.45388,36.780932]],[[127.45388,36.780932],[127.453831,36.780756]],[[127.453887,36.780957],[127.453831,36.780756]],[[127.453831,36.780756],[127.453782,36.78058]],[[127.453947,36.780097],[127.453716,36.780266],[127.453733,36.780493],[127.454052,36.781633]],[[127.453973,36.781493],[127.453868,36.781119]],[[127.453857,36.781121],[127.453962,36.781496]],[[127.453909,36.781511],[127.453783,36.781062]],[[127.45378,36.781092],[127.453898,36.781514]],[[127.453831,36.780756],[127.453757,36.78049]],[[127.453782,36.78058],[127.453757,36.78049]],[[127.453757,36.78049],[127.45375,36.780402]],[[127.453757,36.78049],[127.45375,36.780402]],[[127.453752,36.780427],[127.45374,36.780274]],[[127.45375,36.780402],[127.45374,36.780274]],[[127.45374,36.780274],[127.453787,36.780239]],[[127.453751,36.780173],[127.453885,36.780075]],[[127.453873,36.780072],[127.453753,36.780159]],[[127.453953,36.780118],[127.453787,36.780239]],[[127.453833,36.779525],[127.453847,36.779586]],[[127.453929,36.779941],[127.453847,36.779586]],[[127.453929,36.779941],[127.453966,36.780102]],[[127.453443,36.779382],[127.453555,36.779415]],[[127.453484,36.779441],[127.453423,36.779424]],[[127.453406,36.779462],[127.453164,36.779469]],[[127.45342,36.779432],[127.453215,36.779358]],[[127.453423,36.779424],[127.453219,36.77935]],[[127.453443,36.779382],[127.453232,36.77932]],[[127.453269,36.779466],[127.45318,36.779434]],[[127.453294,36.779466],[127.453184,36.779426]],[[127.453382,36.779463],[127.453198,36.779396]],[[127.453382,36.779463],[127.453201,36.779388]],[[127.453164,36.779469],[127.452943,36.779432]],[[127.453232,36.77932],[127.453022,36.779258]],[[127.453219,36.77935],[127.453008,36.779288]],[[127.453215,36.779358],[127.453004,36.779296]],[[127.453201,36.779388],[127.452991,36.779326]],[[127.453198,36.779396],[127.452987,36.779334]],[[127.453184,36.779426],[127.452968,36.779377]],[[127.45318,36.779434],[127.452964,36.779385]],[[127.452943,36.779432],[127.452801,36.779218]],[[127.453022,36.779258],[127.452811,36.779197]],[[127.452964,36.779385],[127.4529,36.779367]],[[127.452968,36.779377],[127.452892,36.779355]],[[127.452987,36.779334],[127.452853,36.779295]],[[127.452991,36.779326],[127.452845,36.779283]],[[127.453004,36.779296],[127.452817,36.779242]],[[127.453008,36.779288],[127.452809,36.77923]],[[127.452987,36.779334],[127.452968,36.779377]],[[127.452964,36.779385],[127.452943,36.779432]],[[127.452801,36.779218],[127.452561,36.779221]],[[127.452811,36.779197],[127.4526,36.779135]],[[127.452739,36.779219],[127.452583,36.779173]],[[127.45277,36.779218],[127.452587,36.779165]],[[127.452561,36.779221],[127.452321,36.779225]],[[127.452583,36.779173],[127.452373,36.779111]],[[127.452587,36.779165],[127.452377,36.779103]],[[127.4526,36.779135],[127.45239,36.779073]],[[127.452459,36.779223],[127.452338,36.779188]],[[127.45249,36.779222],[127.452342,36.779179]],[[127.452583,36.779173],[127.452561,36.779221]],[[127.452478,36.779142],[127.452447,36.77921]],[[127.452338,36.779188],[127.452116,36.779114]],[[127.452342,36.779179],[127.452093,36.779097]],[[127.452144,36.779023],[127.45211,36.779059]],[[127.451975,36.778851],[127.451923,36.778869]],[[127.451811,36.778673],[127.451895,36.778477]],[[127.451848,36.778668],[127.451836,36.778615]],[[127.451859,36.778666],[127.451844,36.778597]],[[127.451915,36.778658],[127.451881,36.778511]],[[127.451926,36.778656],[127.451888,36.778494]],[[127.451883,36.778296],[127.451964,36.77865]],[[127.45236,36.777736],[127.45258,36.777703]],[[127.45258,36.777703],[127.4528,36.77767]],[[127.452944,36.777649],[127.453015,36.777611]],[[127.453021,36.777638],[127.4528,36.77767]],[[127.453015,36.777611],[127.453218,36.777506]],[[127.453021,36.777638],[127.453241,36.777605]],[[127.453052,36.777592],[127.453232,36.777565]],[[127.453027,36.777605],[127.453234,36.777574]],[[127.453218,36.777506],[127.453418,36.777386]],[[127.45322,36.777512],[127.453443,36.777492]],[[127.453222,36.777521],[127.453445,36.777501]],[[127.453232,36.777565],[127.454333,36.777401]],[[127.453234,36.777574],[127.453454,36.777541]],[[127.453241,36.777605],[127.453461,36.777572]],[[127.453286,36.777465],[127.453434,36.777452]],[[127.453268,36.777476],[127.453436,36.777461]],[[127.453232,36.777565],[127.453222,36.777521]],[[127.453418,36.777386],[127.453619,36.777266]],[[127.453419,36.77739],[127.453639,36.777353]],[[127.453421,36.777399],[127.453641,36.777362]],[[127.453434,36.777452],[127.453868,36.77736]],[[127.453436,36.777461],[127.45387,36.777369]],[[127.453443,36.777492],[127.453663,36.777459]],[[127.453445,36.777501],[127.453665,36.777468]],[[127.453454,36.777541],[127.453674,36.777508]],[[127.453461,36.777572],[127.453682,36.777539]],[[127.453536,36.777315],[127.453626,36.7773]],[[127.453515,36.777328],[127.453629,36.777309]],[[127.453434,36.777452],[127.453421,36.777399]],[[127.453542,36.777429],[127.453531,36.777381]],[[127.453619,36.777266],[127.453848,36.777274]],[[127.453639,36.777353],[127.453856,36.777307]],[[127.453641,36.777362],[127.453858,36.777316]],[[127.453626,36.7773],[127.453764,36.777271]],[[127.453629,36.777309],[127.453801,36.777272]],[[127.453663,36.777459],[127.453653,36.777415]],[[127.453651,36.777406],[127.453641,36.777362]],[[127.453856,36.777307],[127.454082,36.777301]],[[127.453882,36.777422],[127.454106,36.777403]],[[127.453902,36.777506],[127.454122,36.777474]],[[127.453858,36.777316],[127.454084,36.77731]],[[127.453868,36.77736],[127.454095,36.777354]],[[127.45387,36.777369],[127.454097,36.777363]],[[127.454104,36.777394],[127.45388,36.777413]],[[127.453893,36.777466],[127.453882,36.777422]],[[127.454081,36.777297],[127.454315,36.777322]],[[127.454104,36.777394],[127.454324,36.777361]],[[127.454106,36.777403],[127.454326,36.77737]],[[127.454115,36.777443],[127.454556,36.777377]],[[127.454122,36.777474],[127.454342,36.777441]],[[127.454095,36.777354],[127.454311,36.777322]],[[127.454097,36.777363],[127.454311,36.777322]],[[127.454095,36.777354],[127.454084,36.77731]],[[127.454315,36.777322],[127.454535,36.777286]],[[127.454342,36.777441],[127.454563,36.777408]],[[127.454333,36.777401],[127.454554,36.777368]],[[127.454326,36.77737],[127.454546,36.777337]],[[127.454324,36.777361],[127.454544,36.777328]],[[127.454535,36.777286],[127.454759,36.777272]],[[127.454563,36.777408],[127.454783,36.777375]],[[127.454556,36.777377],[127.454776,36.777344]],[[127.454554,36.777368],[127.454774,36.777335]],[[127.454546,36.777337],[127.454767,36.777304]],[[127.454544,36.777328],[127.454765,36.777295]],[[127.454783,36.777375],[127.454993,36.777344]],[[127.456719,36.780333],[127.456601,36.780267]],[[127.456602,36.78027],[127.456487,36.780289]],[[127.455825,36.780383],[127.455709,36.7804]],[[127.455554,36.780428],[127.455385,36.780453]],[[127.454724,36.780547],[127.454503,36.78058]],[[127.454503,36.78058],[127.454283,36.780612]],[[127.456719,36.780333],[127.456602,36.78027]],[[127.456487,36.780289],[127.456046,36.780355]],[[127.456601,36.780267],[127.455825,36.780383]],[[127.456046,36.780355],[127.455826,36.780387]],[[127.455826,36.780387],[127.45571,36.780405]],[[127.455709,36.7804],[127.455605,36.780416]],[[127.45571,36.780405],[127.455606,36.78042]],[[127.455553,36.780423],[127.455384,36.780448]],[[127.455384,36.780448],[127.455164,36.780481]],[[127.455385,36.780453],[127.455165,36.780486]],[[127.455164,36.780481],[127.454944,36.780514]],[[127.455165,36.780486],[127.454945,36.780519]],[[127.454944,36.780514],[127.454724,36.780547]],[[127.454945,36.780519],[127.454725,36.780551]],[[127.454725,36.780551],[127.454504,36.780584]],[[127.456846,36.780883],[127.456805,36.780705]],[[127.456816,36.780887],[127.456785,36.780708]],[[127.453985,36.781308],[127.453936,36.781133]],[[127.456805,36.780705],[127.456764,36.780528]],[[127.456785,36.780708],[127.456754,36.78053]],[[127.456764,36.780528],[127.456723,36.780351]],[[127.456754,36.78053],[127.456723,36.780351]],[[127.454057,36.780565],[127.454037,36.780448]],[[127.454072,36.780562],[127.454046,36.780447]],[[127.453789,36.780605],[127.453757,36.78049]],[[127.454037,36.780448],[127.454026,36.780386]],[[127.454046,36.780447],[127.454031,36.780385]],[[127.453757,36.78049],[127.453752,36.780427]],[[127.454026,36.780386],[127.454001,36.78026]],[[127.454076,36.780648],[127.454057,36.780565]],[[127.454504,36.780584],[127.454076,36.780648]],[[127.454283,36.780612],[127.45409,36.780641]],[[127.45409,36.780641],[127.454072,36.780562]],[[127.453967,36.780107],[127.454031,36.780385]],[[127.454001,36.78026],[127.453967,36.780107]],[[127.453759,36.779448],[127.453826,36.779492]],[[127.453756,36.779464],[127.453809,36.7795]],[[127.453726,36.77951],[127.453748,36.779529]],[[127.453726,36.77951],[127.453737,36.779534]],[[127.451895,36.778477],[127.451904,36.778391]],[[127.453848,36.777274],[127.454081,36.777297]],[[127.453682,36.777539],[127.453902,36.777506]],[[127.453674,36.777508],[127.454115,36.777443]],[[127.453665,36.777468],[127.453882,36.777422]],[[127.45388,36.777413],[127.453663,36.777459]],[[127.454759,36.777272],[127.454993,36.777297]],[[127.454765,36.777295],[127.454853,36.777282]],[[127.454767,36.777304],[127.454889,36.777286]],[[127.454893,36.777359],[127.454877,36.777288]],[[127.454993,36.777297],[127.455025,36.777306]],[[127.459706,36.77351],[127.459916,36.773433]],[[127.459962,36.773475],[127.459706,36.773513]],[[127.46001,36.773482],[127.460063,36.773643]],[[127.459962,36.773475],[127.460023,36.77374]],[[127.460063,36.773643],[127.460023,36.77374]],[[127.459985,36.773654],[127.460055,36.773963]],[[127.460057,36.773827],[127.460081,36.77392]],[[127.460055,36.773963],[127.460109,36.773979]],[[127.460055,36.773962],[127.460109,36.773979]],[[127.46013,36.773936],[127.460218,36.773983]],[[127.460206,36.774009],[127.460234,36.774103]],[[127.460247,36.774001],[127.460316,36.774087]],[[127.460234,36.774103],[127.460282,36.774262]],[[127.460316,36.774087],[127.460348,36.774192]],[[127.460234,36.774103],[127.460316,36.774087]],[[127.460261,36.774191],[127.460342,36.774175]],[[127.460282,36.774262],[127.460454,36.774236]],[[127.460348,36.774192],[127.460442,36.774184]],[[127.460392,36.774245],[127.460379,36.774189]],[[127.460442,36.774184],[127.46067,36.774185]],[[127.460894,36.774171],[127.460454,36.774236]],[[127.460454,36.774236],[127.460442,36.774184]],[[127.465957,36.773402],[127.465845,36.773418]],[[127.468387,36.773283],[127.468423,36.773324],[127.468452,36.773369],[127.468474,36.773416],[127.468489,36.773465]],[[127.468087,36.773117],[127.46815,36.773131],[127.46821,36.77315],[127.468266,36.773176],[127.468319,36.773206]],[[127.460894,36.774171],[127.461335,36.774105]],[[127.461108,36.774107],[127.461328,36.774074]],[[127.461326,36.774065],[127.461108,36.774107]],[[127.466583,36.773149],[127.466808,36.773138]],[[127.467444,36.772932],[127.467226,36.772975],[127.46701,36.773027]],[[127.467692,36.773017],[127.467952,36.773091]],[[127.468292,36.773207],[127.468361,36.773204]],[[127.467833,36.773137],[127.467882,36.773129],[127.4679,36.773127],[127.467918,36.773125],[127.467936,36.773124],[127.467954,36.773123]],[[127.466154,36.773267],[127.466071,36.773399]],[[127.46701,36.773027],[127.466808,36.773138]],[[127.467692,36.773017],[127.467444,36.772932]],[[127.466583,36.773149],[127.466345,36.773104]],[[127.466345,36.773104],[127.466154,36.773267]],[[127.460784,36.774187],[127.460886,36.774132]],[[127.460886,36.774132],[127.461105,36.774095]],[[127.461105,36.774095],[127.46131,36.773996]],[[127.461548,36.774041],[127.461326,36.774065]],[[127.461328,36.774074],[127.461548,36.774041]],[[127.464197,36.785894],[127.46442,36.78591]],[[127.46442,36.78591],[127.464643,36.785927]],[[127.464643,36.785927],[127.464913,36.785947]],[[127.46357,36.785628],[127.463621,36.785684],[127.463679,36.785734],[127.463743,36.785778],[127.463813,36.785816],[127.463888,36.785847],[127.463967,36.785872],[127.464049,36.78589],[127.464134,36.7859],[127.4648,36.78595]],[[127.463574,36.785613],[127.463372,36.785716]],[[127.463559,36.785671],[127.4634,36.785752],[127.463377,36.785757],[127.463353,36.785757],[127.46333,36.785752],[127.463309,36.785742]],[[127.463299,36.785746],[127.463323,36.785759],[127.46335,36.785766],[127.463378,36.785766],[127.463405,36.78576],[127.463556,36.785683]],[[127.463558,36.785736],[127.463436,36.785798],[127.463416,36.785806],[127.463394,36.785811],[127.463372,36.785813],[127.463349,36.785811]],[[127.463556,36.785748],[127.463442,36.785806],[127.463423,36.785814],[127.463402,36.785819],[127.463381,36.785822],[127.463359,36.785822]],[[127.463569,36.785805],[127.463478,36.785851],[127.463462,36.785859],[127.463445,36.785865],[127.463428,36.78587],[127.46341,36.785873]],[[127.463418,36.785881],[127.463435,36.785877],[127.463452,36.785872],[127.463468,36.785866],[127.463484,36.785859],[127.463568,36.785816]],[[127.463583,36.785888],[127.463529,36.785916],[127.463516,36.785922],[127.463502,36.785928],[127.463488,36.785933],[127.463474,36.785938]],[[127.463481,36.785945],[127.463495,36.785941],[127.463509,36.785936],[127.463522,36.78593],[127.463535,36.785924],[127.463582,36.785899]],[[127.463289,36.78575],[127.463573,36.786039]],[[127.462377,36.783473],[127.462314,36.783443]],[[127.462433,36.783395],[127.46237,36.783366]],[[127.462491,36.783324],[127.462465,36.783269]],[[127.46258,36.783274],[127.462522,36.783238]],[[127.462648,36.783202],[127.46259,36.783167]],[[127.462716,36.783131],[127.462658,36.783095]],[[127.46277,36.783055],[127.462698,36.783049]],[[127.462781,36.782965],[127.462709,36.782959]],[[127.462769,36.782881],[127.462713,36.782919]],[[127.462697,36.782812],[127.462641,36.782849]],[[127.462701,36.782726],[127.462629,36.782715]],[[127.462696,36.782639],[127.46263,36.782663]],[[127.46265,36.782557],[127.462587,36.78258]],[[127.462623,36.782472],[127.462561,36.782442]],[[127.462677,36.782393],[127.462613,36.782365]],[[127.462714,36.782308],[127.462644,36.782293]],[[127.462759,36.782227],[127.462696,36.782198]],[[127.462813,36.782148],[127.46274,36.782115]],[[127.462325,36.783552],[127.462259,36.783526]],[[127.462457,36.784067],[127.462515,36.784145],[127.462815,36.784603],[127.462921,36.784847],[127.463157,36.785406],[127.463366,36.785732]],[[127.464913,36.785947],[127.465136,36.785963]],[[127.465136,36.785963],[127.465359,36.78598]],[[127.465359,36.78598],[127.465582,36.785996]],[[127.465582,36.785996],[127.465805,36.786013]],[[127.465805,36.786013],[127.465878,36.786018]],[[127.46157,36.780545],[127.461797,36.780542]],[[127.463573,36.786039],[127.46399,36.785928],[127.464218,36.786116],[127.464441,36.786138],[127.464671,36.786092]],[[127.464671,36.786092],[127.464911,36.785961]],[[127.464911,36.785957],[127.465134,36.785981]],[[127.465134,36.785981],[127.465353,36.786028]],[[127.465353,36.786028],[127.465578,36.786034]],[[127.465353,36.786028],[127.465359,36.78598]],[[127.465578,36.786034],[127.465798,36.786075]],[[127.465694,36.786005],[127.465688,36.786054]],[[127.465798,36.786075],[127.465869,36.786077]],[[127.465798,36.786075],[127.465805,36.786013]],[[127.464911,36.785957],[127.4648,36.78595]],[[127.464911,36.785961],[127.465129,36.785999],[127.46535,36.786046],[127.465575,36.786053],[127.465795,36.786094],[127.465848,36.786095]],[[127.463556,36.785683],[127.463598,36.785726],[127.463644,36.785764],[127.463694,36.785799],[127.463749,36.785831]],[[127.463362,36.785767],[127.463353,36.785812]],[[127.463461,36.785796],[127.463497,36.785841]],[[127.463923,36.785946],[127.463819,36.785911],[127.463723,36.785866],[127.463635,36.785811],[127.463556,36.785748]],[[127.463847,36.785966],[127.463771,36.785936],[127.463699,36.785902],[127.463631,36.785861],[127.463568,36.785816]],[[127.463746,36.785925],[127.463717,36.785964]],[[127.463519,36.785841],[127.463564,36.785898]],[[127.463658,36.785945],[127.463627,36.785982]],[[127.464688,36.785941],[127.464683,36.785986]],[[127.46413,36.7859],[127.464125,36.785945]],[[127.46402,36.785885],[127.464006,36.78593]],[[127.463747,36.773697],[127.463971,36.773682]],[[127.453406,36.779462],[127.453542,36.779426]],[[127.453658,36.779455],[127.453726,36.77951]],[[127.458432,36.773446],[127.458451,36.773529]],[[127.458421,36.773447],[127.458445,36.77355]],[[127.458383,36.773453],[127.45842,36.773631]],[[127.458372,36.773455],[127.45842,36.773631]],[[127.458374,36.773638],[127.458333,36.77346]],[[127.458393,36.773723],[127.458374,36.773638]],[[127.45842,36.773631],[127.458479,36.773439]],[[127.458425,36.773641],[127.458598,36.773644]],[[127.460218,36.773983],[127.460226,36.773987],[127.460233,36.773991],[127.46024,36.773996],[127.460247,36.774001]],[[127.460023,36.77374],[127.460072,36.773824]],[[127.454282,36.771028],[127.454324,36.771039],[127.4545,36.771104]],[[127.454839,36.771346],[127.454856,36.771372],[127.454871,36.771397],[127.454886,36.771423],[127.454899,36.771449],[127.454961,36.771622],[127.454993,36.7718],[127.455015,36.771979],[127.455028,36.772119]],[[127.46067,36.774185],[127.460784,36.774187]],[[127.461261,36.77402],[127.461314,36.774012]],[[127.461311,36.774003],[127.461289,36.774007]],[[127.461326,36.774065],[127.46131,36.774012]],[[127.46374,36.773661],[127.463853,36.773662]],[[127.463853,36.773662],[127.46397,36.773667]],[[127.463959,36.773628],[127.463853,36.773662]],[[127.46407,36.773602],[127.463959,36.773628]],[[127.464162,36.773638],[127.46397,36.773667]],[[127.463971,36.773686],[127.464161,36.773658]],[[127.464167,36.773683],[127.464161,36.773658]],[[127.464049,36.773655],[127.464038,36.77361]],[[127.463518,36.773689],[127.463297,36.773722]],[[127.463297,36.773722],[127.463515,36.77368]],[[127.463512,36.773665],[127.463747,36.773697]],[[127.463589,36.773675],[127.463518,36.773689]],[[127.463561,36.773672],[127.463515,36.77368]],[[127.463642,36.773735],[127.46363,36.773681]],[[127.468237,36.773114],[127.468262,36.773126],[127.468286,36.773138],[127.468309,36.773151],[127.468331,36.773166]],[[127.468331,36.773166],[127.4684,36.773172]],[[127.453239,36.77187],[127.453256,36.771891]],[[127.459948,36.773491],[127.459985,36.773654]],[[127.459948,36.773491],[127.458388,36.773724]],[[127.460007,36.773744],[127.460057,36.773827]],[[127.460003,36.773652],[127.460063,36.773643]],[[127.46001,36.773482],[127.459999,36.773463],[127.459982,36.773447],[127.45996,36.773436],[127.459934,36.77343]],[[127.458425,36.773641],[127.45842,36.773631]],[[127.4585,36.773692],[127.458489,36.773642]],[[127.46013,36.773936],[127.460081,36.77392]],[[127.453968,36.774244],[127.453903,36.774286]],[[127.455425,36.772679],[127.455264,36.772703]],[[127.455425,36.772679],[127.456086,36.772581]],[[127.45433,36.771021],[127.45459,36.771116],[127.454649,36.771142],[127.454703,36.771174],[127.454752,36.771211],[127.454795,36.771253],[127.454832,36.771298],[127.454865,36.771345],[127.454895,36.771393],[127.454921,36.771443],[127.454984,36.771618],[127.455017,36.771797],[127.455039,36.771978],[127.455056,36.772158],[127.455096,36.772335]],[[127.454883,36.771262],[127.454875,36.771252],[127.454866,36.771242],[127.454858,36.771232],[127.45485,36.771222],[127.454841,36.771213],[127.454833,36.771204],[127.454824,36.771195],[127.454814,36.771186]],[[127.454885,36.771248],[127.454879,36.77124],[127.454872,36.771233],[127.454866,36.771225],[127.454859,36.771217],[127.454852,36.771209],[127.454845,36.771202],[127.454838,36.771195],[127.454831,36.771188]],[[127.45421,36.771103],[127.454263,36.771095]],[[127.453713,36.773846],[127.453632,36.773865]],[[127.454703,36.771174],[127.454896,36.771195]],[[127.454866,36.771346],[127.454896,36.771195]],[[127.454263,36.771095],[127.454251,36.771042]],[[127.454786,36.771243],[127.454838,36.771211]],[[127.453861,36.77107],[127.454244,36.771013],[127.454253,36.771012],[127.454262,36.771011],[127.454271,36.77101],[127.45428,36.771009],[127.45433,36.771021]],[[127.453193,36.771508],[127.453212,36.771456],[127.453238,36.771407],[127.453272,36.77136],[127.453313,36.771317],[127.453376,36.771206],[127.453405,36.771184],[127.453436,36.771164],[127.453469,36.771146],[127.453503,36.771131]],[[127.453216,36.771874],[127.453199,36.77181],[127.453183,36.771746],[127.453169,36.771682],[127.453157,36.771617]],[[127.453347,36.771309],[127.453394,36.771218],[127.453421,36.771198],[127.453449,36.77118],[127.453479,36.771163],[127.453511,36.771148]],[[127.453221,36.771804],[127.45321,36.771757],[127.453199,36.77171],[127.453189,36.771663],[127.45318,36.771616]],[[127.453622,36.77119],[127.453521,36.771214],[127.453431,36.771253],[127.453353,36.771304],[127.453289,36.771365],[127.453241,36.771435],[127.45321,36.771512],[127.453198,36.771594],[127.453207,36.771678]],[[127.45318,36.771616],[127.453182,36.771593],[127.453187,36.77157],[127.453195,36.771548],[127.453207,36.771527]],[[127.453157,36.771617],[127.453159,36.771588],[127.453166,36.771561],[127.453177,36.771534],[127.453193,36.771508]],[[127.453313,36.771317],[127.453171,36.771379]],[[127.453171,36.771379],[127.453193,36.771508]],[[127.453228,36.771423],[127.453175,36.771404]],[[127.453216,36.771874],[127.453223,36.771872]],[[127.453221,36.771804],[127.453239,36.77187]],[[127.453231,36.771871],[127.453239,36.77187]],[[127.454372,36.774679],[127.454313,36.77461]],[[127.45349,36.772988],[127.453498,36.772987]],[[127.453506,36.772986],[127.453508,36.772986]],[[127.454042,36.774312],[127.453981,36.774358]],[[127.453902,36.774171],[127.453832,36.774209]],[[127.453843,36.774095],[127.45377,36.774128]],[[127.453791,36.774015],[127.453715,36.774044]],[[127.453748,36.773932],[127.453669,36.773956]],[[127.453562,36.77322],[127.453479,36.773232]],[[127.453582,36.773308],[127.453499,36.773321]],[[127.453602,36.773397],[127.45352,36.773409]],[[127.453623,36.773486],[127.45354,36.773498]],[[127.453541,36.773131],[127.453469,36.773142]],[[127.453706,36.773827],[127.453627,36.773844]],[[127.453681,36.773739],[127.453618,36.773748]],[[127.453661,36.77365],[127.453578,36.773662]],[[127.453473,36.773257],[127.453414,36.773266]],[[127.454122,36.774375],[127.454067,36.774424]],[[127.454201,36.774438],[127.454155,36.774472]],[[127.453604,36.779806],[127.453701,36.779608]],[[127.453766,36.779782],[127.453779,36.779963]],[[127.453678,36.779795],[127.453664,36.779684]],[[127.453768,36.780028],[127.453748,36.780204]],[[127.453807,36.780199],[127.453765,36.780163]],[[127.453845,36.779953],[127.453821,36.779773]],[[127.454806,36.776335],[127.454825,36.776415],[127.454755,36.776517],[127.454877,36.776596]],[[127.453748,36.780243],[127.453748,36.780204]],[[127.453768,36.780028],[127.453716,36.779972]],[[127.453716,36.779972],[127.453604,36.779806]],[[127.453701,36.779608],[127.453716,36.779542]],[[127.453832,36.779772],[127.453856,36.779951]],[[127.453768,36.779965],[127.453755,36.779783]],[[127.453689,36.779793],[127.453716,36.779972]],[[127.453716,36.779972],[127.453678,36.779795]],[[127.453689,36.779793],[127.453664,36.779684]],[[127.45383,36.779588],[127.453764,36.779598]],[[127.45389,36.780139],[127.453848,36.780102]],[[127.453845,36.779953],[127.453779,36.779963]],[[127.453866,36.780042],[127.4538,36.780052]],[[127.453833,36.779863],[127.453772,36.779869]],[[127.453762,36.779875],[127.453701,36.779877]],[[127.453728,36.779696],[127.453669,36.779707]],[[127.453678,36.779795],[127.453606,36.779801]],[[127.453689,36.779793],[127.453755,36.779783]],[[127.45294,36.777635],[127.452942,36.777641]],[[127.464459,36.785979],[127.464454,36.786023]],[[127.466013,36.773393],[127.466014,36.7734]],[[127.46357,36.785628],[127.463366,36.785732]],[[127.462457,36.784067],[127.462409,36.783986],[127.462377,36.783931],[127.462378,36.783805],[127.462364,36.783685],[127.462308,36.783669],[127.462218,36.78358],[127.462217,36.783562],[127.462226,36.783525],[127.462288,36.783432],[127.46235,36.783348],[127.46239,36.783267],[127.462486,36.783238],[127.462669,36.783045],[127.462684,36.782928],[127.462584,36.782832],[127.462587,36.782773],[127.462608,36.782681],[127.46252,36.782514],[127.462519,36.782453],[127.462538,36.782428],[127.4626,36.782335],[127.462629,36.782248],[127.462696,36.782148]],[[127.462722,36.78216],[127.462656,36.782257],[127.462627,36.782343],[127.462563,36.782439],[127.462548,36.782459],[127.462549,36.782509],[127.462638,36.782678],[127.462616,36.782775],[127.462614,36.782823],[127.462714,36.78292],[127.462697,36.783054],[127.462504,36.783257],[127.462413,36.783285],[127.462376,36.783358],[127.462314,36.783444],[127.462254,36.783533],[127.462246,36.783564],[127.462246,36.783571],[127.462326,36.783649],[127.462391,36.783668],[127.462396,36.783713]],[[127.464571,36.785987],[127.464565,36.786032]],[[127.4648,36.785949],[127.464795,36.785995]],[[127.464219,36.785961],[127.464214,36.786006]],[[127.464722,36.785998],[127.464717,36.786043]],[[127.464564,36.786041],[127.464558,36.786095]],[[127.464453,36.786032],[127.464447,36.786086]],[[127.46423,36.786016],[127.464223,36.78607]],[[127.464341,36.786024],[127.464335,36.786078]],[[127.464236,36.785962],[127.464231,36.786007]],[[127.464194,36.786013],[127.464188,36.786067]],[[127.46399,36.785928],[127.463929,36.785905],[127.46387,36.78588],[127.463811,36.785853],[127.463755,36.785823]],[[127.46399,36.785928],[127.463926,36.78591],[127.463864,36.785888],[127.463805,36.785861],[127.463749,36.785831]],[[127.463289,36.78575],[127.463248,36.785656],[127.463094,36.785517],[127.463052,36.78545],[127.463044,36.785436],[127.463015,36.785332],[127.463004,36.785287],[127.46295,36.78516],[127.462912,36.78498],[127.462855,36.784805],[127.462766,36.78464],[127.462761,36.784627],[127.46267,36.784487],[127.462561,36.78433],[127.462458,36.78417],[127.462411,36.784085]],[[127.462378,36.783868],[127.46234,36.783929],[127.462336,36.783951],[127.462365,36.784002],[127.462411,36.784085]],[[127.462919,36.78501],[127.462979,36.785152],[127.463043,36.785276],[127.463106,36.785423],[127.463151,36.785494]],[[127.463248,36.785656],[127.463141,36.785498],[127.463095,36.785427],[127.463033,36.785279],[127.462968,36.785155],[127.46293,36.785064]],[[127.463248,36.785656],[127.463151,36.785494]],[[127.463161,36.785412],[127.463111,36.785432]],[[127.463124,36.785327],[127.463071,36.785341]],[[127.463088,36.785242],[127.463033,36.785257]],[[127.463052,36.785156],[127.46299,36.785173]],[[127.463016,36.785071],[127.462952,36.785088]],[[127.463264,36.785572],[127.463211,36.785594]],[[127.463213,36.785492],[127.463162,36.785513]],[[127.463248,36.785656],[127.463309,36.785742]],[[127.463299,36.785746],[127.463248,36.785656]],[[127.463315,36.785652],[127.463261,36.785674]],[[127.462514,36.784145],[127.462459,36.784171]],[[127.462566,36.784224],[127.462509,36.784249]],[[127.462619,36.784304],[127.46256,36.784329]],[[127.462671,36.784384],[127.462615,36.784407]],[[127.462723,36.784463],[127.46267,36.784486]],[[127.462775,36.784543],[127.462722,36.784566]],[[127.462824,36.784624],[127.462767,36.78464]],[[127.462971,36.784965],[127.462913,36.784981]],[[127.455516,36.772581],[127.455712,36.77244]],[[127.455712,36.77244],[127.455971,36.772576]],[[127.455516,36.772581],[127.455425,36.772679]],[[127.455971,36.772576],[127.456086,36.772581]],[[127.455594,36.772599],[127.455584,36.772555]],[[127.455814,36.772567],[127.455804,36.772522]],[[127.455731,36.772524],[127.45572,36.77248]],[[127.457487,36.772521],[127.457574,36.772569]],[[127.457458,36.772516],[127.457567,36.772576]],[[127.457599,36.772541],[127.457835,36.772584]],[[127.457574,36.772569],[127.457747,36.772684]],[[127.457567,36.772576],[127.45774,36.772692]],[[127.457535,36.772613],[127.457718,36.772717]],[[127.45776,36.772571],[127.457815,36.772607]],[[127.457736,36.772566],[127.457808,36.772615]],[[127.457615,36.772544],[127.457776,36.772651]],[[127.457615,36.772544],[127.45777,36.772659]],[[127.457835,36.772584],[127.458073,36.772626]],[[127.457815,36.772607],[127.457998,36.772712]],[[127.457808,36.772615],[127.457991,36.772719]],[[127.457776,36.772651],[127.457959,36.772756]],[[127.45777,36.772659],[127.457952,36.772763]],[[127.457747,36.772684],[127.45793,36.772789]],[[127.45774,36.772692],[127.457923,36.772796]],[[127.457718,36.772717],[127.4579,36.772822]],[[127.457916,36.772599],[127.458037,36.772667]],[[127.457888,36.772594],[127.45803,36.772675]],[[127.457906,36.772659],[127.457939,36.772623]],[[127.457998,36.772712],[127.45803,36.772675]],[[127.458037,36.772667],[127.458073,36.772626]],[[127.458183,36.772835],[127.458218,36.772801]],[[127.458151,36.772867],[127.458153,36.772868],[127.458155,36.77287],[127.458158,36.772872],[127.45816,36.772873],[127.458163,36.772875],[127.458165,36.772876],[127.458167,36.772878],[127.45817,36.77288],[127.458172,36.772881],[127.458174,36.772883],[127.458176,36.772885],[127.458179,36.772886],[127.458181,36.772888],[127.458183,36.77289],[127.458186,36.772892],[127.458188,36.772893],[127.45819,36.772895],[127.458192,36.772897],[127.458194,36.772899],[127.458197,36.7729],[127.458199,36.772902],[127.458201,36.772904],[127.458203,36.772906],[127.458205,36.772908],[127.458207,36.772909],[127.45821,36.772911],[127.458212,36.772913],[127.458214,36.772915],[127.458216,36.772917],[127.458218,36.772919],[127.45822,36.77292],[127.458222,36.772922],[127.458224,36.772924],[127.458226,36.772926],[127.458228,36.772928],[127.45823,36.77293],[127.458232,36.772932],[127.458234,36.772934],[127.458236,36.772936],[127.458238,36.772938],[127.45824,36.772939],[127.458242,36.772941],[127.458244,36.772943],[127.458246,36.772945],[127.458248,36.772947],[127.45825,36.772949],[127.458252,36.772951],[127.458253,36.772953],[127.458255,36.772955],[127.458257,36.772957],[127.458259,36.772959],[127.458261,36.772961],[127.458263,36.772963],[127.458264,36.772965],[127.458266,36.772968],[127.458268,36.77297],[127.45827,36.772972],[127.458271,36.772974],[127.458273,36.772976],[127.458275,36.772978],[127.458277,36.77298],[127.458278,36.772982],[127.45828,36.772984],[127.458282,36.772986],[127.458283,36.772988],[127.458285,36.772991],[127.458286,36.772993],[127.458288,36.772995],[127.45829,36.772997],[127.458291,36.772999],[127.458293,36.773001],[127.458294,36.773003],[127.458296,36.773006],[127.458297,36.773008],[127.458299,36.77301],[127.4583,36.773012],[127.458302,36.773014],[127.458303,36.773017],[127.458305,36.773019],[127.458306,36.773021],[127.458308,36.773023],[127.458309,36.773025],[127.458311,36.773028],[127.458312,36.77303],[127.458313,36.773032],[127.458315,36.773034],[127.458316,36.773037],[127.458317,36.773039],[127.458319,36.773041],[127.45832,36.773043],[127.458321,36.773046],[127.458323,36.773048],[127.458324,36.77305],[127.458325,36.773053],[127.458326,36.773055],[127.458328,36.773057],[127.458329,36.773059],[127.45833,36.773062],[127.458331,36.773064],[127.458332,36.773066],[127.458334,36.773069],[127.458335,36.773071],[127.458336,36.773073],[127.458337,36.773076],[127.458338,36.773078],[127.458339,36.77308],[127.45834,36.773083],[127.458341,36.773085],[127.458342,36.773087],[127.458343,36.77309],[127.458344,36.773092],[127.458345,36.773095],[127.458346,36.773097],[127.458347,36.773099],[127.458348,36.773102],[127.458349,36.773104],[127.45835,36.773106],[127.458351,36.773109],[127.458352,36.773111],[127.458353,36.773114],[127.458353,36.773116],[127.458354,36.773118],[127.458355,36.773121],[127.458356,36.773123],[127.458357,36.773126],[127.458358,36.773128],[127.458358,36.773131],[127.458359,36.773133],[127.45836,36.773135],[127.458361,36.773138],[127.458361,36.77314],[127.458362,36.773143],[127.458363,36.773145],[127.458363,36.773148],[127.458364,36.77315],[127.458365,36.773152],[127.458365,36.773155],[127.458366,36.773157],[127.458366,36.77316],[127.458367,36.773162],[127.458367,36.773164],[127.458368,36.773166],[127.458368,36.773167],[127.458369,36.773169],[127.458369,36.773171],[127.458369,36.773173],[127.45837,36.773175],[127.45837,36.773176],[127.458371,36.773178],[127.458371,36.77318],[127.458371,36.773182],[127.458372,36.773183],[127.458372,36.773185],[127.458373,36.773187],[127.458373,36.773189],[127.458373,36.77319],[127.458374,36.773192],[127.458374,36.773194],[127.458375,36.773196],[127.458375,36.773198],[127.458375,36.773199],[127.458376,36.773201],[127.458376,36.773203],[127.458377,36.773205],[127.458377,36.773206],[127.458377,36.773208],[127.458378,36.77321],[127.458378,36.773212],[127.458379,36.773214],[127.458379,36.773215],[127.45838,36.773217],[127.45838,36.773219],[127.45838,36.773221],[127.458381,36.773222],[127.458381,36.773224],[127.458382,36.773226],[127.458382,36.773228],[127.458382,36.773229],[127.458383,36.773231],[127.458383,36.773233],[127.458384,36.773235],[127.458384,36.773237],[127.458384,36.773238],[127.458385,36.77324],[127.458385,36.773242],[127.458386,36.773244],[127.458386,36.773245],[127.458386,36.773247],[127.458387,36.773249],[127.458387,36.773251],[127.458388,36.773253],[127.458388,36.773254],[127.458389,36.773256],[127.458389,36.773258],[127.458389,36.77326],[127.45839,36.773261],[127.45839,36.773263],[127.458391,36.773265],[127.458391,36.773267],[127.458391,36.773268]],[[127.458439,36.773261],[127.458479,36.773439]],[[127.458292,36.773283],[127.458333,36.77346]],[[127.458331,36.773277],[127.458372,36.773455]],[[127.458342,36.773276],[127.458383,36.773453]],[[127.45838,36.77327],[127.458421,36.773447]],[[127.458391,36.773268],[127.458432,36.773446]],[[127.46932,36.781519],[127.469163,36.781572]],[[127.469293,36.781467],[127.469125,36.781523]],[[127.469293,36.781467],[127.46932,36.781519]],[[127.46919,36.781502],[127.469217,36.781554]],[[127.469163,36.781572],[127.469031,36.781719]],[[127.469125,36.781523],[127.468985,36.781695]],[[127.469046,36.78162],[127.469096,36.781646]],[[127.469031,36.781719],[127.468964,36.781795]],[[127.468985,36.781695],[127.468922,36.781772]],[[127.468964,36.781795],[127.468941,36.781863]],[[127.468922,36.781772],[127.468895,36.781853]],[[127.468924,36.781884],[127.468763,36.782009]],[[127.468891,36.78186],[127.468738,36.78199]],[[127.468763,36.782009],[127.468598,36.782132]],[[127.468738,36.78199],[127.468584,36.782121]],[[127.468553,36.782153],[127.468354,36.782139]],[[127.468554,36.78214],[127.468355,36.782128]],[[127.468354,36.782139],[127.468273,36.782128]],[[127.468355,36.782128],[127.46827,36.782123]],[[127.468273,36.782128],[127.468177,36.782193]],[[127.46827,36.782123],[127.468167,36.782182]],[[127.468177,36.782193],[127.468011,36.782316]],[[127.468167,36.782182],[127.467985,36.782287]],[[127.468011,36.782316],[127.467859,36.782415]],[[127.467985,36.782287],[127.467826,36.782379]],[[127.467935,36.781332],[127.467926,36.78141]],[[127.467926,36.78141],[127.467906,36.781589]],[[127.467906,36.781589],[127.467885,36.781768]],[[127.467926,36.78159],[127.467912,36.78177]],[[127.467912,36.78177],[127.467898,36.78195]],[[127.467898,36.78195],[127.467889,36.782064]],[[127.467851,36.782065],[127.467844,36.782127]],[[127.467889,36.782068],[127.467909,36.782132]],[[127.467945,36.781333],[127.467939,36.78141]],[[127.467939,36.78141],[127.467926,36.78159]],[[127.467885,36.781768],[127.467865,36.781948]],[[127.467865,36.781948],[127.467852,36.782061]],[[127.4679,36.782248],[127.468255,36.782098]],[[127.4679,36.782248],[127.467909,36.782132]],[[127.46784,36.782158],[127.467906,36.782163]],[[127.467945,36.781333],[127.467951,36.781307],[127.467959,36.781282],[127.467968,36.781257],[127.467979,36.781232]],[[127.469511,36.781406],[127.469505,36.781467]],[[127.466295,36.778823],[127.466308,36.778881]],[[127.466295,36.778824],[127.466312,36.778881]],[[127.466555,36.778845],[127.466579,36.77896]],[[127.466332,36.778996],[127.466362,36.779175]],[[127.466586,36.778959],[127.466616,36.779137]],[[127.466362,36.779175],[127.466382,36.779356]],[[127.466616,36.779137],[127.466637,36.779318]],[[127.4664,36.779353],[127.466412,36.779534]],[[127.466637,36.779318],[127.466649,36.779499]],[[127.466638,36.779501],[127.466639,36.779664]],[[127.466649,36.779499],[127.466651,36.779662]],[[127.466476,36.7788],[127.466555,36.778845]],[[127.466476,36.778796],[127.466562,36.778844]],[[127.466308,36.778881],[127.466332,36.778996]],[[127.466312,36.778881],[127.46635,36.778994]],[[127.466562,36.778844],[127.466586,36.778959]],[[127.46635,36.778994],[127.466378,36.779173]],[[127.466579,36.77896],[127.466607,36.779139]],[[127.466378,36.779173],[127.4664,36.779353]],[[127.466607,36.779139],[127.466627,36.779319]],[[127.466382,36.779356],[127.466392,36.779537]],[[127.466627,36.779319],[127.466638,36.779501]],[[127.466392,36.779537],[127.466393,36.7797]],[[127.466412,36.779534],[127.466412,36.779698]],[[127.466412,36.779698],[127.466453,36.77973]],[[127.466503,36.779751],[127.46659,36.779754]],[[127.466498,36.779731],[127.466586,36.779735]],[[127.466374,36.778814],[127.466295,36.778824]],[[127.466295,36.778823],[127.466373,36.778812]],[[127.466586,36.779735],[127.466638,36.779701]],[[127.466608,36.77974],[127.466651,36.779708]],[[127.466444,36.779866],[127.466396,36.779901]],[[127.466444,36.779866],[127.466399,36.779901]],[[127.466383,36.77991],[127.466371,36.780031]],[[127.466386,36.779911],[127.466378,36.780032]],[[127.466634,36.779929],[127.466617,36.780049]],[[127.466378,36.780032],[127.466365,36.780212]],[[127.466617,36.780049],[127.466589,36.780228]],[[127.466351,36.780211],[127.46633,36.78039]],[[127.466365,36.780212],[127.466352,36.780392]],[[127.466589,36.780228],[127.46656,36.780407]],[[127.466352,36.780392],[127.466337,36.780571]],[[127.46656,36.780407],[127.466532,36.780586]],[[127.46631,36.780569],[127.466293,36.780711]],[[127.466337,36.780571],[127.466306,36.780712]],[[127.46655,36.78073],[127.466498,36.780764]],[[127.466498,36.780764],[127.46644,36.780804]],[[127.46664,36.77993],[127.466628,36.78005]],[[127.466371,36.780031],[127.466351,36.780211]],[[127.466628,36.78005],[127.466607,36.78023]],[[127.466607,36.78023],[127.466587,36.780409]],[[127.46633,36.78039],[127.46631,36.780569]],[[127.466587,36.780409],[127.466566,36.780589]],[[127.466532,36.780586],[127.466514,36.780727]],[[127.466566,36.780589],[127.46655,36.78073]],[[127.466514,36.780727],[127.466435,36.780786]],[[127.466306,36.780712],[127.466284,36.780792]],[[127.466337,36.780796],[127.46644,36.780804]],[[127.466338,36.780783],[127.466435,36.780786]],[[127.466444,36.779866],[127.466541,36.77987]],[[127.466444,36.779866],[127.466541,36.779869]],[[127.466585,36.779871],[127.466635,36.779919]],[[127.466585,36.779871],[127.466641,36.779919]],[[127.469408,36.775984],[127.469246,36.776442],[127.469115,36.776637],[127.469078,36.776702],[127.469036,36.776764],[127.468987,36.776823],[127.468933,36.776879],[127.468841,36.776968]],[[127.468918,36.77702],[127.468858,36.77698]],[[127.468909,36.776937],[127.468926,36.776956],[127.468935,36.776979],[127.468935,36.777002],[127.468926,36.777025]],[[127.468862,36.776982],[127.468934,36.776975]],[[127.469116,36.776136],[127.469199,36.776125]],[[127.46921,36.776124],[127.469309,36.776111]],[[127.469123,36.776178],[127.469206,36.776171]],[[127.469217,36.77617],[127.469318,36.776161]],[[127.469128,36.776233],[127.469212,36.77623]],[[127.469223,36.776229],[127.469322,36.776225]],[[127.469128,36.776331],[127.469212,36.776335]],[[127.469223,36.776336],[127.469282,36.776338]],[[127.469114,36.776428],[127.469196,36.776439]],[[127.469086,36.776523],[127.469167,36.776542]],[[127.469046,36.776615],[127.469115,36.776638]],[[127.468993,36.776703],[127.469058,36.776732]],[[127.468929,36.776785],[127.46899,36.77682]],[[127.468855,36.77686],[127.468913,36.776899]],[[127.468926,36.777025],[127.46877,36.777155]],[[127.468779,36.776927],[127.468636,36.777065]],[[127.468784,36.77693],[127.46864,36.777068]],[[127.468848,36.776973],[127.468704,36.777111]],[[127.468857,36.776979],[127.468713,36.777117]],[[127.468784,36.77693],[127.468848,36.776973]],[[127.468857,36.776979],[127.468926,36.777025]],[[127.468712,36.776999],[127.468776,36.777042]],[[127.468785,36.777048],[127.468848,36.77709]],[[127.46877,36.777155],[127.468598,36.777275]],[[127.468636,36.777065],[127.468492,36.777203]],[[127.46864,36.777068],[127.468496,36.777206]],[[127.468704,36.777111],[127.468561,36.777249]],[[127.468713,36.777117],[127.468569,36.777255]],[[127.46864,36.777068],[127.468704,36.777111]],[[127.468713,36.777117],[127.46877,36.777155]],[[127.468568,36.777137],[127.468633,36.77718]],[[127.468641,36.777186],[127.468684,36.777215]],[[127.468598,36.777275],[127.468507,36.777337]],[[127.468492,36.777203],[127.468416,36.777276]],[[127.468496,36.777206],[127.468421,36.777279]],[[127.468561,36.777249],[127.468485,36.777322]],[[127.468569,36.777255],[127.468494,36.777328]],[[127.468496,36.777206],[127.468561,36.777249]],[[127.468425,36.777275],[127.468489,36.777319]],[[127.468507,36.777337],[127.468417,36.777387]],[[127.468421,36.777279],[127.468353,36.777344]],[[127.468416,36.777276],[127.468348,36.777342]],[[127.468494,36.777328],[127.468454,36.777367]],[[127.468485,36.777322],[127.468419,36.777386]],[[127.468421,36.777279],[127.468485,36.777322]],[[127.468417,36.777387],[127.468342,36.777441]],[[127.468348,36.777342],[127.468248,36.777438]],[[127.468353,36.777344],[127.468252,36.777441]],[[127.468353,36.777344],[127.468417,36.777387]],[[127.468252,36.777441],[127.468299,36.777473]],[[127.468342,36.777441],[127.468429,36.777506]],[[127.468248,36.777438],[127.468396,36.777538]],[[127.468248,36.777438],[127.468396,36.777538]],[[127.468417,36.777585],[127.468271,36.777722]],[[127.468376,36.777557],[127.468232,36.777695]],[[127.468376,36.777557],[127.468232,36.777695]],[[127.468271,36.777722],[127.468185,36.777802]],[[127.468232,36.777695],[127.468147,36.777777]],[[127.468232,36.777695],[127.468147,36.777777]],[[127.468185,36.777802],[127.468121,36.777803]],[[127.468121,36.777803],[127.468053,36.777753]],[[127.468147,36.777777],[127.468077,36.77773]],[[127.468147,36.777777],[127.468077,36.77773]],[[127.468053,36.777753],[127.467987,36.77769]],[[127.468077,36.77773],[127.467999,36.777678]],[[127.468077,36.77773],[127.467999,36.777678]],[[127.468252,36.777441],[127.468109,36.77758]],[[127.468262,36.777448],[127.46812,36.777587]],[[127.468109,36.77758],[127.467999,36.777678]],[[127.46812,36.777587],[127.46801,36.777685]],[[127.468429,36.777506],[127.468442,36.777519],[127.468448,36.777534],[127.468446,36.77755],[127.468437,36.777565]],[[127.464186,36.77368],[127.464186,36.773505]],[[127.464186,36.77368],[127.464186,36.773505]],[[127.464186,36.773505],[127.464187,36.773324]],[[127.464186,36.773505],[127.464187,36.773324]],[[127.464187,36.773324],[127.464187,36.773144]],[[127.464187,36.773324],[127.464187,36.773144]],[[127.464187,36.773144],[127.464187,36.772964]],[[127.464187,36.773144],[127.464187,36.772964]],[[127.464187,36.772934],[127.464371,36.772907]],[[127.464187,36.772934],[127.464371,36.772907]],[[127.464371,36.772907],[127.464586,36.772875]],[[127.464371,36.772907],[127.464586,36.772875]],[[127.464591,36.772877],[127.464782,36.77297]],[[127.464591,36.772877],[127.464782,36.77297]],[[127.464782,36.77297],[127.464959,36.773056]],[[127.464782,36.77297],[127.464959,36.773056]],[[127.464976,36.773054],[127.465196,36.773021]],[[127.464976,36.773054],[127.465197,36.773021]],[[127.465197,36.773021],[127.465417,36.772988]],[[127.465196,36.773021],[127.465417,36.772988]],[[127.465417,36.772988],[127.465504,36.772975]],[[127.465417,36.772988],[127.465504,36.772975]],[[127.465504,36.772975],[127.465571,36.77307]],[[127.465504,36.772975],[127.465571,36.77307]],[[127.465682,36.773226],[127.465571,36.77307]],[[127.464162,36.773638],[127.464163,36.773505],[127.464126,36.773414],[127.464127,36.772894],[127.464597,36.772824],[127.464971,36.773005],[127.465535,36.772921],[127.465679,36.773124]],[[127.465571,36.77307],[127.465682,36.773226]],[[127.465682,36.773226],[127.465793,36.773383]],[[127.465682,36.773226],[127.465793,36.773383]],[[127.465845,36.773418],[127.465703,36.773217]],[[127.465793,36.773383],[127.46583,36.773435]],[[127.465793,36.773383],[127.46583,36.773435]],[[127.464186,36.77368],[127.464354,36.773655]],[[127.464186,36.773625],[127.464343,36.773612]],[[127.464298,36.773615],[127.464309,36.773662]],[[127.464354,36.773655],[127.464419,36.773646]],[[127.464343,36.773612],[127.464409,36.773602]],[[127.464419,36.773646],[127.464639,36.773613]],[[127.464409,36.773602],[127.464629,36.773569]],[[127.464639,36.773613],[127.464752,36.773596]],[[127.464629,36.773569],[127.464742,36.773552]],[[127.464752,36.773596],[127.464859,36.77358]],[[127.464742,36.773552],[127.464849,36.773536]],[[127.464859,36.77358],[127.46508,36.773547]],[[127.464849,36.773536],[127.465063,36.773505]],[[127.46508,36.773547],[127.4653,36.773514]],[[127.46507,36.773504],[127.46529,36.773471]],[[127.4653,36.773514],[127.46552,36.773481]],[[127.46529,36.773471],[127.46551,36.773438]],[[127.46552,36.773481],[127.465617,36.773467]],[[127.46551,36.773438],[127.465607,36.773424]],[[127.465617,36.773467],[127.46574,36.773449]],[[127.465607,36.773424],[127.465728,36.773397]],[[127.465716,36.773399],[127.465727,36.773451]],[[127.46574,36.773449],[127.46583,36.773435]],[[127.46583,36.773435],[127.4658,36.773392]],[[127.464186,36.77368],[127.464186,36.773632]],[[127.4658,36.773392],[127.465682,36.773226]],[[127.464186,36.773632],[127.464186,36.773449]],[[127.465682,36.773226],[127.465564,36.77306]],[[127.464186,36.773449],[127.464187,36.773266]],[[127.465564,36.77306],[127.465504,36.772975]],[[127.464187,36.773266],[127.464187,36.773171]],[[127.465728,36.773397],[127.465796,36.773387]],[[127.46559,36.772998],[127.465671,36.773024],[127.465727,36.773102],[127.465703,36.773217],[127.465855,36.773341],[127.465957,36.773402]],[[127.465679,36.773124],[127.465703,36.773217]],[[127.46415,36.773414],[127.464186,36.773505]],[[127.464061,36.773324],[127.464061,36.773414],[127.464032,36.773504],[127.46407,36.773602]],[[127.465658,36.773133],[127.465682,36.773226]],[[127.465535,36.772921],[127.465493,36.772928],[127.465387,36.772857],[127.465166,36.772888],[127.464981,36.772945],[127.464863,36.772863],[127.464638,36.772814],[127.464566,36.772789],[127.464355,36.772837],[127.464168,36.772848],[127.464139,36.772854],[127.464115,36.772867],[127.464097,36.772885],[127.464087,36.772908],[127.464086,36.772964],[127.464015,36.773144],[127.464061,36.773324]],[[127.46538,36.772944],[127.465361,36.772861]],[[127.46527,36.772961],[127.46525,36.772876]],[[127.46516,36.772977],[127.465141,36.772896]],[[127.465049,36.772994],[127.465035,36.772929]],[[127.464943,36.772992],[127.464979,36.772945]],[[127.464848,36.772945],[127.464894,36.772884]],[[127.464752,36.772899],[127.464791,36.772847]],[[127.464127,36.773085],[127.464039,36.773085]],[[127.464127,36.773175],[127.464023,36.773175]],[[127.464127,36.773265],[127.464046,36.773265]],[[127.465814,36.773373],[127.465868,36.773349]],[[127.464061,36.773414],[127.464132,36.773429]],[[127.464044,36.773467],[127.464101,36.773478]],[[127.464039,36.773484],[127.464101,36.773497]],[[127.464038,36.773519],[127.464097,36.773504]],[[127.464044,36.773536],[127.464104,36.773521]],[[127.464051,36.773553],[127.464107,36.773539]],[[127.464065,36.773588],[127.464163,36.773563]],[[127.456449,36.779158],[127.456331,36.779093]],[[127.456443,36.779159],[127.456332,36.7791]],[[127.45664,36.780049],[127.45657,36.780132]],[[127.456656,36.780057],[127.456575,36.780152]],[[127.456331,36.779093],[127.456216,36.77911]],[[127.456332,36.7791],[127.456217,36.779115]],[[127.456575,36.780152],[127.456459,36.780169]],[[127.456216,36.77911],[127.455995,36.779143]],[[127.456217,36.779115],[127.455995,36.779143]],[[127.455995,36.779143],[127.455775,36.779175]],[[127.455995,36.779143],[127.455776,36.77918]],[[127.456236,36.780188],[127.456017,36.780227]],[[127.455775,36.779175],[127.455555,36.779208]],[[127.455776,36.77918],[127.455557,36.779219]],[[127.455555,36.779208],[127.455334,36.779241]],[[127.455557,36.779219],[127.455338,36.779257]],[[127.455334,36.779241],[127.455114,36.779274]],[[127.455338,36.779257],[127.455119,36.779295]],[[127.455578,36.780298],[127.455356,36.780325]],[[127.455114,36.779274],[127.454894,36.779307]],[[127.454894,36.779307],[127.454674,36.779339]],[[127.4549,36.779334],[127.454681,36.779372]],[[127.455135,36.780353],[127.454913,36.780381]],[[127.454674,36.779339],[127.454453,36.779372]],[[127.454681,36.779372],[127.454462,36.77941]],[[127.454453,36.779372],[127.454233,36.779405]],[[127.454462,36.77941],[127.454243,36.779448]],[[127.454697,36.780432],[127.454477,36.780464]],[[127.454692,36.780408],[127.45447,36.780436]],[[127.454233,36.779405],[127.454035,36.779434]],[[127.454243,36.779448],[127.454105,36.779473]],[[127.454477,36.780464],[127.454279,36.780494]],[[127.45447,36.780436],[127.454272,36.780461]],[[127.454035,36.779434],[127.453977,36.779503]],[[127.454105,36.779473],[127.454055,36.779531]],[[127.454252,36.780479],[127.454193,36.780446]],[[127.45657,36.780132],[127.456455,36.78015]],[[127.456455,36.78015],[127.456236,36.780188]],[[127.456459,36.780169],[127.456239,36.780202]],[[127.456239,36.780202],[127.456019,36.780235]],[[127.456017,36.780227],[127.455798,36.780265]],[[127.456019,36.780235],[127.455799,36.780268]],[[127.455798,36.780265],[127.455578,36.780298]],[[127.455799,36.780268],[127.45558,36.7803]],[[127.455578,36.7803],[127.455358,36.780333]],[[127.455119,36.779295],[127.4549,36.779334]],[[127.455358,36.780333],[127.455138,36.780366]],[[127.455356,36.780325],[127.455135,36.780353]],[[127.455138,36.780366],[127.454917,36.780399]],[[127.454913,36.780381],[127.454692,36.780408]],[[127.454917,36.780399],[127.454697,36.780432]],[[127.454133,36.779468],[127.454123,36.779421]],[[127.456656,36.780057],[127.456634,36.779964]],[[127.45664,36.780049],[127.456621,36.779966]],[[127.454256,36.780414],[127.45424,36.780321]],[[127.454193,36.780446],[127.454167,36.780332]],[[127.454241,36.780325],[127.454168,36.780336]],[[127.456634,36.779964],[127.456594,36.779787]],[[127.456621,36.779966],[127.456582,36.779789]],[[127.45424,36.780321],[127.454206,36.780142]],[[127.454167,36.780332],[127.454126,36.780154]],[[127.45424,36.780321],[127.454167,36.780332]],[[127.454223,36.780232],[127.454147,36.780243]],[[127.456594,36.779787],[127.456578,36.779718]],[[127.456582,36.779789],[127.456567,36.77972]],[[127.454206,36.780142],[127.454191,36.780074]],[[127.454126,36.780154],[127.45411,36.780086]],[[127.454206,36.780142],[127.454126,36.780154]],[[127.456578,36.779718],[127.456522,36.779614]],[[127.456567,36.77972],[127.456509,36.779616]],[[127.454191,36.780074],[127.454166,36.779965]],[[127.45411,36.780086],[127.454086,36.779977]],[[127.454191,36.780074],[127.45411,36.780086]],[[127.454171,36.779985],[127.45409,36.779997]],[[127.454166,36.779965],[127.454086,36.779977]],[[127.456518,36.779608],[127.456488,36.779475]],[[127.456505,36.77961],[127.456476,36.779477]],[[127.454164,36.779958],[127.454131,36.779826]],[[127.454084,36.77997],[127.454053,36.779838]],[[127.454164,36.779958],[127.454084,36.77997]],[[127.454142,36.77987],[127.454064,36.779882]],[[127.454131,36.779826],[127.454053,36.779838]],[[127.45649,36.779436],[127.456494,36.779355]],[[127.456479,36.779437],[127.456486,36.779356]],[[127.454045,36.7798],[127.454027,36.779722]],[[127.454121,36.779789],[127.454101,36.779711]],[[127.454121,36.779789],[127.454045,36.7798]],[[127.456494,36.779355],[127.456471,36.779255]],[[127.456486,36.779356],[127.456464,36.779256]],[[127.454101,36.779711],[127.454075,36.779612]],[[127.454027,36.779722],[127.454004,36.779623]],[[127.454101,36.779711],[127.454027,36.779722]],[[127.454078,36.779623],[127.454006,36.779634]],[[127.456471,36.779255],[127.456449,36.779158]],[[127.456464,36.779256],[127.456443,36.779159]],[[127.454075,36.779612],[127.454055,36.779531]],[[127.454004,36.779623],[127.453982,36.779525]],[[127.454075,36.779612],[127.454004,36.779623]],[[127.456086,36.772581],[127.456186,36.77252]],[[127.45619,36.772539],[127.456089,36.772595]],[[127.457096,36.772454],[127.457237,36.772428]],[[127.457391,36.772531],[127.457535,36.772613]],[[127.457381,36.772455],[127.457387,36.772447]],[[127.457374,36.7725],[127.457408,36.772452],[127.457295,36.772423]],[[127.457386,36.772457],[127.457374,36.772474]],[[127.457374,36.772474],[127.457349,36.772509]],[[127.4568,36.772429],[127.456781,36.772369]],[[127.456787,36.77243],[127.456773,36.77237]],[[127.456776,36.772432],[127.456762,36.772371]],[[127.456556,36.772465],[127.456573,36.7724]],[[127.456781,36.772369],[127.456649,36.772242]],[[127.456762,36.772371],[127.456679,36.772384]],[[127.456573,36.7724],[127.456596,36.77225]],[[127.45663,36.772391],[127.456573,36.7724]],[[127.454068,36.781606],[127.454079,36.781602],[127.45409,36.781598],[127.454101,36.781594],[127.454111,36.78159],[127.454122,36.781587],[127.454133,36.781583],[127.454144,36.781579],[127.454155,36.781575],[127.454166,36.781572],[127.454177,36.781568],[127.454188,36.781565],[127.454198,36.781561],[127.454209,36.781558],[127.45422,36.781554],[127.454231,36.781551],[127.454242,36.781547],[127.454253,36.781544],[127.454264,36.781541],[127.454275,36.781537],[127.454287,36.781534],[127.454298,36.781531],[127.454309,36.781528],[127.45432,36.781525],[127.454331,36.781522],[127.454342,36.781519],[127.454353,36.781516],[127.454364,36.781513],[127.454376,36.78151],[127.454387,36.781507],[127.454398,36.781504],[127.454409,36.781501],[127.454421,36.781498],[127.454432,36.781495],[127.454443,36.781493],[127.454454,36.78149],[127.454466,36.781487],[127.454477,36.781485],[127.454488,36.781482],[127.4545,36.781479],[127.454511,36.781477],[127.454523,36.781474],[127.454535,36.781472],[127.454546,36.781469],[127.454558,36.781467],[127.454569,36.781465],[127.454579,36.781463],[127.454591,36.78146],[127.454602,36.781458],[127.454613,36.781456],[127.454625,36.781454],[127.454636,36.781452],[127.454647,36.78145],[127.454659,36.781447],[127.45467,36.781445],[127.454681,36.781443],[127.454693,36.781441],[127.454704,36.781439],[127.454715,36.781438],[127.454726,36.781436],[127.454738,36.781434],[127.454749,36.781432],[127.45476,36.78143],[127.454772,36.781428],[127.454783,36.781426],[127.454794,36.781425],[127.454805,36.781423],[127.454816,36.781421],[127.454828,36.781419],[127.454839,36.781418],[127.45485,36.781416],[127.454861,36.781414],[127.454872,36.781412],[127.454883,36.781411],[127.454894,36.781409],[127.454906,36.781407],[127.454917,36.781406],[127.454928,36.781404],[127.454939,36.781402],[127.45495,36.781401],[127.454961,36.781399],[127.454973,36.781397],[127.454984,36.781396],[127.454995,36.781394],[127.455006,36.781392],[127.455017,36.781391],[127.455027,36.781389],[127.455247,36.781356],[127.455468,36.781324],[127.45578,36.781277],[127.455927,36.781214],[127.456821,36.781081]],[[127.454052,36.781633],[127.454078,36.781623],[127.454089,36.781619],[127.454099,36.781615],[127.45411,36.781611],[127.454121,36.781608],[127.454132,36.781604],[127.454142,36.7816],[127.454153,36.781597],[127.454164,36.781593],[127.454175,36.781589],[127.454185,36.781586],[127.454196,36.781582],[127.454207,36.781579],[127.454218,36.781575],[127.454229,36.781572],[127.45424,36.781568],[127.454251,36.781565],[127.454262,36.781562],[127.454273,36.781559],[127.454284,36.781555],[127.454295,36.781552],[127.454306,36.781549],[127.454317,36.781546],[127.454328,36.781543],[127.454339,36.78154],[127.45435,36.781537],[127.454361,36.781533],[127.454372,36.781531],[127.454383,36.781528],[127.454394,36.781525],[127.454405,36.781522],[127.454416,36.781519],[127.454428,36.781516],[127.454439,36.781513],[127.45445,36.781511],[127.454461,36.781508],[127.454472,36.781505],[127.454484,36.781503],[127.454495,36.7815],[127.454506,36.781498],[127.454517,36.781495],[127.45453,36.781493],[127.454541,36.78149],[127.454552,36.781488],[127.454563,36.781485],[127.454575,36.781483],[127.454585,36.781481],[127.454596,36.781479],[127.454608,36.781477],[127.454619,36.781474],[127.45463,36.781472],[127.454641,36.78147],[127.454653,36.781468],[127.454664,36.781466],[127.454675,36.781464],[127.454686,36.781462],[127.454698,36.78146],[127.454709,36.781458],[127.45472,36.781456],[127.454731,36.781454],[127.454743,36.781452],[127.454754,36.78145],[127.454765,36.781449],[127.454776,36.781447],[127.454787,36.781445],[127.454799,36.781443],[127.45481,36.781441],[127.454821,36.78144],[127.454832,36.781438],[127.454843,36.781436],[127.454854,36.781434],[127.454865,36.781433],[127.454877,36.781431],[127.454888,36.781429],[127.454899,36.781428],[127.45491,36.781426],[127.454921,36.781424],[127.454932,36.781423],[127.454943,36.781421],[127.454954,36.781419],[127.454965,36.781418],[127.454977,36.781416],[127.454988,36.781414],[127.454999,36.781413],[127.45501,36.781411],[127.455021,36.781409],[127.455031,36.781408],[127.455252,36.781375],[127.455472,36.781342],[127.455788,36.781295],[127.455935,36.781232],[127.456803,36.781103]],[[127.453722,36.780352],[127.453706,36.780405],[127.453698,36.780493],[127.4537,36.7805],[127.453748,36.780586],[127.453762,36.780769],[127.453794,36.780947],[127.453776,36.781135],[127.453792,36.781317],[127.453831,36.781487]],[[127.453857,36.781121],[127.453794,36.780947]],[[127.453868,36.781119],[127.453794,36.780947]],[[127.453848,36.780905],[127.453789,36.780916]],[[127.453857,36.781121],[127.453802,36.781131]],[[127.453882,36.781209],[127.453827,36.781219]],[[127.453906,36.781297],[127.453852,36.781307]],[[127.453931,36.781385],[127.453876,36.781394]],[[127.453879,36.781444],[127.453824,36.781454]],[[127.453335,36.772903],[127.453209,36.772356],[127.453152,36.772181],[127.453129,36.772084]],[[127.453347,36.772907],[127.45322,36.772354],[127.453163,36.772179],[127.453133,36.772051]],[[127.467339,36.773004],[127.467329,36.77296]],[[127.467952,36.773091],[127.468055,36.773111]],[[127.468087,36.773117],[127.468237,36.773114]],[[127.456803,36.781098],[127.456801,36.781089],[127.45679,36.781091],[127.456792,36.7811],[127.456803,36.781098]],[[127.456806,36.781099],[127.456803,36.781087],[127.456788,36.781089],[127.45679,36.781102],[127.456806,36.781099]],[[127.456801,36.781089],[127.456792,36.7811]],[[127.456803,36.781098],[127.45679,36.781091]],[[127.455039,36.77729],[127.454993,36.777344]],[[127.454521,36.775037],[127.454654,36.775616],[127.454701,36.775745],[127.454773,36.776056],[127.454854,36.776411]],[[127.454464,36.775162],[127.454548,36.775524]],[[127.454456,36.775178],[127.454533,36.775508]],[[127.454521,36.775037],[127.45451,36.774972],[127.454497,36.774908],[127.45448,36.774844],[127.454461,36.77478],[127.45446,36.77478],[127.45446,36.774778],[127.454459,36.774776],[127.454458,36.774775],[127.454457,36.774773],[127.454457,36.774772],[127.454456,36.77477],[127.454455,36.774768],[127.454454,36.774767],[127.454454,36.774765],[127.454453,36.774764],[127.454452,36.774762],[127.454451,36.77476],[127.454451,36.774759],[127.45445,36.774757],[127.454449,36.774756],[127.454448,36.774754],[127.454447,36.774753],[127.454447,36.774751],[127.454446,36.774749],[127.454445,36.774748],[127.454444,36.774746],[127.454443,36.774745],[127.454443,36.774743],[127.454442,36.774741],[127.454441,36.77474],[127.45444,36.774738],[127.454439,36.774737],[127.454439,36.774735],[127.454438,36.774734],[127.454437,36.774732],[127.454436,36.77473],[127.454435,36.774729],[127.454434,36.774727],[127.454434,36.774726],[127.454433,36.774724],[127.454432,36.774723],[127.454431,36.774721],[127.45443,36.77472],[127.454429,36.774718],[127.454428,36.774716],[127.454428,36.774715],[127.454427,36.774713],[127.454426,36.774712],[127.454425,36.77471],[127.454424,36.774709],[127.454423,36.774707],[127.454422,36.774706],[127.454421,36.774704],[127.454421,36.774702],[127.45442,36.774701],[127.454419,36.774699],[127.454418,36.774698],[127.454417,36.774696],[127.454416,36.774695],[127.454415,36.774693],[127.454414,36.774692],[127.454413,36.77469],[127.454412,36.774689],[127.454412,36.774687],[127.454411,36.774686],[127.45441,36.774684],[127.454409,36.774682],[127.454408,36.774681],[127.454407,36.774679],[127.454406,36.774678],[127.454405,36.774676],[127.454404,36.774675],[127.454403,36.774673],[127.454402,36.774672],[127.454401,36.77467],[127.4544,36.774669],[127.454399,36.774667],[127.454398,36.774666],[127.454397,36.774664],[127.454396,36.774663],[127.454395,36.774661],[127.454394,36.77466],[127.454393,36.774658],[127.454392,36.774657],[127.454391,36.774655],[127.45439,36.774654],[127.45439,36.774652],[127.454389,36.774651],[127.454388,36.774649]],[[127.455261,36.772719],[127.455172,36.77267]],[[127.45509,36.772388],[127.455159,36.772611]],[[127.455172,36.77267],[127.455159,36.772611]],[[127.466276,36.776735],[127.466271,36.776597],[127.466254,36.776479]],[[127.466316,36.776734],[127.466315,36.776594],[127.466299,36.776475]],[[127.466338,36.776471],[127.466356,36.776729]],[[127.466397,36.776725],[127.46637,36.776477]],[[127.466406,36.776507],[127.466411,36.776456],[127.466438,36.776411],[127.466483,36.776377],[127.466543,36.776358]],[[127.46637,36.776477],[127.466382,36.776422],[127.466417,36.776375],[127.466469,36.776341],[127.466535,36.776322]],[[127.469482,36.775972],[127.469408,36.775984]],[[127.455039,36.77729],[127.454995,36.777096],[127.454949,36.776823],[127.454854,36.776411]],[[127.467217,36.779989],[127.466793,36.779976]],[[127.458388,36.773724],[127.458608,36.773691]],[[127.458608,36.773691],[127.458828,36.773658]],[[127.458828,36.773658],[127.459049,36.773625]],[[127.459049,36.773625],[127.459269,36.773593]],[[127.459269,36.773593],[127.459489,36.77356]],[[127.459489,36.77356],[127.45971,36.773527]],[[127.45971,36.773527],[127.45993,36.773494]],[[127.459948,36.773491],[127.459985,36.773654]],[[127.459985,36.773654],[127.460025,36.773832]],[[127.460025,36.773832],[127.460055,36.773963]],[[127.460025,36.773831],[127.460055,36.773963]],[[127.460055,36.773962],[127.460109,36.773979]],[[127.460109,36.773979],[127.460206,36.774009]],[[127.460109,36.773979],[127.460206,36.774008]],[[127.460206,36.774009],[127.460234,36.774103]],[[127.460234,36.774103],[127.460265,36.774206]],[[127.460234,36.774103],[127.460265,36.774206]],[[127.460265,36.774206],[127.460283,36.774266]],[[127.460265,36.774206],[127.460283,36.774266]],[[127.453362,36.77171],[127.453403,36.771887]],[[127.453428,36.7717],[127.453471,36.771877]],[[127.454731,36.771506],[127.454762,36.771685]],[[127.454739,36.771505],[127.45478,36.771682]],[[127.453489,36.771966],[127.453424,36.771976]],[[127.454762,36.771685],[127.454792,36.771864]],[[127.45478,36.771682],[127.454821,36.771859]],[[127.453444,36.772064],[127.453508,36.772055]],[[127.453523,36.772144],[127.453464,36.772153]],[[127.454792,36.771864],[127.454822,36.772042]],[[127.454821,36.771859],[127.454861,36.772037]],[[127.453485,36.772242],[127.453525,36.772419]],[[127.453539,36.772234],[127.453569,36.772412]],[[127.454902,36.772214],[127.454942,36.772391]],[[127.453566,36.772596],[127.453607,36.772773]],[[127.454883,36.7724],[127.454907,36.77258]],[[127.454895,36.77249],[127.454957,36.772481]],[[127.453607,36.772773],[127.453648,36.77295]],[[127.453629,36.77277],[127.453659,36.772949]],[[127.454926,36.772668],[127.454988,36.772659]],[[127.453648,36.77295],[127.453689,36.773128]],[[127.454944,36.772757],[127.45499,36.772934]],[[127.455008,36.772748],[127.455049,36.772925]],[[127.454944,36.772757],[127.455008,36.772748]],[[127.454967,36.772846],[127.455028,36.772836]],[[127.455049,36.772925],[127.45509,36.773102]],[[127.45499,36.772934],[127.455049,36.772925]],[[127.455014,36.773022],[127.455069,36.773014]],[[127.453729,36.773305],[127.45377,36.773482]],[[127.455037,36.77311],[127.455087,36.773286]],[[127.45377,36.773482],[127.453811,36.773659]],[[127.455087,36.773286],[127.455147,36.77346]],[[127.455228,36.773631],[127.455269,36.773809]],[[127.455269,36.773809],[127.45531,36.773986]],[[127.45531,36.773986],[127.455351,36.774163]],[[127.455333,36.774166],[127.455379,36.774342]],[[127.455418,36.774455],[127.455428,36.774518]],[[127.455428,36.774518],[127.455458,36.774697]],[[127.454804,36.775025],[127.454744,36.774992]],[[127.455442,36.77496],[127.455502,36.774898]],[[127.453403,36.771887],[127.453465,36.771878]],[[127.454883,36.7724],[127.454942,36.772391]],[[127.453362,36.77171],[127.453428,36.7717]],[[127.453449,36.771789],[127.453383,36.771799]],[[127.453403,36.771887],[127.453444,36.772064]],[[127.453471,36.771877],[127.453508,36.772055]],[[127.453403,36.771887],[127.453471,36.771877]],[[127.453444,36.772064],[127.453485,36.772242]],[[127.453508,36.772055],[127.453539,36.772234]],[[127.454822,36.772042],[127.454852,36.772221]],[[127.454861,36.772037],[127.454902,36.772214]],[[127.453525,36.772419],[127.453566,36.772596]],[[127.453569,36.772412],[127.453599,36.772591]],[[127.454852,36.772221],[127.454883,36.7724]],[[127.453599,36.772591],[127.453629,36.77277]],[[127.454942,36.772391],[127.454972,36.77257]],[[127.454907,36.77258],[127.454944,36.772757]],[[127.454907,36.77258],[127.454972,36.77257]],[[127.453659,36.772949],[127.45369,36.773127]],[[127.453689,36.773128],[127.453729,36.773305]],[[127.45369,36.773127],[127.453738,36.773304]],[[127.45499,36.772934],[127.455037,36.77311]],[[127.45509,36.773102],[127.455125,36.773255]],[[127.455147,36.77346],[127.455194,36.773637]],[[127.455188,36.773454],[127.455228,36.773631]],[[127.455194,36.773637],[127.45524,36.773813]],[[127.45524,36.773813],[127.455286,36.773989]],[[127.455286,36.773989],[127.455333,36.774166]],[[127.455351,36.774163],[127.455391,36.77434]],[[127.455379,36.774342],[127.455421,36.774519]],[[127.455421,36.774519],[127.455455,36.774697]],[[127.455497,36.774874],[127.455455,36.774697]],[[127.453658,36.771337],[127.453797,36.771313]],[[127.453651,36.771305],[127.453791,36.771284]],[[127.45384,36.771306],[127.453918,36.771292]],[[127.453833,36.771278],[127.453912,36.771266]],[[127.454789,36.775066],[127.454885,36.775052]],[[127.454804,36.775025],[127.454877,36.775017]],[[127.453918,36.771292],[127.454016,36.771275]],[[127.453912,36.771266],[127.454011,36.771251]],[[127.454885,36.775052],[127.455106,36.775019]],[[127.454877,36.775017],[127.4551,36.774994]],[[127.454016,36.771275],[127.454235,36.771236]],[[127.454011,36.771251],[127.45429,36.77121]],[[127.455106,36.775019],[127.455164,36.77501]],[[127.4551,36.774994],[127.455159,36.774987]],[[127.454235,36.771236],[127.454293,36.771226]],[[127.455164,36.77501],[127.455326,36.774986]],[[127.455159,36.774987],[127.455322,36.77497]],[[127.455326,36.774986],[127.455442,36.774969]],[[127.455322,36.77497],[127.455442,36.77496]],[[127.455245,36.7729],[127.45527,36.773015]],[[127.455252,36.773018],[127.455287,36.773196]],[[127.455334,36.773372],[127.455374,36.773549]],[[127.458141,36.773321],[127.458179,36.773498]],[[127.45544,36.773906],[127.45548,36.774083]],[[127.455454,36.773904],[127.455495,36.774081]],[[127.458179,36.773498],[127.458219,36.773676]],[[127.45548,36.774083],[127.455521,36.774261]],[[127.458234,36.773673],[127.458275,36.773851]],[[127.455521,36.774261],[127.455561,36.774432]],[[127.455535,36.774259],[127.455573,36.774431]],[[127.458264,36.773852],[127.458309,36.774023]],[[127.455575,36.774436],[127.455619,36.77456]],[[127.455607,36.774562],[127.455619,36.774613]],[[127.455619,36.774613],[127.45566,36.77479]],[[127.45563,36.774611],[127.455669,36.774789]],[[127.458355,36.774205],[127.45839,36.774383]],[[127.458356,36.774205],[127.458397,36.774382]],[[127.458397,36.774382],[127.458416,36.774466]],[[127.455687,36.774872],[127.455765,36.77492]],[[127.458409,36.774467],[127.458356,36.774533]],[[127.458416,36.774466],[127.458357,36.774535]],[[127.455226,36.772905],[127.455252,36.773018]],[[127.45527,36.773015],[127.455304,36.773193]],[[127.455287,36.773196],[127.455317,36.773375]],[[127.455304,36.773193],[127.455334,36.773372]],[[127.455317,36.773375],[127.455358,36.773552]],[[127.455358,36.773552],[127.455399,36.773729]],[[127.455374,36.773549],[127.455414,36.773727]],[[127.458097,36.773144],[127.458141,36.773321]],[[127.455399,36.773729],[127.45544,36.773906]],[[127.455414,36.773727],[127.455454,36.773904]],[[127.458193,36.773496],[127.458152,36.773319]],[[127.458193,36.773496],[127.458234,36.773673]],[[127.455495,36.774081],[127.455535,36.774259]],[[127.458219,36.773676],[127.458264,36.773852]],[[127.458275,36.773851],[127.458314,36.774022]],[[127.455563,36.774438],[127.455607,36.774562]],[[127.458345,36.774154],[127.458316,36.774028]],[[127.458311,36.774029],[127.458344,36.774154]],[[127.455619,36.77456],[127.45563,36.774611]],[[127.458344,36.774154],[127.458355,36.774205]],[[127.458345,36.774154],[127.458356,36.774205]],[[127.45566,36.77479],[127.455679,36.774873]],[[127.455669,36.774789],[127.455687,36.774872]],[[127.45839,36.774383],[127.458409,36.774467]],[[127.455765,36.774921],[127.455679,36.774873]],[[127.455245,36.772901],[127.455288,36.772848]],[[127.455765,36.774921],[127.455882,36.774903]],[[127.455765,36.77492],[127.455882,36.774901]],[[127.455288,36.772848],[127.455405,36.772828]],[[127.455287,36.772834],[127.455623,36.772784]],[[127.455882,36.774903],[127.455978,36.774889]],[[127.455882,36.774901],[127.455978,36.774887]],[[127.455405,36.772828],[127.4555,36.772813]],[[127.455978,36.774889],[127.456104,36.774875]],[[127.455978,36.774887],[127.456103,36.774874]],[[127.4555,36.772813],[127.455624,36.772792]],[[127.456104,36.774875],[127.456317,36.774852]],[[127.456103,36.774874],[127.456317,36.774851]],[[127.455623,36.772784],[127.455834,36.772752]],[[127.455624,36.772792],[127.455835,36.772757]],[[127.456326,36.774851],[127.456546,36.774818]],[[127.456326,36.77485],[127.456546,36.774817]],[[127.455843,36.772751],[127.456063,36.772718]],[[127.455844,36.772756],[127.456063,36.77272]],[[127.456546,36.774818],[127.456767,36.774785]],[[127.456546,36.774817],[127.456766,36.774784]],[[127.456063,36.77272],[127.456284,36.772687]],[[127.456063,36.772718],[127.456283,36.772686]],[[127.456767,36.774785],[127.456987,36.774753]],[[127.456766,36.774784],[127.456987,36.774751]],[[127.456284,36.772687],[127.456505,36.772656]],[[127.456283,36.772686],[127.456504,36.772653]],[[127.456987,36.774753],[127.457207,36.77472]],[[127.456987,36.774751],[127.457207,36.774718]],[[127.456505,36.772656],[127.456725,36.772624]],[[127.456504,36.772653],[127.456724,36.77262]],[[127.457207,36.77472],[127.457427,36.774687]],[[127.457207,36.774718],[127.457427,36.774685]],[[127.456725,36.772624],[127.456945,36.772591]],[[127.456724,36.77262],[127.456944,36.772587]],[[127.457427,36.774687],[127.457504,36.774676]],[[127.457427,36.774685],[127.457504,36.774674]],[[127.456945,36.772591],[127.457022,36.77258]],[[127.456944,36.772587],[127.457021,36.772576]],[[127.457504,36.774676],[127.457648,36.774654]],[[127.457504,36.774674],[127.457647,36.774653]],[[127.457648,36.774654],[127.457773,36.774636]],[[127.457647,36.774653],[127.457772,36.774634]],[[127.457773,36.774636],[127.457868,36.774621]],[[127.457772,36.774634],[127.457868,36.77462]],[[127.457868,36.774621],[127.458005,36.774601]],[[127.457868,36.77462],[127.458005,36.774599]],[[127.458005,36.774601],[127.458087,36.774585]],[[127.458005,36.774599],[127.458087,36.774583]],[[127.458087,36.774585],[127.458282,36.774546]],[[127.458087,36.774583],[127.458282,36.774544]],[[127.454817,36.775209],[127.454758,36.775278]],[[127.454818,36.775219],[127.454762,36.775277]],[[127.455563,36.775158],[127.455477,36.77511]],[[127.454758,36.775278],[127.454785,36.775392]],[[127.454762,36.775277],[127.45479,36.775391]],[[127.454798,36.775449],[127.454844,36.775722],[127.45485,36.775749]],[[127.45563,36.77547],[127.455677,36.7756]],[[127.455681,36.775599],[127.455634,36.775469]],[[127.45485,36.775749],[127.454891,36.775926]],[[127.454882,36.775744],[127.454935,36.77592]],[[127.455683,36.775625],[127.455725,36.775802]],[[127.454935,36.77592],[127.454989,36.776095]],[[127.455728,36.775802],[127.455769,36.775979]],[[127.455725,36.775802],[127.455767,36.775979]],[[127.454931,36.776103],[127.454972,36.776281]],[[127.454989,36.776095],[127.455041,36.77627]],[[127.454931,36.776103],[127.454989,36.776095]],[[127.455065,36.776358],[127.454993,36.776369]],[[127.455809,36.776156],[127.455849,36.776333]],[[127.455809,36.776156],[127.45585,36.776333]],[[127.455013,36.776458],[127.455054,36.776635]],[[127.455013,36.776458],[127.455088,36.776447]],[[127.45585,36.776333],[127.455891,36.77651]],[[127.455054,36.776635],[127.45508,36.776748]],[[127.45513,36.776624],[127.455154,36.776737]],[[127.45508,36.776748],[127.455092,36.7768]],[[127.455092,36.7768],[127.455165,36.776789]],[[127.455096,36.776812],[127.455138,36.776929]],[[127.455096,36.776812],[127.455169,36.776801]],[[127.455197,36.776889],[127.455127,36.776899]],[[127.455138,36.776929],[127.455152,36.776987]],[[127.455138,36.776929],[127.455206,36.776919]],[[127.455959,36.776807],[127.455972,36.776865]],[[127.455217,36.776977],[127.45525,36.777156]],[[127.455234,36.777066],[127.455172,36.777076]],[[127.455969,36.776865],[127.456006,36.777043]],[[127.455972,36.776865],[127.456011,36.777042]],[[127.45525,36.777156],[127.455283,36.777334]],[[127.456006,36.777043],[127.456045,36.777221]],[[127.456011,36.777042],[127.456051,36.77722]],[[127.455309,36.777463],[127.455317,36.777512]],[[127.455303,36.777698],[127.455312,36.777753]],[[127.455339,36.777692],[127.455346,36.777748]],[[127.455478,36.778038],[127.455611,36.778202]],[[127.456153,36.777938],[127.456191,36.778115]],[[127.456168,36.777935],[127.456208,36.778113]],[[127.456208,36.778113],[127.456249,36.77829]],[[127.456231,36.778293],[127.45627,36.77847]],[[127.456249,36.77829],[127.45629,36.778467]],[[127.455787,36.778542],[127.45583,36.778719]],[[127.45627,36.77847],[127.456309,36.778647]],[[127.45629,36.778467],[127.456331,36.778644]],[[127.455827,36.778719],[127.455868,36.778896]],[[127.45583,36.778719],[127.455876,36.778895]],[[127.456309,36.778647],[127.456349,36.778825]],[[127.456331,36.778644],[127.456371,36.778821]],[[127.455881,36.778953],[127.455967,36.779]],[[127.454972,36.776281],[127.455041,36.77627]],[[127.455054,36.776635],[127.45513,36.776624]],[[127.455138,36.776929],[127.455206,36.776919]],[[127.455152,36.776987],[127.455217,36.776977]],[[127.455192,36.777164],[127.45525,36.777156]],[[127.455563,36.775158],[127.455589,36.775272]],[[127.455557,36.775159],[127.455583,36.775273]],[[127.454785,36.775392],[127.454798,36.775449]],[[127.45479,36.775391],[127.454836,36.775568]],[[127.455634,36.775469],[127.455589,36.775272]],[[127.455583,36.775273],[127.455625,36.77545]],[[127.454836,36.775568],[127.454882,36.775744]],[[127.455728,36.775802],[127.455681,36.775599]],[[127.454891,36.775926],[127.454931,36.776103]],[[127.455015,36.776183],[127.454952,36.776192]],[[127.455769,36.775979],[127.455815,36.776155]],[[127.455767,36.775979],[127.455809,36.776156]],[[127.454972,36.776281],[127.455013,36.776458]],[[127.455041,36.77627],[127.455088,36.776447]],[[127.455088,36.776447],[127.45513,36.776624]],[[127.455109,36.776535],[127.455033,36.776546]],[[127.455849,36.776333],[127.455889,36.776511]],[[127.455054,36.776635],[127.45513,36.776624]],[[127.455149,36.776713],[127.455074,36.776724]],[[127.455154,36.776737],[127.455165,36.776789]],[[127.45508,36.776748],[127.455154,36.776737]],[[127.455169,36.776801],[127.455206,36.776919]],[[127.455206,36.776919],[127.455217,36.776977]],[[127.455955,36.776808],[127.455969,36.776865]],[[127.455152,36.776987],[127.455192,36.777164]],[[127.455152,36.776987],[127.455217,36.776977]],[[127.455192,36.777164],[127.455233,36.777341]],[[127.455192,36.777164],[127.45525,36.777156]],[[127.455233,36.777341],[127.455263,36.77747]],[[127.455283,36.777334],[127.455309,36.777463]],[[127.455263,36.77747],[127.455273,36.777519]],[[127.455273,36.777519],[127.455303,36.777698]],[[127.455317,36.777512],[127.455339,36.777692]],[[127.455303,36.777698],[127.455312,36.777753]],[[127.456191,36.778115],[127.456231,36.778293]],[[127.45486,36.775212],[127.45498,36.775192]],[[127.454858,36.775203],[127.454978,36.775185]],[[127.455964,36.778988],[127.455887,36.77895]],[[127.455009,36.775187],[127.455087,36.775175]],[[127.455007,36.77518],[127.455085,36.775169]],[[127.455967,36.779],[127.45608,36.778983]],[[127.455964,36.778988],[127.456076,36.778967]],[[127.455087,36.775175],[127.455199,36.775156]],[[127.455085,36.775169],[127.455198,36.775152]],[[127.45608,36.778983],[127.456296,36.778951]],[[127.456076,36.778967],[127.456282,36.778926]],[[127.455199,36.775156],[127.455406,36.775121]],[[127.455198,36.775152],[127.455477,36.77511]],[[127.456294,36.778923],[127.456356,36.778859]],[[127.455477,36.775113],[127.455557,36.775159]],[[127.458393,36.773723],[127.458434,36.7739]],[[127.458434,36.7739],[127.458475,36.774077]],[[127.458559,36.774444],[127.458645,36.774492]],[[127.458645,36.774488],[127.458569,36.774443]],[[127.458394,36.773723],[127.458437,36.7739]],[[127.458437,36.7739],[127.458481,36.774076]],[[127.458475,36.774077],[127.458502,36.774194]],[[127.458481,36.774076],[127.45851,36.774193]],[[127.458502,36.774194],[127.458516,36.774255]],[[127.45851,36.774193],[127.458525,36.774253]],[[127.458517,36.77426],[127.458557,36.774432]],[[127.458526,36.774259],[127.458567,36.77443]],[[127.458388,36.773724],[127.458466,36.773712]],[[127.458388,36.773724],[127.458466,36.773712]],[[127.458687,36.774486],[127.458875,36.774458]],[[127.458686,36.774481],[127.458874,36.774453]],[[127.458508,36.773706],[127.458696,36.773678]],[[127.458508,36.773706],[127.458696,36.773678]],[[127.458908,36.774454],[127.45913,36.77443]],[[127.458907,36.77445],[127.459129,36.774426]],[[127.458728,36.773673],[127.458949,36.77364]],[[127.458728,36.773673],[127.458949,36.77364]],[[127.45913,36.77443],[127.459214,36.774421]],[[127.459129,36.774426],[127.459214,36.774418]],[[127.458949,36.77364],[127.459032,36.773628]],[[127.458949,36.77364],[127.459032,36.773628]],[[127.459214,36.774421],[127.459351,36.7744]],[[127.459214,36.774418],[127.459351,36.774397]],[[127.459032,36.773628],[127.459169,36.773607]],[[127.459032,36.773628],[127.459169,36.773607]],[[127.459351,36.7744],[127.459572,36.774368]],[[127.459351,36.774397],[127.459571,36.774364]],[[127.459169,36.773607],[127.459389,36.773575]],[[127.459169,36.773607],[127.459389,36.773575]],[[127.459572,36.774368],[127.459792,36.774335]],[[127.459571,36.774364],[127.459791,36.774331]],[[127.459389,36.773575],[127.459609,36.773542]],[[127.459389,36.773575],[127.459609,36.773542]],[[127.459792,36.774335],[127.460012,36.774302]],[[127.459791,36.774331],[127.460011,36.774297]],[[127.459609,36.773542],[127.45983,36.773509]],[[127.459609,36.773542],[127.45983,36.773509]],[[127.460012,36.774302],[127.46013,36.774284]],[[127.460011,36.774297],[127.460129,36.774276]],[[127.45983,36.773509],[127.459948,36.773491]],[[127.45983,36.773509],[127.459948,36.773491]],[[127.46013,36.774284],[127.460232,36.774269]],[[127.460129,36.774276],[127.46023,36.774258]],[[127.455801,36.775075],[127.455926,36.775055]],[[127.455798,36.775063],[127.455924,36.775044]],[[127.455924,36.775044],[127.456144,36.775011]],[[127.456186,36.775012],[127.456347,36.774972]],[[127.456362,36.774969],[127.456582,36.774933]],[[127.456582,36.774933],[127.456701,36.774916]],[[127.456581,36.774932],[127.456701,36.774914]],[[127.457257,36.777329],[127.457353,36.777295]],[[127.457394,36.777281],[127.457559,36.777256]],[[127.456845,36.774898],[127.457011,36.774876]],[[127.457572,36.777257],[127.457708,36.777262]],[[127.457567,36.777235],[127.457703,36.777239]],[[127.457024,36.774875],[127.457155,36.774858]],[[127.457022,36.774867],[127.457153,36.774847]],[[127.457798,36.777248],[127.458018,36.777215]],[[127.457793,36.777227],[127.458014,36.777196]],[[127.458018,36.777215],[127.458238,36.777183]],[[127.457466,36.774818],[127.457688,36.774789]],[[127.457683,36.774768],[127.457903,36.774735]],[[127.457909,36.774761],[127.457987,36.774751]],[[127.457987,36.774751],[127.458132,36.774738]],[[127.457981,36.774724],[127.458125,36.774708]],[[127.458679,36.777117],[127.458899,36.777084]],[[127.458676,36.777106],[127.458897,36.777075]],[[127.458362,36.774681],[127.458567,36.77465]],[[127.458576,36.774689],[127.458797,36.774661]],[[127.458787,36.774617],[127.459007,36.774584]],[[127.459019,36.774632],[127.459093,36.774623]],[[127.459007,36.774584],[127.459082,36.774573]],[[127.459019,36.774632],[127.459007,36.774584]],[[127.459634,36.776974],[127.45978,36.776952]],[[127.459093,36.774623],[127.459237,36.774592]],[[127.459255,36.774589],[127.459458,36.774562]],[[127.459255,36.774589],[127.459243,36.774536]],[[127.459365,36.774574],[127.459353,36.774519]],[[127.459445,36.774506],[127.459665,36.774473]],[[127.459458,36.774562],[127.459679,36.774534]],[[127.459458,36.774562],[127.459445,36.774506]],[[127.459569,36.774548],[127.459555,36.774489]],[[127.460219,36.77688],[127.460439,36.776845]],[[127.45979,36.774519],[127.459775,36.774456]],[[127.460441,36.776854],[127.460662,36.776822]],[[127.460106,36.774407],[127.460326,36.774374]],[[127.460121,36.774473],[127.460106,36.774407]],[[127.460231,36.774455],[127.460216,36.774391]],[[127.460882,36.776789],[127.461102,36.776756]],[[127.460878,36.776773],[127.461098,36.776738]],[[127.461098,36.776738],[127.461318,36.776702]],[[127.460559,36.774398],[127.460777,36.774354]],[[127.461322,36.776723],[127.461543,36.77669]],[[127.461318,36.776702],[127.461537,36.776666]],[[127.460777,36.774354],[127.460995,36.77431]],[[127.460777,36.774354],[127.460767,36.774309]],[[127.461543,36.77669],[127.461763,36.776658]],[[127.460987,36.774276],[127.461207,36.774243]],[[127.460995,36.77431],[127.461212,36.774265]],[[127.461763,36.776658],[127.461983,36.776625]],[[127.461757,36.776631],[127.461977,36.776595]],[[127.461212,36.774265],[127.46143,36.774221]],[[127.461207,36.774243],[127.461428,36.77421]],[[127.461983,36.776625],[127.462204,36.776592]],[[127.461977,36.776595],[127.462196,36.776559]],[[127.46143,36.774221],[127.461648,36.774179]],[[127.462204,36.776592],[127.462424,36.776559]],[[127.461648,36.774179],[127.461871,36.774156]],[[127.461648,36.774178],[127.461868,36.774145]],[[127.461871,36.774156],[127.462093,36.774133]],[[127.461868,36.774145],[127.462088,36.774112]],[[127.462088,36.774112],[127.462309,36.774079]],[[127.462315,36.774104],[127.462438,36.774087]],[[127.462309,36.774079],[127.462437,36.77406]],[[127.459093,36.774623],[127.459082,36.774573]],[[127.459237,36.774592],[127.459225,36.77454]],[[127.459255,36.774589],[127.459243,36.774536]],[[127.459679,36.774534],[127.459665,36.774473]],[[127.459901,36.774505],[127.459886,36.77444]],[[127.460341,36.774438],[127.460326,36.774374]],[[127.455926,36.775055],[127.456146,36.775019]],[[127.456737,36.777406],[127.456901,36.777382]],[[127.45673,36.777373],[127.456894,36.77735]],[[127.456185,36.775005],[127.456346,36.774967]],[[127.456917,36.777379],[127.457137,36.777347]],[[127.456909,36.777348],[127.45713,36.777318]],[[127.456361,36.774965],[127.456581,36.774932]],[[127.457137,36.777347],[127.457257,36.777329]],[[127.45713,36.777318],[127.45725,36.777301]],[[127.45725,36.777301],[127.457347,36.77727]],[[127.456802,36.774899],[127.456701,36.774914]],[[127.456701,36.774916],[127.456803,36.774903]],[[127.457388,36.777257],[127.457554,36.777234]],[[127.456844,36.774893],[127.457009,36.774868]],[[127.457708,36.777262],[127.457798,36.777248]],[[127.457703,36.777239],[127.457793,36.777227]],[[127.457155,36.774858],[127.457245,36.774846]],[[127.457153,36.774847],[127.457242,36.774834]],[[127.457242,36.774834],[127.457463,36.774801]],[[127.457245,36.774846],[127.457466,36.774818]],[[127.458014,36.777196],[127.458235,36.777166]],[[127.457463,36.774801],[127.457683,36.774768]],[[127.458238,36.777183],[127.458459,36.77715]],[[127.458235,36.777166],[127.458456,36.777136]],[[127.457688,36.774789],[127.457909,36.774761]],[[127.458459,36.77715],[127.458537,36.777138]],[[127.458456,36.777136],[127.458534,36.777125]],[[127.457903,36.774735],[127.457981,36.774724]],[[127.458537,36.777138],[127.458679,36.777117]],[[127.458534,36.777125],[127.458676,36.777106]],[[127.458132,36.774738],[127.458355,36.774718]],[[127.458125,36.774708],[127.458347,36.774683]],[[127.458915,36.777082],[127.45912,36.777051]],[[127.458913,36.777073],[127.459118,36.777045]],[[127.45837,36.774716],[127.458576,36.774689]],[[127.45912,36.777051],[127.45934,36.777019]],[[127.459118,36.777045],[127.459339,36.777015]],[[127.458567,36.77465],[127.458787,36.774617]],[[127.45934,36.777019],[127.45956,36.776986]],[[127.459339,36.777015],[127.45956,36.776984]],[[127.458797,36.774661],[127.459019,36.774632]],[[127.458908,36.774647],[127.458897,36.774601]],[[127.45956,36.776986],[127.459634,36.776975]],[[127.45956,36.776984],[127.459634,36.776974]],[[127.459634,36.776975],[127.45978,36.776953]],[[127.459082,36.774573],[127.459225,36.77454]],[[127.459093,36.774623],[127.459082,36.774573]],[[127.459202,36.7746],[127.45919,36.774548]],[[127.459798,36.77695],[127.460001,36.77692]],[[127.459798,36.776949],[127.46,36.776916]],[[127.459243,36.774536],[127.459445,36.774506]],[[127.460001,36.77692],[127.460221,36.776887]],[[127.46,36.776916],[127.460219,36.77688]],[[127.460221,36.776887],[127.460441,36.776854]],[[127.459664,36.774468],[127.459885,36.774436]],[[127.459679,36.774534],[127.459901,36.774505]],[[127.459665,36.774473],[127.459886,36.77444]],[[127.459679,36.774534],[127.459665,36.774473]],[[127.460439,36.776845],[127.460659,36.776809]],[[127.459885,36.774436],[127.460105,36.774403]],[[127.459901,36.774505],[127.460121,36.774473]],[[127.459886,36.77444],[127.460106,36.774407]],[[127.459901,36.774505],[127.459886,36.77444]],[[127.460011,36.774489],[127.459996,36.774424]],[[127.460662,36.776822],[127.460882,36.776789]],[[127.460659,36.776809],[127.460878,36.776773]],[[127.460121,36.774473],[127.460341,36.774438]],[[127.460326,36.774374],[127.460546,36.774342]],[[127.460341,36.774438],[127.460559,36.774398]],[[127.46045,36.774418],[127.460436,36.774358]],[[127.461102,36.776756],[127.461322,36.776723]],[[127.460546,36.774342],[127.460767,36.774309]],[[127.460559,36.774398],[127.460546,36.774342]],[[127.460668,36.774376],[127.460657,36.774325]],[[127.460767,36.774309],[127.460987,36.774276]],[[127.461537,36.776666],[127.461757,36.776631]],[[127.461428,36.77421],[127.461648,36.774178]],[[127.462196,36.776559],[127.462416,36.776524]],[[127.462424,36.776559],[127.462644,36.776526]],[[127.462416,36.776524],[127.462635,36.776488]],[[127.462093,36.774133],[127.462315,36.774104]],[[127.462969,36.77622],[127.462961,36.7761]],[[127.462892,36.776232],[127.462887,36.776112]],[[127.462969,36.77622],[127.462892,36.776232]],[[127.462888,36.776141],[127.462963,36.77613]],[[127.456216,36.777105],[127.456242,36.777222]],[[127.462961,36.7761],[127.462887,36.776112]],[[127.462957,36.776066],[127.462884,36.776077]],[[127.462955,36.776042],[127.462941,36.775915]],[[127.462882,36.776053],[127.462872,36.775925]],[[127.462955,36.776042],[127.462882,36.776053]],[[127.462875,36.775963],[127.462945,36.775952]],[[127.456244,36.777042],[127.456192,36.77692]],[[127.456199,36.777049],[127.456152,36.776926]],[[127.462941,36.775915],[127.462929,36.775863]],[[127.462872,36.775925],[127.462861,36.775873]],[[127.462941,36.775915],[127.462872,36.775925]],[[127.456192,36.77692],[127.456171,36.77687]],[[127.456152,36.776926],[127.456132,36.776875]],[[127.462929,36.775863],[127.462915,36.7758]],[[127.462861,36.775873],[127.462847,36.77581]],[[127.462929,36.775863],[127.462861,36.775873]],[[127.456171,36.77687],[127.456146,36.776808]],[[127.456132,36.776875],[127.456109,36.776814]],[[127.462915,36.7758],[127.462888,36.775686]],[[127.462847,36.77581],[127.462823,36.775695]],[[127.462915,36.7758],[127.462847,36.77581]],[[127.462829,36.775721],[127.462894,36.775711]],[[127.456146,36.776808],[127.456116,36.776695]],[[127.456109,36.776814],[127.456082,36.776699]],[[127.462888,36.775686],[127.462848,36.775509]],[[127.462823,36.775695],[127.462786,36.775518]],[[127.462888,36.775686],[127.462823,36.775695]],[[127.462805,36.775607],[127.462868,36.775597]],[[127.456116,36.776695],[127.456069,36.776518]],[[127.456082,36.776699],[127.456042,36.776522]],[[127.462848,36.775509],[127.462807,36.775331]],[[127.462786,36.775518],[127.462748,36.77534]],[[127.462848,36.775509],[127.462786,36.775518]],[[127.462767,36.775429],[127.462827,36.77542]],[[127.456042,36.776522],[127.456001,36.776345]],[[127.456069,36.776518],[127.456023,36.776342]],[[127.462807,36.775331],[127.462766,36.775154]],[[127.462748,36.77534],[127.462711,36.775162]],[[127.462807,36.775331],[127.462748,36.77534]],[[127.46273,36.775251],[127.462786,36.775243]],[[127.456023,36.776342],[127.455977,36.776165]],[[127.456001,36.776345],[127.45596,36.776168]],[[127.462766,36.775154],[127.462725,36.774977]],[[127.462711,36.775162],[127.462674,36.774985]],[[127.455977,36.776165],[127.45593,36.775989]],[[127.45596,36.776168],[127.455919,36.775991]],[[127.462725,36.774977],[127.462684,36.7748]],[[127.462674,36.774985],[127.462636,36.774807]],[[127.455919,36.775991],[127.455879,36.775813]],[[127.45593,36.775989],[127.455884,36.775813]],[[127.462684,36.7748],[127.462644,36.774623]],[[127.462636,36.774807],[127.462599,36.774629]],[[127.455879,36.775813],[127.455838,36.775636]],[[127.455884,36.775813],[127.455838,36.775636]],[[127.462644,36.774623],[127.46263,36.774562]],[[127.462599,36.774629],[127.462586,36.774569]],[[127.455838,36.775636],[127.455826,36.775576]],[[127.455838,36.775636],[127.455824,36.775576]],[[127.46263,36.774562],[127.462603,36.774445]],[[127.462586,36.774569],[127.462562,36.774451]],[[127.455826,36.775576],[127.45581,36.775457]],[[127.455824,36.775576],[127.455804,36.775458]],[[127.462603,36.774445],[127.462568,36.774292]],[[127.462562,36.774451],[127.462529,36.774298]],[[127.45581,36.775457],[127.455788,36.775302]],[[127.455804,36.775458],[127.455778,36.775303]],[[127.462562,36.774268],[127.462528,36.77412]],[[127.462524,36.774274],[127.462491,36.774126]],[[127.455784,36.775278],[127.455754,36.775129]],[[127.455773,36.775279],[127.455739,36.775132]],[[127.462438,36.774087],[127.462488,36.774113]],[[127.455754,36.775129],[127.455801,36.775075]],[[127.455739,36.775132],[127.455798,36.775063]],[[127.462764,36.774064],[127.462882,36.774048]],[[127.46287,36.773996],[127.46309,36.773963]],[[127.46309,36.773963],[127.46331,36.77393]],[[127.463103,36.774019],[127.463324,36.77399]],[[127.463103,36.774019],[127.46309,36.773963]],[[127.463865,36.77634],[127.464083,36.776299]],[[127.463324,36.77399],[127.463545,36.77396]],[[127.463434,36.773975],[127.46342,36.773913]],[[127.464307,36.776279],[127.464527,36.776246]],[[127.463766,36.773929],[127.463751,36.773864]],[[127.463876,36.773914],[127.463861,36.773848]],[[127.464527,36.776246],[127.464747,36.776213]],[[127.463986,36.773898],[127.464206,36.773865]],[[127.463986,36.773898],[127.463971,36.773831]],[[127.464096,36.773881],[127.464081,36.773815]],[[127.464739,36.776176],[127.464957,36.776135]],[[127.464206,36.773865],[127.464427,36.773831]],[[127.464967,36.77618],[127.465188,36.776147]],[[127.464957,36.776135],[127.465175,36.776094]],[[127.465066,36.776114],[127.465077,36.776164]],[[127.464427,36.773831],[127.464647,36.773798]],[[127.464427,36.773831],[127.464411,36.773766]],[[127.464537,36.773814],[127.464522,36.773749]],[[127.465285,36.776073],[127.465298,36.776131]],[[127.464632,36.773733],[127.464852,36.7737]],[[127.464647,36.773798],[127.464632,36.773733]],[[127.464757,36.773781],[127.464742,36.773717]],[[127.465408,36.776115],[127.46562,36.776083]],[[127.464852,36.7737],[127.465072,36.773667]],[[127.464867,36.773764],[127.464852,36.7737]],[[127.465072,36.773667],[127.465293,36.773634]],[[127.465293,36.773634],[127.465513,36.773602]],[[127.465417,36.77368],[127.465403,36.773618]],[[127.465513,36.773602],[127.465733,36.773569]],[[127.465527,36.773664],[127.465513,36.773602]],[[127.465747,36.77363],[127.465967,36.773596]],[[127.466499,36.775905],[127.466721,36.775879]],[[127.465953,36.773536],[127.466174,36.773503]],[[127.466721,36.775879],[127.466943,36.775853]],[[127.46695,36.775885],[127.46717,36.775852]],[[127.466943,36.775853],[127.467164,36.775827]],[[127.466408,36.773529],[127.466394,36.77347]],[[127.467164,36.775827],[127.467386,36.775801]],[[127.466614,36.773438],[127.466834,36.773405]],[[127.466628,36.773496],[127.466614,36.773438]],[[127.466738,36.773479],[127.466724,36.773421]],[[127.46739,36.775819],[127.467611,36.775786]],[[127.467386,36.775801],[127.467608,36.775775]],[[127.466834,36.773405],[127.467055,36.773372]],[[127.466958,36.773446],[127.466945,36.773388]],[[127.467611,36.775786],[127.467831,36.775753]],[[127.467288,36.773395],[127.467508,36.773362]],[[127.467275,36.773339],[127.467495,36.773306]],[[127.467288,36.773395],[127.467275,36.773339]],[[127.468051,36.775719],[127.46827,36.77568]],[[127.467508,36.773362],[127.467728,36.773328]],[[127.46846,36.77566],[127.468272,36.775688]],[[127.46827,36.77568],[127.468458,36.775651]],[[127.467716,36.773273],[127.467909,36.773245]],[[127.467728,36.773328],[127.467921,36.773297]],[[127.467728,36.773328],[127.467716,36.773273]],[[127.463545,36.77396],[127.46353,36.773897]],[[127.463766,36.773929],[127.463751,36.773864]],[[127.464967,36.77618],[127.464957,36.776135]],[[127.464647,36.773798],[127.464632,36.773733]],[[127.465408,36.776115],[127.465394,36.776053]],[[127.465628,36.776081],[127.465613,36.776016]],[[127.465087,36.773731],[127.465072,36.773667]],[[127.465525,36.773654],[127.465513,36.773602]],[[127.466509,36.77595],[127.466499,36.775905]],[[127.466187,36.773563],[127.466174,36.773503]],[[127.466848,36.773462],[127.466834,36.773405]],[[127.467288,36.773395],[127.467275,36.773339]],[[127.467727,36.773323],[127.467716,36.773273]],[[127.462882,36.774048],[127.463103,36.774019]],[[127.462882,36.774048],[127.46287,36.773996]],[[127.462992,36.774034],[127.46298,36.773979]],[[127.463646,36.776377],[127.463866,36.776344]],[[127.463645,36.776374],[127.463865,36.77634]],[[127.463213,36.774004],[127.4632,36.773946]],[[127.463866,36.776344],[127.464086,36.776311]],[[127.46331,36.77393],[127.46353,36.773897]],[[127.463324,36.77399],[127.46331,36.77393]],[[127.464086,36.776311],[127.464307,36.776279]],[[127.464083,36.776299],[127.464302,36.776258]],[[127.463545,36.77396],[127.463766,36.773929]],[[127.46353,36.773897],[127.463751,36.773864]],[[127.463655,36.773945],[127.463641,36.773881]],[[127.464302,36.776258],[127.46452,36.776217]],[[127.463751,36.773864],[127.463971,36.773831]],[[127.463766,36.773929],[127.463986,36.773898]],[[127.46452,36.776217],[127.464739,36.776176]],[[127.463971,36.773831],[127.464191,36.773799]],[[127.464747,36.776213],[127.464967,36.77618]],[[127.464191,36.773799],[127.464411,36.773766]],[[127.464206,36.773865],[127.464191,36.773799]],[[127.464317,36.773848],[127.464301,36.773782]],[[127.464411,36.773766],[127.464632,36.773733]],[[127.465188,36.776147],[127.465408,36.776115]],[[127.465175,36.776094],[127.465394,36.776053]],[[127.465188,36.776147],[127.465175,36.776094]],[[127.464647,36.773798],[127.464867,36.773764]],[[127.465394,36.776053],[127.465613,36.776016]],[[127.465503,36.776034],[127.465518,36.776098]],[[127.464867,36.773764],[127.465087,36.773731]],[[127.464977,36.773747],[127.464962,36.773684]],[[127.465087,36.773731],[127.465307,36.773697]],[[127.465197,36.773714],[127.465182,36.773651]],[[127.465307,36.773697],[127.465527,36.773664]],[[127.465307,36.773697],[127.465293,36.773634]],[[127.465527,36.773664],[127.465747,36.77363]],[[127.465637,36.773647],[127.465623,36.773585]],[[127.465733,36.773569],[127.465953,36.773536]],[[127.465747,36.77363],[127.465733,36.773569]],[[127.465857,36.773613],[127.465843,36.773552]],[[127.466509,36.77595],[127.46673,36.775918]],[[127.465967,36.773596],[127.466187,36.773563]],[[127.465967,36.773596],[127.465953,36.773536]],[[127.466077,36.77358],[127.466064,36.77352]],[[127.46673,36.775918],[127.46695,36.775885]],[[127.466187,36.773563],[127.466408,36.773529]],[[127.466174,36.773503],[127.466394,36.77347]],[[127.466187,36.773563],[127.466174,36.773503]],[[127.466297,36.773546],[127.466284,36.773487]],[[127.466408,36.773529],[127.466628,36.773496]],[[127.466394,36.77347],[127.466614,36.773438]],[[127.466518,36.773513],[127.466504,36.773454]],[[127.46717,36.775852],[127.46739,36.775819]],[[127.466628,36.773496],[127.466848,36.773462]],[[127.466848,36.773462],[127.467068,36.773429]],[[127.467608,36.775775],[127.46783,36.775749]],[[127.467055,36.773372],[127.467275,36.773339]],[[127.467068,36.773429],[127.467288,36.773395]],[[127.467068,36.773429],[127.467055,36.773372]],[[127.467178,36.773412],[127.467165,36.773356]],[[127.467831,36.775753],[127.468051,36.775721]],[[127.46783,36.775749],[127.468051,36.775719]],[[127.467398,36.773378],[127.467385,36.773323]],[[127.468051,36.775721],[127.468272,36.775688]],[[127.467495,36.773306],[127.467716,36.773273]],[[127.467508,36.773362],[127.467495,36.773306]],[[127.467618,36.773345],[127.467605,36.77329]],[[127.467838,36.77331],[127.467826,36.773257]],[[127.468755,36.775357],[127.468735,36.77527]],[[127.468744,36.775359],[127.468723,36.775272]],[[127.463232,36.776235],[127.463175,36.776083]],[[127.468727,36.775236],[127.468711,36.77509]],[[127.468714,36.775238],[127.468695,36.775093]],[[127.463175,36.776083],[127.463111,36.775889]],[[127.468707,36.775055],[127.468675,36.774913]],[[127.46869,36.775058],[127.468654,36.774916]],[[127.463111,36.775889],[127.463081,36.775746]],[[127.463084,36.775894],[127.463051,36.775751]],[[127.468675,36.774913],[127.468634,36.774735]],[[127.468654,36.774916],[127.46861,36.774739]],[[127.463046,36.775751],[127.463005,36.775574]],[[127.463081,36.775746],[127.463044,36.775568]],[[127.463051,36.775751],[127.463011,36.775573]],[[127.468634,36.774735],[127.468593,36.774558]],[[127.46861,36.774739],[127.468566,36.774562]],[[127.463005,36.775574],[127.462964,36.775397]],[[127.463044,36.775568],[127.463006,36.775391]],[[127.463011,36.775573],[127.46297,36.775396]],[[127.468593,36.774558],[127.468552,36.774381]],[[127.468566,36.774562],[127.468522,36.774385]],[[127.462964,36.775397],[127.462924,36.77522]],[[127.463006,36.775391],[127.462969,36.775213]],[[127.46297,36.775396],[127.462929,36.775219]],[[127.468552,36.774381],[127.468511,36.774204]],[[127.468522,36.774385],[127.468478,36.774209]],[[127.462924,36.77522],[127.462883,36.775043]],[[127.462969,36.775213],[127.462932,36.775035]],[[127.462929,36.775219],[127.462888,36.775042]],[[127.468511,36.774204],[127.468471,36.774027]],[[127.468478,36.774209],[127.468434,36.774032]],[[127.462883,36.775043],[127.462842,36.774865]],[[127.462932,36.775035],[127.462894,36.774858]],[[127.462888,36.775042],[127.462847,36.774864]],[[127.468471,36.774027],[127.46843,36.773849]],[[127.468434,36.774032],[127.46839,36.773855]],[[127.462842,36.774865],[127.462801,36.774688]],[[127.462894,36.774858],[127.462857,36.77468]],[[127.462847,36.774864],[127.462807,36.774687]],[[127.46843,36.773849],[127.468389,36.773672]],[[127.46839,36.773855],[127.468346,36.773679]],[[127.462801,36.774688],[127.46276,36.774511]],[[127.462857,36.77468],[127.46282,36.774502]],[[127.462807,36.774687],[127.462766,36.77451]],[[127.468389,36.773672],[127.468348,36.773495]],[[127.468346,36.773679],[127.468302,36.773502]],[[127.46276,36.774511],[127.46272,36.774334]],[[127.46282,36.774502],[127.462782,36.774324]],[[127.462766,36.77451],[127.462725,36.774333]],[[127.462801,36.774413],[127.462745,36.774421]],[[127.462782,36.774324],[127.462725,36.774333]],[[127.462718,36.774325],[127.462684,36.774156]],[[127.46278,36.774316],[127.462744,36.774147]],[[127.46278,36.774316],[127.462723,36.774324]],[[127.462761,36.774227],[127.4627,36.774236]],[[127.462684,36.774156],[127.462669,36.774088]],[[127.462744,36.774147],[127.462733,36.774099]],[[127.462744,36.774147],[127.462684,36.774156]],[[127.463435,36.776855],[127.463442,36.776999]],[[127.463354,36.776867],[127.463435,36.776855]],[[127.46598,36.776476],[127.466025,36.776614]],[[127.463368,36.777046],[127.463394,36.777159]],[[127.463442,36.776999],[127.463466,36.777148]],[[127.463457,36.777088],[127.46338,36.777099]],[[127.466025,36.776614],[127.466075,36.776759]],[[127.463394,36.777159],[127.463466,36.777148]],[[127.463422,36.77721],[127.463454,36.777269]],[[127.463493,36.7772],[127.463522,36.777259]],[[127.466075,36.776815],[127.466091,36.776876]],[[127.466094,36.776812],[127.466108,36.776873]],[[127.463522,36.777259],[127.463541,36.77735]],[[127.466108,36.776873],[127.466129,36.776965]],[[127.463475,36.77736],[127.463541,36.77735]],[[127.466124,36.777009],[127.466152,36.777123]],[[127.466138,36.777006],[127.466165,36.777122]],[[127.463482,36.777542],[127.463543,36.777533]],[[127.466165,36.777122],[127.466211,36.777319]],[[127.463523,36.77772],[127.463564,36.777897]],[[127.463578,36.777711],[127.463614,36.777889]],[[127.466201,36.777321],[127.466245,36.777497]],[[127.463564,36.777897],[127.463605,36.778074]],[[127.466245,36.777497],[127.466289,36.777674]],[[127.466251,36.777496],[127.466292,36.777674]],[[127.463649,36.778067],[127.463684,36.778245]],[[127.466289,36.777674],[127.466332,36.777851]],[[127.463646,36.778251],[127.463686,36.778428]],[[127.466332,36.777851],[127.46637,36.778029]],[[127.46372,36.778423],[127.463755,36.778601]],[[127.46637,36.778029],[127.466408,36.778206]],[[127.466374,36.778028],[127.466415,36.778205]],[[127.463755,36.778601],[127.46379,36.778779]],[[127.466408,36.778206],[127.466446,36.778384]],[[127.463768,36.778783],[127.463809,36.77896]],[[127.466496,36.77856],[127.466509,36.778609]],[[127.463907,36.77906],[127.463821,36.779013]],[[127.463836,36.77901],[127.463908,36.779055]],[[127.463365,36.77701],[127.463442,36.776999]],[[127.463409,36.777187],[127.463481,36.777176]],[[127.463422,36.77721],[127.463493,36.7772]],[[127.463454,36.777269],[127.463522,36.777259]],[[127.463478,36.777522],[127.463539,36.777513]],[[127.465952,36.77648],[127.466002,36.776617]],[[127.463365,36.77701],[127.463442,36.776999]],[[127.466002,36.776617],[127.466055,36.776762]],[[127.463454,36.777269],[127.463475,36.77736]],[[127.46354,36.777348],[127.463474,36.777357]],[[127.466091,36.776876],[127.466113,36.776967]],[[127.463484,36.777402],[127.463478,36.777522]],[[127.463549,36.777392],[127.463539,36.777513]],[[127.463484,36.777402],[127.463549,36.777392]],[[127.463541,36.777485],[127.463479,36.777494]],[[127.463482,36.777542],[127.463523,36.77772]],[[127.463543,36.777533],[127.463578,36.777711]],[[127.463561,36.777622],[127.463503,36.777631]],[[127.466201,36.777321],[127.466152,36.777123]],[[127.466211,36.777319],[127.466251,36.777496]],[[127.463614,36.777889],[127.463649,36.778067]],[[127.463605,36.778074],[127.463646,36.778251]],[[127.466292,36.777674],[127.466333,36.777851]],[[127.463684,36.778245],[127.46372,36.778423]],[[127.466333,36.777851],[127.466374,36.778028]],[[127.463686,36.778428],[127.463727,36.778606]],[[127.463727,36.778606],[127.463768,36.778783]],[[127.466455,36.778382],[127.466415,36.778205]],[[127.46379,36.778779],[127.463826,36.778957]],[[127.466496,36.77856],[127.466455,36.778382]],[[127.466446,36.778384],[127.466489,36.778561]],[[127.463809,36.77896],[127.463821,36.779013]],[[127.463826,36.778957],[127.463836,36.77901]],[[127.466489,36.778561],[127.466502,36.778613]],[[127.463952,36.779053],[127.464056,36.779038]],[[127.463951,36.779048],[127.464055,36.779033]],[[127.464127,36.779027],[127.464276,36.779005]],[[127.464126,36.779023],[127.464275,36.779001]],[[127.463572,36.776617],[127.463721,36.776595]],[[127.463585,36.776671],[127.463733,36.776643]],[[127.463585,36.776671],[127.463572,36.776617]],[[127.463694,36.776651],[127.463682,36.776601]],[[127.464276,36.779005],[127.464497,36.778972]],[[127.464275,36.779001],[127.464496,36.778969]],[[127.463733,36.776643],[127.463951,36.776602]],[[127.463721,36.776595],[127.463942,36.776562]],[[127.463733,36.776643],[127.463721,36.776595]],[[127.464497,36.778972],[127.464717,36.778939]],[[127.464496,36.778969],[127.464717,36.778938]],[[127.463951,36.776602],[127.464169,36.776561]],[[127.463942,36.776562],[127.464162,36.776529]],[[127.464717,36.778939],[127.464937,36.778906]],[[127.464717,36.778938],[127.464937,36.778906]],[[127.464162,36.776529],[127.464382,36.776496]],[[127.464169,36.776561],[127.464388,36.77652]],[[127.464937,36.778906],[127.465157,36.778874]],[[127.464937,36.778906],[127.465157,36.778873]],[[127.464382,36.776496],[127.464603,36.776464]],[[127.464388,36.77652],[127.464606,36.776479]],[[127.465157,36.778874],[127.465378,36.778841]],[[127.465157,36.778873],[127.465377,36.778839]],[[127.464823,36.776431],[127.464603,36.776464]],[[127.464606,36.776479],[127.464824,36.776438]],[[127.465378,36.778841],[127.465598,36.778808]],[[127.465377,36.778839],[127.465598,36.778806]],[[127.464824,36.776438],[127.465043,36.776399]],[[127.464823,36.776431],[127.465043,36.776398]],[[127.465043,36.776399],[127.465266,36.776374]],[[127.465043,36.776398],[127.465263,36.776365]],[[127.465818,36.778775],[127.466039,36.778742]],[[127.465818,36.778772],[127.466038,36.778738]],[[127.465266,36.776374],[127.465487,36.776349]],[[127.465263,36.776365],[127.465484,36.776332]],[[127.466039,36.778742],[127.466226,36.778714]],[[127.466038,36.778738],[127.466225,36.778709]],[[127.465487,36.776349],[127.465676,36.776324]],[[127.465484,36.776332],[127.465671,36.776304]],[[127.46626,36.778709],[127.466393,36.778689]],[[127.466258,36.778704],[127.466392,36.778684]],[[127.466392,36.778684],[127.466448,36.778676]],[[127.466502,36.778613],[127.466448,36.778676]],[[127.457239,36.781029],[127.457349,36.781015]],[[127.457351,36.781024],[127.457571,36.780991]],[[127.457349,36.781015],[127.45757,36.780987]],[[127.456579,36.777667],[127.456798,36.777631]],[[127.456591,36.777657],[127.456797,36.777626]],[[127.456798,36.777631],[127.457018,36.777596]],[[127.456797,36.777626],[127.457017,36.777594]],[[127.457792,36.780958],[127.458011,36.78092]],[[127.457018,36.777596],[127.457238,36.777561]],[[127.457238,36.777561],[127.457308,36.777551]],[[127.457238,36.777561],[127.457308,36.77755]],[[127.458082,36.780915],[127.458225,36.780894]],[[127.457308,36.77755],[127.457457,36.777556]],[[127.457308,36.777551],[127.457458,36.777558]],[[127.457458,36.777558],[127.457623,36.777536]],[[127.458388,36.780857],[127.45845,36.780847]],[[127.457623,36.777536],[127.457683,36.777515]],[[127.457622,36.777531],[127.457759,36.777483]],[[127.457761,36.777489],[127.4579,36.77747]],[[127.4579,36.77747],[127.458075,36.777446]],[[127.458903,36.780835],[127.459123,36.780802]],[[127.458121,36.77744],[127.458342,36.77741]],[[127.458342,36.77741],[127.458563,36.777379]],[[127.458563,36.777379],[127.458784,36.777349]],[[127.458559,36.777364],[127.45878,36.777331]],[[127.458784,36.777349],[127.459005,36.777319]],[[127.45878,36.777331],[127.459,36.777298]],[[127.459779,36.780684],[127.459999,36.78065]],[[127.459005,36.777319],[127.459226,36.777289]],[[127.460004,36.780672],[127.460226,36.780643]],[[127.45922,36.777265],[127.45944,36.777233]],[[127.460226,36.780643],[127.460448,36.780618]],[[127.45944,36.777233],[127.459661,36.7772]],[[127.460448,36.780618],[127.46067,36.780596]],[[127.46067,36.780596],[127.460894,36.780578]],[[127.459888,36.777198],[127.460109,36.777168]],[[127.459881,36.777167],[127.460101,36.777134]],[[127.460894,36.780578],[127.461119,36.780564]],[[127.460109,36.777168],[127.46033,36.777138]],[[127.460101,36.777134],[127.460322,36.777101]],[[127.461113,36.780538],[127.461338,36.780527]],[[127.460542,36.777069],[127.460762,36.777036]],[[127.460551,36.777108],[127.460772,36.777078]],[[127.460772,36.777078],[127.460993,36.777048]],[[127.461796,36.780539],[127.462023,36.780534]],[[127.461791,36.780513],[127.462017,36.780509]],[[127.460982,36.777003],[127.461203,36.77697]],[[127.460993,36.777048],[127.460982,36.777003]],[[127.462023,36.780534],[127.462252,36.780538]],[[127.461203,36.77697],[127.461423,36.776937]],[[127.461214,36.777017],[127.461435,36.776987]],[[127.461324,36.777002],[127.461313,36.776954]],[[127.462252,36.780538],[127.462481,36.780545]],[[127.462246,36.780514],[127.462476,36.780522]],[[127.461435,36.776987],[127.461655,36.776957]],[[127.461545,36.776972],[127.461533,36.776921]],[[127.462481,36.780545],[127.462711,36.780554]],[[127.461643,36.776905],[127.461864,36.776872]],[[127.461876,36.776927],[127.461949,36.776917]],[[127.462787,36.780556],[127.462936,36.78056]],[[127.462782,36.780535],[127.462931,36.78054]],[[127.461949,36.776917],[127.462099,36.776924]],[[127.463011,36.780562],[127.463106,36.780555]],[[127.463007,36.780543],[127.463101,36.780536]],[[127.463106,36.780555],[127.463166,36.78055]],[[127.463101,36.780536],[127.463162,36.780532]],[[127.46318,36.780549],[127.463254,36.780555]],[[127.463175,36.780531],[127.46325,36.780537]],[[127.463254,36.780555],[127.463397,36.780565]],[[127.46325,36.780537],[127.463394,36.780549]],[[127.462388,36.776794],[127.462524,36.776773]],[[127.462402,36.776855],[127.462539,36.776836]],[[127.462402,36.776855],[127.462388,36.776794]],[[127.462512,36.77684],[127.462498,36.776777]],[[127.462539,36.776836],[127.46276,36.776805]],[[127.463831,36.780598],[127.463937,36.780517]],[[127.461655,36.776957],[127.461643,36.776905]],[[127.461876,36.776927],[127.461864,36.776872]],[[127.462539,36.776836],[127.462524,36.776773]],[[127.46276,36.776805],[127.462745,36.77674]],[[127.463225,36.777201],[127.463214,36.777154]],[[127.457238,36.781041],[127.457351,36.781024]],[[127.457571,36.780991],[127.457792,36.780959]],[[127.45757,36.780987],[127.457792,36.780958]],[[127.457792,36.780959],[127.458012,36.780926]],[[127.457017,36.777594],[127.457238,36.777561]],[[127.458012,36.780926],[127.458082,36.780915]],[[127.458011,36.78092],[127.45808,36.780908]],[[127.45808,36.780908],[127.458223,36.780884]],[[127.458232,36.780893],[127.458391,36.780869]],[[127.45823,36.780883],[127.458388,36.780857]],[[127.458391,36.780869],[127.458453,36.78086]],[[127.458468,36.780858],[127.458535,36.780855]],[[127.458465,36.780845],[127.458532,36.780842]],[[127.457698,36.77751],[127.457761,36.777489]],[[127.458535,36.780855],[127.458678,36.780849]],[[127.458532,36.780842],[127.458675,36.780836]],[[127.457898,36.777462],[127.457759,36.777483]],[[127.458678,36.780849],[127.458857,36.780842]],[[127.458675,36.780836],[127.458854,36.780827]],[[127.458073,36.777436],[127.457898,36.777462]],[[127.458899,36.780822],[127.459119,36.780787]],[[127.458119,36.777429],[127.458339,36.777397]],[[127.459123,36.780802],[127.459343,36.780769]],[[127.459119,36.780787],[127.459339,36.780753]],[[127.458559,36.777364],[127.458339,36.777397]],[[127.459343,36.780769],[127.459563,36.780737]],[[127.459339,36.780753],[127.459559,36.780718]],[[127.459563,36.780737],[127.459784,36.780704]],[[127.459559,36.780718],[127.459779,36.780684]],[[127.459784,36.780704],[127.460004,36.780672]],[[127.459,36.777298],[127.45922,36.777265]],[[127.459999,36.78065],[127.46022,36.78062]],[[127.459226,36.777289],[127.459446,36.777259]],[[127.46022,36.78062],[127.460442,36.780594]],[[127.459446,36.777259],[127.459667,36.777229]],[[127.460442,36.780594],[127.460665,36.780572]],[[127.459667,36.777229],[127.459888,36.777198]],[[127.459661,36.7772],[127.459881,36.777167]],[[127.460665,36.780572],[127.460888,36.780553]],[[127.460888,36.780553],[127.461113,36.780538]],[[127.461119,36.780564],[127.461344,36.780553]],[[127.46033,36.777138],[127.460551,36.777108]],[[127.460322,36.777101],[127.460542,36.777069]],[[127.461344,36.780553],[127.46157,36.780545]],[[127.461338,36.780527],[127.461564,36.78052]],[[127.46157,36.780545],[127.461796,36.780539]],[[127.461564,36.78052],[127.461791,36.780513]],[[127.460762,36.777036],[127.460982,36.777003]],[[127.460993,36.777048],[127.461214,36.777017]],[[127.461103,36.777033],[127.461093,36.776987]],[[127.462017,36.780509],[127.462246,36.780514]],[[127.461214,36.777017],[127.461203,36.77697]],[[127.461423,36.776937],[127.461643,36.776905]],[[127.461435,36.776987],[127.461423,36.776937]],[[127.462476,36.780522],[127.462707,36.780533]],[[127.461655,36.776957],[127.461876,36.776927]],[[127.461643,36.776905],[127.461936,36.776861]],[[127.461655,36.776957],[127.461643,36.776905]],[[127.461766,36.776942],[127.461753,36.776888]],[[127.462711,36.780554],[127.462787,36.780556]],[[127.462707,36.780533],[127.462782,36.780535]],[[127.462941,36.78056],[127.463011,36.780562]],[[127.462936,36.78054],[127.463007,36.780543]],[[127.462099,36.776924],[127.462265,36.776902]],[[127.463397,36.780565],[127.463629,36.780583]],[[127.463394,36.780549],[127.463626,36.780569]],[[127.462524,36.776773],[127.462745,36.77674]],[[127.462649,36.776821],[127.462635,36.776757]],[[127.463629,36.780583],[127.463831,36.780598]],[[127.463626,36.780569],[127.463829,36.780586]],[[127.463911,36.780516],[127.463829,36.780586]],[[127.463937,36.780517],[127.463931,36.780442]],[[127.463911,36.780516],[127.463906,36.780445]],[[127.46393,36.780429],[127.463925,36.780373]],[[127.463905,36.780433],[127.463901,36.780376]],[[127.463924,36.780367],[127.463909,36.780249]],[[127.463901,36.780371],[127.46389,36.780252]],[[127.463901,36.780193],[127.463884,36.7801]],[[127.463883,36.780196],[127.463869,36.780103]],[[127.457239,36.781029],[127.45714,36.780972]],[[127.463857,36.779972],[127.463826,36.779838]],[[127.463846,36.779974],[127.463818,36.779839]],[[127.457117,36.780974],[127.457087,36.780842]],[[127.45714,36.780972],[127.457104,36.780839]],[[127.463826,36.779838],[127.463785,36.779661]],[[127.463818,36.779839],[127.463782,36.779661]],[[127.457087,36.780842],[127.457046,36.780664]],[[127.457104,36.780839],[127.457061,36.780662]],[[127.463785,36.779661],[127.463744,36.779483]],[[127.463782,36.779661],[127.463743,36.779484]],[[127.457046,36.780664],[127.457005,36.780487]],[[127.457061,36.780662],[127.457019,36.780485]],[[127.463744,36.779483],[127.463706,36.779319]],[[127.463743,36.779484],[127.463701,36.77932]],[[127.457019,36.780485],[127.456979,36.780321]],[[127.457005,36.780487],[127.456967,36.780323]],[[127.463703,36.779306],[127.463663,36.779129]],[[127.463698,36.779307],[127.463653,36.77913]],[[127.456976,36.780308],[127.456933,36.780131]],[[127.456965,36.78031],[127.456924,36.780133]],[[127.463663,36.779129],[127.463631,36.778991]],[[127.463653,36.77913],[127.463618,36.778993]],[[127.456924,36.780133],[127.456892,36.779995]],[[127.456933,36.780131],[127.4569,36.779994]],[[127.463622,36.778952],[127.463581,36.778775]],[[127.463608,36.778954],[127.463564,36.778777]],[[127.456883,36.779955],[127.456842,36.779778]],[[127.45689,36.779954],[127.456847,36.779778]],[[127.463581,36.778775],[127.463559,36.778678]],[[127.463564,36.778777],[127.463539,36.778681]],[[127.456847,36.779778],[127.456824,36.779682]],[[127.456842,36.779778],[127.45682,36.779686]],[[127.463559,36.778678],[127.46354,36.778597]],[[127.463539,36.778681],[127.463519,36.778601]],[[127.45682,36.779686],[127.456825,36.779598]],[[127.456824,36.779682],[127.456829,36.779597]],[[127.463532,36.778563],[127.463502,36.77843]],[[127.46351,36.778567],[127.463476,36.778434]],[[127.456827,36.779562],[127.456796,36.779429]],[[127.45683,36.779561],[127.456798,36.779429]],[[127.463499,36.77842],[127.463475,36.778315]],[[127.463474,36.778424],[127.463447,36.778319]],[[127.456791,36.779419],[127.456737,36.779319]],[[127.456793,36.779419],[127.456737,36.779319]],[[127.463475,36.778315],[127.463459,36.778243]],[[127.463447,36.778319],[127.463429,36.778247]],[[127.456737,36.779319],[127.456721,36.779247]],[[127.456737,36.779319],[127.45672,36.779247]],[[127.463459,36.778243],[127.463418,36.778066]],[[127.463429,36.778247],[127.463384,36.778071]],[[127.456721,36.779247],[127.456682,36.779069]],[[127.45672,36.779247],[127.456679,36.779069]],[[127.463418,36.778066],[127.463377,36.777889]],[[127.463384,36.778071],[127.463339,36.777894]],[[127.456682,36.779069],[127.456643,36.778892]],[[127.456679,36.779069],[127.456638,36.778892]],[[127.463377,36.777889],[127.463336,36.777711]],[[127.463339,36.777894],[127.463294,36.777718]],[[127.456643,36.778892],[127.456604,36.778714]],[[127.456638,36.778892],[127.456598,36.778715]],[[127.463336,36.777711],[127.463295,36.777534]],[[127.463294,36.777718],[127.46325,36.777541]],[[127.456604,36.778714],[127.456565,36.778537]],[[127.456598,36.778715],[127.456557,36.778538]],[[127.463295,36.777534],[127.463255,36.777357]],[[127.46325,36.777541],[127.463205,36.777364]],[[127.456565,36.778537],[127.456526,36.778359]],[[127.456557,36.778538],[127.456516,36.778361]],[[127.463255,36.777357],[127.463214,36.77718]],[[127.463205,36.777364],[127.46316,36.777188]],[[127.456526,36.778359],[127.456487,36.778182]],[[127.456516,36.778361],[127.456475,36.778183]],[[127.463207,36.777151],[127.463158,36.777005]],[[127.463155,36.777158],[127.463101,36.777013]],[[127.45648,36.778153],[127.456448,36.778004]],[[127.456469,36.778154],[127.456434,36.778006]],[[127.463123,36.776903],[127.463158,36.777005]],[[127.463101,36.777013],[127.463067,36.776911]],[[127.463158,36.777005],[127.463101,36.777013]],[[127.463072,36.776926],[127.463128,36.776918]],[[127.456448,36.778004],[127.456425,36.777901]],[[127.456434,36.778006],[127.456411,36.777903]],[[127.455287,36.772834],[127.455226,36.772905]],[[127.457022,36.77258],[127.457096,36.772576],[127.457169,36.772582],[127.45724,36.772599],[127.457306,36.772627]],[[127.457973,36.773007],[127.457306,36.772626]],[[127.457306,36.772627],[127.457972,36.773007]],[[127.457972,36.773007],[127.458015,36.773034],[127.458051,36.773066],[127.458079,36.773103],[127.458097,36.773144]],[[127.455464,36.774728],[127.455503,36.774898]],[[127.455503,36.774898],[127.455442,36.774969]],[[127.454789,36.775066],[127.454699,36.775017]],[[127.45335,36.771657],[127.453344,36.771596],[127.453353,36.771537],[127.453375,36.771481],[127.45341,36.771431],[127.453456,36.771386],[127.453513,36.77135],[127.453578,36.771322],[127.453651,36.771305]],[[127.453415,36.771647],[127.453413,36.771596],[127.453422,36.771547],[127.45344,36.771501],[127.453468,36.771458],[127.453505,36.771419],[127.453549,36.771385],[127.453601,36.771358],[127.453658,36.771337]],[[127.45429,36.77121],[127.454363,36.771205],[127.454436,36.771211],[127.454506,36.771229],[127.45457,36.771258],[127.454627,36.771296],[127.454673,36.771342],[127.454706,36.771395],[127.454727,36.771452]],[[127.454293,36.771226],[127.454366,36.771223],[127.454435,36.77123],[127.454502,36.771247],[127.454562,36.771273],[127.454616,36.771308],[127.454662,36.77135],[127.454698,36.771398],[127.454722,36.771453]],[[127.454991,36.772676],[127.454988,36.77266],[127.454984,36.772643],[127.454981,36.772626],[127.454978,36.77261]],[[127.454991,36.772676],[127.455008,36.772748]],[[127.455125,36.773255],[127.455171,36.773384]],[[127.455391,36.77434],[127.455418,36.774455]],[[127.455171,36.773384],[127.455188,36.773454]],[[127.456043,36.777794],[127.456074,36.777814],[127.456101,36.777836],[127.456126,36.77786],[127.456147,36.777886]],[[127.456147,36.777886],[127.456153,36.777896],[127.456158,36.777906],[127.456163,36.777916],[127.456166,36.777927]],[[127.456379,36.778854],[127.456296,36.778951]],[[127.455805,36.778621],[127.455827,36.778719]],[[127.455611,36.778202],[127.455668,36.778282],[127.455717,36.778366],[127.455757,36.778453],[127.455787,36.778542]],[[127.455896,36.776534],[127.455861,36.776575]],[[127.455859,36.776573],[127.455893,36.776533]],[[127.455861,36.776575],[127.455745,36.776592]],[[127.455859,36.776573],[127.455745,36.776592]],[[127.45577,36.776702],[127.455886,36.776685]],[[127.455885,36.776688],[127.45577,36.776702]],[[127.455886,36.776685],[127.455938,36.776714]],[[127.455885,36.776688],[127.455935,36.776715]],[[127.455938,36.776714],[127.455972,36.776865]],[[127.455955,36.776808],[127.455935,36.776715]],[[127.456052,36.777222],[127.456057,36.777283],[127.456047,36.777343],[127.456022,36.7774],[127.455981,36.777452]],[[127.456043,36.777794],[127.455998,36.777762],[127.455962,36.777724],[127.455936,36.777681],[127.455922,36.777634],[127.455919,36.777585],[127.455928,36.777538],[127.455949,36.777493],[127.455981,36.777452]],[[127.456011,36.777831],[127.455959,36.777791],[127.45592,36.777745],[127.455892,36.777694],[127.455877,36.777641],[127.455875,36.777586],[127.455885,36.777532],[127.455909,36.777479],[127.455946,36.77743]],[[127.456537,36.777436],[127.456516,36.777438],[127.456494,36.777438],[127.456472,36.777435],[127.456451,36.77743]],[[127.456537,36.777436],[127.456696,36.777412]],[[127.462644,36.776526],[127.462754,36.77651]],[[127.462798,36.776497],[127.462788,36.776501],[127.462777,36.776505],[127.462766,36.776508],[127.462754,36.77651]],[[127.462906,36.776419],[127.462883,36.776442],[127.462857,36.776463],[127.462829,36.776481],[127.462798,36.776497]],[[127.462973,36.776272],[127.462967,36.776311],[127.462954,36.776348],[127.462934,36.776383],[127.462909,36.776416]],[[127.462973,36.776272],[127.462961,36.7761]],[[127.462525,36.774109],[127.462437,36.77406]],[[127.456383,36.777403],[127.456332,36.777366],[127.456291,36.777323],[127.456261,36.777275],[127.456242,36.777222]],[[127.468744,36.775359],[127.468748,36.775401],[127.468742,36.775443],[127.468728,36.775483],[127.468706,36.775521]],[[127.468551,36.775636],[127.468529,36.775644],[127.468507,36.77565],[127.468484,36.775656],[127.46846,36.77566]],[[127.468546,36.775628],[127.468525,36.775635],[127.468503,36.775642],[127.468481,36.775647],[127.468458,36.775651]],[[127.466509,36.77595],[127.46638,36.77597]],[[127.46638,36.77597],[127.466369,36.775971],[127.466359,36.775971],[127.466348,36.775971],[127.466338,36.77597]],[[127.466338,36.77597],[127.4663,36.775964],[127.466265,36.775955],[127.46623,36.775943],[127.466198,36.775927],[127.466143,36.775904],[127.466085,36.77589],[127.466026,36.775885],[127.465967,36.775889],[127.46591,36.775902],[127.465857,36.775924],[127.465809,36.775953],[127.465768,36.775991],[127.465744,36.776016],[127.465716,36.776038],[127.465685,36.776058],[127.465651,36.776074],[127.465644,36.776077],[127.465636,36.776079],[127.465628,36.776081],[127.46562,36.776083]],[[127.465613,36.776016],[127.465638,36.776003],[127.46566,36.775987],[127.465681,36.775971],[127.4657,36.775952],[127.465751,36.775904],[127.465812,36.775867],[127.465879,36.775839],[127.465951,36.775823],[127.466026,36.775817],[127.466101,36.775824],[127.466174,36.775841],[127.466244,36.775871],[127.466269,36.775883],[127.466295,36.775892],[127.466322,36.775899],[127.46635,36.775904]],[[127.463521,36.776396],[127.463646,36.776377]],[[127.463521,36.776396],[127.463509,36.776397],[127.463498,36.776398],[127.463486,36.776397],[127.463474,36.776396]],[[127.463474,36.776396],[127.463438,36.77639],[127.463403,36.776381],[127.463369,36.776369],[127.463337,36.776353]],[[127.463337,36.776353],[127.463298,36.77633],[127.463264,36.776303],[127.463235,36.776271],[127.463212,36.776237]],[[127.463212,36.776237],[127.463152,36.776088]],[[127.463152,36.776088],[127.463084,36.775894]],[[127.462669,36.774088],[127.462729,36.774016]],[[127.467921,36.773297],[127.467984,36.773295],[127.468045,36.773302],[127.468102,36.773317],[127.468155,36.773339],[127.468203,36.773369],[127.468244,36.773405],[127.468277,36.773446],[127.4683,36.773493]],[[127.466509,36.778609],[127.466447,36.778681]],[[127.463368,36.777046],[127.463353,36.776853]],[[127.463572,36.776617],[127.463561,36.776619],[127.46355,36.776622],[127.463539,36.776626],[127.463528,36.77663],[127.463497,36.776647],[127.463467,36.776666],[127.463441,36.776688],[127.463417,36.776712],[127.463392,36.776744],[127.463373,36.776779],[127.46336,36.776816],[127.463353,36.776853]],[[127.465671,36.776304],[127.465679,36.776303],[127.465688,36.776303],[127.465696,36.776303],[127.465704,36.776304]],[[127.465704,36.776304],[127.465743,36.776309],[127.46578,36.776319],[127.465816,36.776331],[127.46585,36.776347]],[[127.46585,36.776347],[127.465885,36.776368],[127.465916,36.776392],[127.465943,36.776418],[127.465965,36.776447]],[[127.465965,36.776447],[127.46597,36.776454],[127.465974,36.776461],[127.465977,36.776469],[127.46598,36.776476]],[[127.456408,36.77789],[127.456406,36.777881],[127.456405,36.777871],[127.456405,36.777862],[127.456406,36.777853]],[[127.456406,36.777853],[127.456413,36.777822],[127.456425,36.777792],[127.45644,36.777763],[127.456459,36.777736]],[[127.456459,36.777736],[127.456474,36.77772],[127.45649,36.777706],[127.456508,36.777692],[127.456526,36.777679]],[[127.456526,36.777679],[127.456535,36.777674],[127.456544,36.77767],[127.456554,36.777666],[127.456563,36.777663]],[[127.456563,36.777663],[127.45657,36.777661],[127.456577,36.77766],[127.456584,36.777658],[127.456591,36.777657]],[[127.457622,36.777531],[127.457457,36.777556]],[[127.462086,36.776866],[127.461936,36.776861]],[[127.462086,36.776866],[127.462251,36.776841]],[[127.462251,36.776841],[127.462388,36.776794]],[[127.462809,36.776731],[127.46282,36.77673],[127.462831,36.776729],[127.462841,36.77673],[127.462852,36.776731]],[[127.462962,36.776813],[127.462991,36.77683],[127.463017,36.77685],[127.46304,36.776872],[127.463059,36.776897]],[[127.456168,36.777935],[127.456166,36.777927]],[[127.456051,36.77722],[127.456052,36.777222]],[[127.456011,36.777831],[127.456048,36.777797]],[[127.455946,36.77743],[127.455987,36.777383],[127.456017,36.777332],[127.456037,36.777277],[127.456045,36.777221]],[[127.456153,36.777938],[127.456118,36.77791],[127.456083,36.777883],[127.456047,36.777857],[127.456011,36.777831]],[[127.453729,36.773305],[127.453824,36.773717],[127.453847,36.773799],[127.453878,36.773878],[127.453917,36.773955],[127.453964,36.774029],[127.454017,36.7741],[127.454078,36.774167],[127.454146,36.77423],[127.45422,36.774288],[127.45434,36.774388],[127.454444,36.774497],[127.454531,36.774617],[127.454599,36.774744],[127.454627,36.774811],[127.454653,36.774879],[127.454677,36.774948],[127.454699,36.775017]],[[127.453415,36.771647],[127.453428,36.7717]],[[127.45335,36.771657],[127.453362,36.77171]],[[127.454739,36.771505],[127.454727,36.771452]],[[127.454722,36.771453],[127.454731,36.771506]],[[127.45335,36.771657],[127.453415,36.771647]],[[127.453346,36.771567],[127.453416,36.771573]],[[127.453376,36.77148],[127.453439,36.771503]],[[127.453435,36.771404],[127.453484,36.771439]],[[127.45352,36.771346],[127.45355,36.771385]],[[127.454972,36.77257],[127.454978,36.77261]],[[127.458125,36.773198],[127.458152,36.773319]],[[127.458125,36.773198],[127.458104,36.773142],[127.458072,36.77309],[127.458027,36.773045],[127.457973,36.773007]],[[127.457306,36.772626],[127.457241,36.772596],[127.45717,36.772578],[127.457096,36.772571],[127.457021,36.772576]],[[127.456422,36.777888],[127.456421,36.777853],[127.456427,36.77782],[127.456456,36.777757],[127.456508,36.777705],[127.456541,36.777684],[127.456579,36.777667]],[[127.462196,36.77685],[127.462209,36.776909]],[[127.462402,36.776855],[127.462265,36.776902]],[[127.462086,36.776866],[127.462082,36.776924]],[[127.461974,36.776862],[127.461971,36.776918]],[[127.462251,36.776841],[127.46228,36.776896]],[[127.462354,36.776806],[127.462384,36.776861]],[[127.46276,36.776805],[127.462822,36.776798]],[[127.462809,36.776731],[127.462745,36.77674]],[[127.462822,36.776798],[127.462858,36.776798],[127.462893,36.776801],[127.462928,36.776806],[127.462962,36.776813]],[[127.462992,36.776775],[127.462959,36.776759],[127.462925,36.776747],[127.462889,36.776737],[127.462852,36.776731]],[[127.462992,36.776775],[127.46296,36.776812]],[[127.46289,36.776737],[127.462869,36.776799]],[[127.462809,36.776731],[127.462822,36.776798]],[[127.463109,36.776875],[127.463086,36.776845],[127.463058,36.776819],[127.463027,36.776795],[127.462992,36.776775]],[[127.463123,36.776903],[127.46312,36.776896],[127.463117,36.776889],[127.463113,36.776882],[127.463109,36.776875]],[[127.463109,36.776875],[127.463059,36.776897]],[[127.463123,36.776903],[127.463069,36.776915]],[[127.462892,36.776232],[127.462888,36.776278],[127.462875,36.776321],[127.462853,36.776362],[127.462823,36.776398],[127.462785,36.77643],[127.46274,36.776456],[127.46269,36.776475],[127.462635,36.776488]],[[127.46274,36.776456],[127.462776,36.776505]],[[127.462824,36.776397],[127.462887,36.776438]],[[127.462875,36.776321],[127.462956,36.776342]],[[127.46352,36.776393],[127.463645,36.776374]],[[127.46352,36.776393],[127.463429,36.77638],[127.463347,36.776348],[127.46328,36.776299],[127.463232,36.776235]],[[127.465696,36.775956],[127.465763,36.775997]],[[127.465772,36.77589],[127.465825,36.775942]],[[127.465867,36.775843],[127.4659,36.775906]],[[127.465975,36.77582],[127.465985,36.775887]],[[127.466086,36.775821],[127.466073,36.775888]],[[127.466193,36.775848],[127.466157,36.775909]],[[127.466291,36.775891],[127.46626,36.775954]],[[127.466387,36.775906],[127.466382,36.775969]],[[127.46635,36.775904],[127.466387,36.775906],[127.466424,36.775907],[127.466462,36.775907],[127.466499,36.775905]],[[127.46635,36.775904],[127.466341,36.775971]],[[127.462729,36.774016],[127.46287,36.773996]],[[127.468346,36.773486],[127.468325,36.773428],[127.468291,36.773375],[127.468245,36.77333],[127.46819,36.773293],[127.468127,36.773265],[127.468058,36.773247],[127.467985,36.77324],[127.467909,36.773245]],[[127.46831,36.773402],[127.46826,36.773423]],[[127.468244,36.773329],[127.468198,36.773365]],[[127.468154,36.773275],[127.468122,36.773324]],[[127.468049,36.773245],[127.468036,36.7733]],[[127.467938,36.773241],[127.467945,36.773295]],[[127.465952,36.77648],[127.465934,36.776446],[127.46591,36.776415],[127.46588,36.776388],[127.465846,36.776365],[127.465808,36.776347],[127.465766,36.776334],[127.465722,36.776326],[127.465676,36.776324]],[[127.463435,36.776856],[127.463447,36.776814],[127.463464,36.776773],[127.463488,36.776735],[127.463518,36.776699],[127.46354,36.776687],[127.463585,36.776671]],[[127.463475,36.77666],[127.463517,36.776699]],[[127.463403,36.776729],[127.463471,36.776762]],[[127.463361,36.776812],[127.463442,36.776827]],[[127.468706,36.775521],[127.468674,36.775556],[127.468637,36.775585],[127.468594,36.775609],[127.468546,36.775628]],[[127.468551,36.775636],[127.468551,36.775636]],[[127.468551,36.775636],[127.468602,36.775617],[127.468646,36.775591],[127.468684,36.775561],[127.468715,36.775526],[127.468739,36.775487],[127.468753,36.775446],[127.468759,36.775402],[127.468755,36.775357]],[[127.455683,36.775625],[127.455677,36.7756]],[[127.455625,36.77545],[127.45563,36.77547]],[[127.455478,36.778038],[127.455434,36.777969],[127.455397,36.777897],[127.455368,36.777823],[127.455346,36.777748]],[[127.455539,36.778138],[127.455463,36.778049],[127.4554,36.777955],[127.45535,36.777856],[127.455312,36.777753]],[[127.455805,36.778621],[127.455765,36.778492],[127.455707,36.778367],[127.455631,36.778249],[127.455539,36.778138]],[[127.457117,36.780974],[127.457238,36.781041]],[[127.456262,36.777098],[127.456292,36.777215],[127.456293,36.777218],[127.45631,36.777262],[127.456336,36.777303],[127.456371,36.777339],[127.456414,36.777369],[127.456427,36.777375],[127.456441,36.777381],[127.456455,36.777386],[127.456469,36.777391],[127.456493,36.777396],[127.456517,36.777398],[127.456542,36.777398],[127.456566,36.777395],[127.456689,36.777378]],[[127.456383,36.777402],[127.456399,36.77741],[127.456416,36.777418],[127.456433,36.777424],[127.456451,36.77743]],[[127.463787,36.784465],[127.463707,36.784518]],[[127.466039,36.784632],[127.466106,36.784696]],[[127.466051,36.784714],[127.466011,36.784675]],[[127.463764,36.784523],[127.46376,36.784639]],[[127.463761,36.784613],[127.463697,36.784608]],[[127.46376,36.784639],[127.463757,36.784711]],[[127.463694,36.784634],[127.46376,36.784639]],[[127.466038,36.784808],[127.466028,36.784879]],[[127.466092,36.784813],[127.466084,36.784884]],[[127.463747,36.7848],[127.46367,36.784795]],[[127.466028,36.784879],[127.466013,36.784988]],[[127.466084,36.784884],[127.466072,36.784992]],[[127.466015,36.784969],[127.466074,36.784973]],[[127.463667,36.784813],[127.463638,36.784978]],[[127.463638,36.784978],[127.46372,36.784984]],[[127.463636,36.784992],[127.463615,36.785171]],[[127.463704,36.785087],[127.463626,36.785082]],[[127.466051,36.785171],[127.466031,36.785351]],[[127.465975,36.785256],[127.466041,36.785261]],[[127.46369,36.785177],[127.463679,36.785253]],[[127.463615,36.785171],[127.46369,36.785177]],[[127.465962,36.785346],[127.465937,36.785525]],[[127.465937,36.785525],[127.465912,36.785704]],[[127.465937,36.785525],[127.46601,36.78553]],[[127.465924,36.785614],[127.466,36.78562]],[[127.465989,36.78571],[127.465973,36.785848]],[[127.465912,36.785704],[127.465989,36.78571]],[[127.465899,36.785794],[127.465979,36.785799]],[[127.465973,36.785848],[127.465918,36.785885]],[[127.463686,36.784705],[127.463757,36.784711]],[[127.463667,36.784813],[127.463745,36.784819]],[[127.466013,36.784988],[127.466072,36.784992]],[[127.463636,36.784992],[127.463718,36.784998]],[[127.465987,36.785167],[127.466051,36.785171]],[[127.463707,36.784518],[127.463694,36.784634]],[[127.466051,36.784714],[127.466038,36.784808]],[[127.466106,36.784696],[127.466092,36.784813]],[[127.463694,36.784634],[127.463686,36.784705]],[[127.463686,36.784705],[127.463667,36.784813]],[[127.463757,36.784711],[127.463745,36.784819]],[[127.463686,36.784705],[127.463757,36.784711]],[[127.466028,36.784879],[127.466084,36.784884]],[[127.463745,36.784819],[127.46372,36.784984]],[[127.463731,36.784909],[127.463651,36.784903]],[[127.466013,36.784988],[127.465989,36.785153]],[[127.466072,36.784992],[127.466053,36.785158]],[[127.466,36.785077],[127.466062,36.785082]],[[127.465989,36.785153],[127.466053,36.785158]],[[127.463718,36.784998],[127.46369,36.785177]],[[127.463636,36.784992],[127.463718,36.784998]],[[127.465987,36.785167],[127.465962,36.785346]],[[127.466031,36.785351],[127.46601,36.78553]],[[127.465962,36.785346],[127.466031,36.785351]],[[127.46595,36.785435],[127.46602,36.785441]],[[127.46601,36.78553],[127.465989,36.78571]],[[127.465912,36.785704],[127.465896,36.785816]],[[127.463804,36.784496],[127.463881,36.784501]],[[127.463787,36.784465],[127.463885,36.784472]],[[127.464108,36.784489],[127.463885,36.784472]],[[127.463881,36.784501],[127.464105,36.78451]],[[127.464108,36.784489],[127.464331,36.784505]],[[127.464105,36.78451],[127.464329,36.784518]],[[127.464185,36.785775],[127.464408,36.785792]],[[127.464187,36.785761],[127.464411,36.78577]],[[127.464331,36.784505],[127.464554,36.784522]],[[127.464329,36.784518],[127.464553,36.784527]],[[127.464408,36.785792],[127.464631,36.785808]],[[127.464411,36.78577],[127.464635,36.78578]],[[127.464554,36.784522],[127.464777,36.784538]],[[127.464553,36.784527],[127.464777,36.784541]],[[127.464631,36.785808],[127.464854,36.785825]],[[127.464635,36.78578],[127.464858,36.785789]],[[127.464777,36.784541],[127.464999,36.784566]],[[127.464777,36.784538],[127.465,36.784555]],[[127.464854,36.785825],[127.465077,36.785841]],[[127.464858,36.785789],[127.465082,36.785799]],[[127.464999,36.784566],[127.465221,36.784591]],[[127.465,36.784555],[127.465223,36.784571]],[[127.465077,36.785841],[127.465301,36.785858]],[[127.465082,36.785799],[127.465306,36.785808]],[[127.465194,36.785803],[127.465189,36.78585]],[[127.465221,36.784591],[127.465443,36.784615]],[[127.465223,36.784571],[127.465446,36.784588]],[[127.465301,36.785858],[127.465524,36.785874]],[[127.465306,36.785808],[127.46553,36.785817]],[[127.465301,36.785858],[127.465306,36.785808]],[[127.465418,36.785813],[127.465412,36.785866]],[[127.465443,36.784615],[127.465665,36.78464]],[[127.465446,36.784588],[127.465669,36.784605]],[[127.465524,36.785874],[127.465747,36.785891]],[[127.46553,36.785817],[127.465754,36.785827]],[[127.465524,36.785874],[127.46553,36.785817]],[[127.465642,36.785822],[127.465635,36.785883]],[[127.465665,36.78464],[127.465888,36.784665]],[[127.465669,36.784605],[127.465893,36.784621]],[[127.465747,36.785891],[127.465893,36.785902]],[[127.465754,36.785827],[127.465869,36.785835]],[[127.465747,36.785891],[127.465754,36.785827]],[[127.465866,36.785835],[127.465858,36.785899]],[[127.465888,36.784665],[127.466011,36.784675]],[[127.465893,36.784621],[127.466039,36.784632]],[[127.465999,36.784674],[127.466004,36.784629]],[[127.466385,36.781057],[127.466477,36.781146]],[[127.46415,36.78096],[127.464143,36.781038]],[[127.466477,36.781146],[127.466469,36.781211]],[[127.464143,36.781038],[127.464129,36.781166]],[[127.464129,36.781166],[127.464109,36.781216]],[[127.466455,36.781339],[127.466463,36.781391]],[[127.466424,36.781388],[127.466442,36.781471]],[[127.466463,36.781391],[127.466476,36.781473]],[[127.464077,36.781295],[127.464066,36.781394]],[[127.464082,36.781295],[127.464078,36.781395]],[[127.466442,36.781471],[127.466433,36.78157]],[[127.464071,36.781576],[127.464065,36.781756]],[[127.466402,36.78193],[127.466387,36.78211]],[[127.466423,36.781931],[127.466403,36.782111]],[[127.464004,36.781933],[127.463984,36.782112]],[[127.464058,36.781937],[127.464052,36.782117]],[[127.466403,36.782111],[127.466382,36.78229]],[[127.464052,36.782117],[127.464042,36.782297]],[[127.466371,36.782289],[127.466354,36.782469]],[[127.463963,36.782291],[127.463942,36.782471]],[[127.464042,36.782297],[127.464026,36.782477]],[[127.464034,36.782387],[127.463953,36.782381]],[[127.466354,36.782469],[127.466334,36.782649]],[[127.466334,36.782649],[127.46631,36.782828]],[[127.463922,36.78265],[127.463901,36.78283]],[[127.464002,36.782656],[127.463976,36.782835]],[[127.463901,36.78283],[127.463881,36.783009]],[[127.463901,36.78283],[127.463976,36.782835]],[[127.463963,36.782925],[127.463891,36.78292]],[[127.466285,36.783007],[127.46626,36.783186]],[[127.463881,36.783009],[127.46386,36.783189]],[[127.46395,36.783014],[127.463924,36.783193]],[[127.46626,36.783186],[127.466234,36.783365]],[[127.466279,36.783187],[127.466258,36.783367]],[[127.46386,36.783189],[127.463924,36.783193]],[[127.463911,36.783283],[127.46385,36.783278]],[[127.466234,36.783365],[127.466209,36.783544]],[[127.463839,36.783368],[127.463819,36.783548]],[[127.463839,36.783368],[127.463898,36.783372]],[[127.466209,36.783544],[127.466184,36.783723]],[[127.463872,36.783552],[127.463845,36.783731]],[[127.466184,36.783723],[127.466159,36.783902]],[[127.463798,36.783727],[127.463777,36.783907]],[[127.463845,36.783731],[127.46382,36.78391]],[[127.466159,36.783902],[127.466134,36.784082]],[[127.463777,36.783907],[127.463757,36.784086]],[[127.46382,36.78391],[127.4638,36.784089]],[[127.466176,36.784085],[127.466155,36.784264]],[[127.463757,36.784086],[127.463737,36.784257]],[[127.466155,36.784264],[127.466136,36.784435]],[[127.466136,36.784435],[127.466056,36.784489]],[[127.463984,36.782112],[127.464052,36.782117]],[[127.463963,36.782291],[127.464042,36.782297]],[[127.463942,36.782471],[127.464026,36.782477]],[[127.463881,36.783009],[127.463948,36.783014]],[[127.466435,36.781143],[127.466378,36.781079]],[[127.464166,36.780974],[127.464157,36.781039]],[[127.466435,36.781143],[127.466426,36.781208]],[[127.464157,36.781039],[127.464133,36.781167]],[[127.466426,36.781208],[127.466414,36.781336]],[[127.466469,36.781211],[127.466455,36.781339]],[[127.464133,36.781167],[127.46411,36.781216]],[[127.466414,36.781336],[127.466424,36.781388]],[[127.464109,36.781216],[127.464077,36.781295]],[[127.46411,36.781216],[127.464082,36.781295]],[[127.466476,36.781473],[127.466464,36.781572]],[[127.464066,36.781394],[127.464045,36.781574]],[[127.464078,36.781395],[127.464071,36.781576]],[[127.466433,36.78157],[127.466418,36.78175]],[[127.466464,36.781572],[127.466444,36.781752]],[[127.464045,36.781574],[127.464025,36.781753]],[[127.466418,36.78175],[127.466402,36.78193]],[[127.466444,36.781752],[127.466423,36.781931]],[[127.464025,36.781753],[127.464004,36.781933]],[[127.464065,36.781756],[127.464058,36.781937]],[[127.464055,36.782027],[127.463994,36.782022]],[[127.466387,36.78211],[127.466371,36.782289]],[[127.463984,36.782112],[127.463963,36.782291]],[[127.463984,36.782112],[127.464052,36.782117]],[[127.464047,36.782207],[127.463973,36.782202]],[[127.466382,36.78229],[127.466361,36.78247]],[[127.466361,36.78247],[127.466341,36.782649]],[[127.463942,36.782471],[127.463922,36.78265]],[[127.464026,36.782477],[127.464002,36.782656]],[[127.463942,36.782471],[127.464026,36.782477]],[[127.464014,36.782567],[127.463932,36.782561]],[[127.466341,36.782649],[127.46632,36.782829]],[[127.463922,36.78265],[127.464002,36.782656]],[[127.463989,36.782746],[127.463911,36.78274]],[[127.46631,36.782828],[127.466285,36.783007]],[[127.46632,36.782829],[127.4663,36.783008]],[[127.463976,36.782835],[127.46395,36.783014]],[[127.4663,36.783008],[127.466279,36.783187]],[[127.463881,36.783009],[127.46395,36.783014]],[[127.463937,36.783104],[127.46387,36.783099]],[[127.46386,36.783189],[127.463839,36.783368]],[[127.463924,36.783193],[127.463898,36.783372]],[[127.466258,36.783367],[127.466238,36.783546]],[[127.463898,36.783372],[127.463872,36.783552]],[[127.466238,36.783546],[127.466217,36.783726]],[[127.463819,36.783548],[127.463798,36.783727]],[[127.466217,36.783726],[127.466197,36.783905]],[[127.466197,36.783905],[127.466176,36.784085]],[[127.466134,36.784082],[127.466109,36.784261]],[[127.4638,36.784089],[127.463788,36.78425]],[[127.466109,36.784261],[127.466085,36.784431]],[[127.463737,36.784257],[127.463804,36.784321]],[[127.46415,36.78096],[127.464258,36.780885]],[[127.463804,36.784321],[127.463863,36.784326]],[[127.464256,36.780902],[127.464166,36.780961]],[[127.463863,36.784326],[127.463959,36.784333]],[[127.463868,36.78428],[127.463964,36.784291]],[[127.463863,36.784326],[127.463868,36.78428]],[[127.464256,36.780902],[127.464353,36.780909]],[[127.464258,36.780885],[127.464355,36.780892]],[[127.463959,36.784333],[127.464183,36.784349]],[[127.463964,36.784291],[127.464186,36.784318]],[[127.464353,36.780909],[127.464576,36.780926]],[[127.464355,36.780892],[127.464578,36.780908]],[[127.464183,36.784349],[127.464406,36.784366]],[[127.464186,36.784318],[127.464408,36.784344]],[[127.464576,36.780926],[127.464799,36.780942]],[[127.464578,36.780908],[127.464801,36.780925]],[[127.46442,36.784367],[127.464629,36.784383]],[[127.464422,36.784345],[127.46463,36.78437]],[[127.464813,36.780943],[127.465023,36.78095]],[[127.464815,36.780926],[127.465025,36.780933]],[[127.464629,36.784383],[127.464754,36.784392]],[[127.46463,36.78437],[127.464755,36.784385]],[[127.465023,36.78095],[127.465149,36.780954]],[[127.465025,36.780933],[127.465151,36.780936]],[[127.464754,36.784392],[127.464852,36.784399]],[[127.464755,36.784385],[127.464852,36.784396]],[[127.465149,36.780954],[127.465247,36.780961]],[[127.465151,36.780936],[127.465249,36.780944]],[[127.464852,36.784399],[127.465075,36.784416]],[[127.464852,36.784396],[127.465076,36.784409]],[[127.465247,36.780961],[127.46547,36.780979]],[[127.465249,36.780944],[127.465472,36.78096]],[[127.465113,36.784418],[127.46528,36.784431]],[[127.465113,36.78441],[127.465282,36.784416]],[[127.465507,36.780981],[127.465671,36.781025]],[[127.465509,36.780963],[127.465673,36.781005]],[[127.465298,36.784432],[127.465521,36.784449]],[[127.4653,36.784417],[127.465524,36.784424]],[[127.465689,36.781027],[127.465912,36.781044]],[[127.465692,36.781006],[127.465915,36.781023]],[[127.465521,36.784449],[127.465744,36.784465]],[[127.465524,36.784424],[127.465748,36.784432]],[[127.465912,36.781044],[127.466135,36.781061]],[[127.465915,36.781023],[127.466138,36.781039]],[[127.465744,36.784465],[127.465967,36.784482]],[[127.465748,36.784432],[127.465972,36.784439]],[[127.466135,36.781061],[127.466358,36.781078]],[[127.466138,36.781039],[127.466361,36.781056]],[[127.465992,36.784484],[127.466056,36.784489]],[[127.465997,36.784441],[127.466061,36.784446]],[[127.46415,36.785759],[127.464058,36.785745],[127.46397,36.785722],[127.463885,36.785691],[127.463805,36.785653]],[[127.463607,36.785248],[127.463615,36.785171]],[[127.463805,36.785653],[127.463748,36.785559],[127.463708,36.78546],[127.463685,36.785358],[127.463679,36.785253]],[[127.463607,36.785248],[127.463607,36.785343],[127.463631,36.785435],[127.463676,36.785522],[127.463742,36.7856],[127.463826,36.785667],[127.463924,36.785719],[127.464032,36.785754],[127.464148,36.785772]],[[127.463607,36.785248],[127.463679,36.785253]],[[127.463607,36.785338],[127.463682,36.785332]],[[127.463628,36.785426],[127.463695,36.785411]],[[127.465347,36.779012],[127.465279,36.778975]],[[127.465284,36.778982],[127.465342,36.779013]],[[127.463874,36.779244],[127.463933,36.779175]],[[127.463936,36.779177],[127.463883,36.779243]],[[127.463874,36.779244],[127.463901,36.779359]],[[127.463883,36.779243],[127.463911,36.779357]],[[127.463901,36.779359],[127.463941,36.779536]],[[127.463911,36.779357],[127.463954,36.779534]],[[127.465372,36.77914],[127.465416,36.779316]],[[127.465376,36.779139],[127.465417,36.779316]],[[127.463941,36.779536],[127.463982,36.779713]],[[127.463954,36.779534],[127.463998,36.779711]],[[127.465416,36.779316],[127.465454,36.779494]],[[127.465417,36.779316],[127.465457,36.779493]],[[127.463982,36.779713],[127.464023,36.77989]],[[127.463998,36.779711],[127.464041,36.779888]],[[127.465491,36.779672],[127.465527,36.779849]],[[127.465539,36.779848],[127.46558,36.780025]],[[127.464115,36.780243],[127.464138,36.780423]],[[127.464138,36.780423],[127.464144,36.780538]],[[127.465621,36.780202],[127.465646,36.780314]],[[127.46422,36.780608],[127.464144,36.780538]],[[127.465646,36.780314],[127.465661,36.780379]],[[127.465653,36.780417],[127.465695,36.780559]],[[127.465669,36.780414],[127.465702,36.780558]],[[127.465656,36.78072],[127.465695,36.780559]],[[127.465702,36.780558],[127.465681,36.780748]],[[127.465376,36.779139],[127.465349,36.779024]],[[127.465345,36.779025],[127.465372,36.77914]],[[127.465454,36.779494],[127.465491,36.779672]],[[127.465457,36.779493],[127.465498,36.779671]],[[127.464041,36.779888],[127.464082,36.780065]],[[127.465498,36.779671],[127.465539,36.779848]],[[127.464082,36.780065],[127.464115,36.780243]],[[127.465527,36.779849],[127.465564,36.780027]],[[127.465564,36.780027],[127.465601,36.780205]],[[127.46558,36.780025],[127.465621,36.780202]],[[127.465601,36.780205],[127.465627,36.780317]],[[127.465627,36.780317],[127.465644,36.780382]],[[127.464268,36.78063],[127.464464,36.780645]],[[127.464264,36.780612],[127.46446,36.780627]],[[127.463936,36.779177],[127.464119,36.779148]],[[127.463933,36.779175],[127.464119,36.779147]],[[127.464464,36.780645],[127.464696,36.780662]],[[127.46446,36.780627],[127.464692,36.780644]],[[127.464119,36.779147],[127.46434,36.779115]],[[127.464119,36.779148],[127.46434,36.779116]],[[127.464696,36.780662],[127.464928,36.780679]],[[127.464692,36.780644],[127.464924,36.780663]],[[127.46434,36.779115],[127.46456,36.779082]],[[127.46434,36.779116],[127.46456,36.779084]],[[127.464928,36.780679],[127.465022,36.780686]],[[127.464924,36.780663],[127.465018,36.78067]],[[127.46456,36.779082],[127.464649,36.779068]],[[127.46456,36.779084],[127.46465,36.779072]],[[127.465022,36.780686],[127.465166,36.780724]],[[127.465018,36.78067],[127.465162,36.780707]],[[127.46465,36.779072],[127.464781,36.779053]],[[127.464649,36.779068],[127.46478,36.779049]],[[127.465166,36.780724],[127.465241,36.780744]],[[127.465162,36.780707],[127.465237,36.780726]],[[127.464781,36.779053],[127.464849,36.779044]],[[127.464848,36.779039],[127.46478,36.779049]],[[127.465241,36.780744],[127.465401,36.780756]],[[127.465237,36.780726],[127.465396,36.780733]],[[127.464849,36.779044],[127.465002,36.779022]],[[127.464848,36.779039],[127.465,36.779016]],[[127.465401,36.780756],[127.465514,36.780764]],[[127.465396,36.780733],[127.465508,36.78074]],[[127.465108,36.779],[127.465,36.779016]],[[127.465002,36.779022],[127.465109,36.779007]],[[127.465514,36.780764],[127.465628,36.780753]],[[127.465508,36.78074],[127.465656,36.78072]],[[127.465109,36.779007],[127.465222,36.778991]],[[127.465221,36.778983],[127.465108,36.779]],[[127.465222,36.778991],[127.465284,36.778982]],[[127.465279,36.778975],[127.465221,36.778983]],[[127.464221,36.780626],[127.46412,36.78054]],[[127.464038,36.779957],[127.464068,36.780102],[127.464092,36.780248],[127.464109,36.780394],[127.46412,36.78054]],[[127.464038,36.779957],[127.464023,36.77989]],[[127.465598,36.778808],[127.465818,36.778775]],[[127.465818,36.778772],[127.465598,36.778806]],[[127.46385,36.780962],[127.463797,36.780903]],[[127.463897,36.780967],[127.463888,36.781061]],[[127.463843,36.781102],[127.463856,36.781162]],[[127.463883,36.781105],[127.463892,36.781165]],[[127.463856,36.781162],[127.463873,36.78124]],[[127.463862,36.781421],[127.463852,36.781601]],[[127.463862,36.781602],[127.463842,36.781781]],[[127.463841,36.781781],[127.463815,36.78194]],[[127.46385,36.780962],[127.463846,36.781058]],[[127.463897,36.780967],[127.463888,36.781061]],[[127.463892,36.781165],[127.463904,36.781242]],[[127.463873,36.781241],[127.463862,36.781421]],[[127.463903,36.781243],[127.463883,36.781422]],[[127.463883,36.781422],[127.463862,36.781602]],[[127.463852,36.781601],[127.463841,36.781781]],[[127.463842,36.781781],[127.463824,36.781938]],[[127.463815,36.78194],[127.463749,36.78198]],[[127.462899,36.781931],[127.463042,36.781942]],[[127.462935,36.781869],[127.463049,36.781885]],[[127.463135,36.781949],[127.463266,36.781958]],[[127.463141,36.781898],[127.46327,36.781916]],[[127.463163,36.781901],[127.463158,36.78195]],[[127.463263,36.78084],[127.463392,36.780855]],[[127.463263,36.780838],[127.463393,36.780848]],[[127.463266,36.781958],[127.463489,36.781975]],[[127.46327,36.781916],[127.463492,36.781947]],[[127.463392,36.780855],[127.463614,36.780881]],[[127.463393,36.780848],[127.463616,36.780864]],[[127.463489,36.781975],[127.463676,36.781989]],[[127.463492,36.781947],[127.463678,36.781972]],[[127.463614,36.780881],[127.463797,36.780903]],[[127.463616,36.780864],[127.463801,36.780878]],[[127.463741,36.781994],[127.463824,36.781938]],[[127.463801,36.780878],[127.463897,36.780967]],[[127.463055,36.781893],[127.46305,36.781942]],[[127.462949,36.781871],[127.462942,36.781934]],[[127.46381,36.782203],[127.463797,36.782319]],[[127.463769,36.78256],[127.463755,36.782678]],[[127.463755,36.782678],[127.463748,36.782747]],[[127.463737,36.782746],[127.46372,36.782856]],[[127.463748,36.782747],[127.463735,36.782857]],[[127.463717,36.782879],[127.463703,36.78297]],[[127.463732,36.782881],[127.463722,36.782971]],[[127.463714,36.783037],[127.463702,36.783145]],[[127.463667,36.783214],[127.46364,36.783393]],[[127.463636,36.783418],[127.463613,36.783572]],[[127.46367,36.78342],[127.463652,36.783575]],[[127.463652,36.783575],[127.463643,36.783658]],[[127.4636,36.783655],[127.463586,36.783751]],[[127.463631,36.783763],[127.463611,36.783934]],[[127.463561,36.78393],[127.463551,36.784015]],[[127.463551,36.784015],[127.463541,36.78411]],[[127.463601,36.784018],[127.463591,36.784113]],[[127.463541,36.78411],[127.463528,36.78429]],[[127.463488,36.785011],[127.463467,36.78519]],[[127.4635,36.785547],[127.463459,36.785423]],[[127.463801,36.782202],[127.463792,36.782319]],[[127.463792,36.782319],[127.463772,36.782498]],[[127.463797,36.782319],[127.463776,36.782498]],[[127.463772,36.782498],[127.463764,36.78256]],[[127.463776,36.782498],[127.463769,36.78256]],[[127.463764,36.78256],[127.463747,36.782677]],[[127.463747,36.782677],[127.463737,36.782746]],[[127.463703,36.78297],[127.463693,36.783035]],[[127.463722,36.782971],[127.463714,36.783037]],[[127.463693,36.783035],[127.463677,36.783144]],[[127.463677,36.783144],[127.463667,36.783214]],[[127.463702,36.783145],[127.463694,36.783216]],[[127.463694,36.783216],[127.463673,36.783396]],[[127.463613,36.783572],[127.4636,36.783655]],[[127.463643,36.783658],[127.463632,36.783755]],[[127.463585,36.78376],[127.463561,36.78393]],[[127.463611,36.783934],[127.463601,36.784018]],[[127.463591,36.784113],[127.463574,36.784258]],[[127.463487,36.785011],[127.463465,36.78519]],[[127.463116,36.782092],[127.462962,36.78208]],[[127.462959,36.782108],[127.463114,36.78211]],[[127.463185,36.782097],[127.463116,36.782092]],[[127.463114,36.78211],[127.463184,36.78211]],[[127.463185,36.782097],[127.463249,36.782102]],[[127.463184,36.78211],[127.463248,36.782111]],[[127.463248,36.782111],[127.463408,36.782114]],[[127.463249,36.782102],[127.463408,36.782114]],[[127.463408,36.782114],[127.463546,36.782134]],[[127.463408,36.782114],[127.463547,36.782124]],[[127.463546,36.782134],[127.46363,36.782146]],[[127.463547,36.782124],[127.463631,36.78213]],[[127.46363,36.782146],[127.463741,36.782158]],[[127.463631,36.78213],[127.463743,36.782139]],[[127.463801,36.782202],[127.463741,36.782158]],[[127.463743,36.782139],[127.46381,36.782203]],[[127.463574,36.785613],[127.463517,36.785526],[127.463479,36.785433],[127.46346,36.785336],[127.463462,36.785237]],[[127.463459,36.785423],[127.463448,36.785376],[127.463444,36.78533],[127.463448,36.785283],[127.46346,36.785237]],[[127.463462,36.785237],[127.463467,36.78519]],[[127.46346,36.785237],[127.463465,36.78519]],[[127.4635,36.785547],[127.463511,36.785567],[127.463524,36.785586],[127.463537,36.785606],[127.463552,36.785624]],[[127.463574,36.784258],[127.463531,36.784491],[127.463491,36.784834],[127.463492,36.784969]],[[127.463528,36.78429],[127.463519,36.78449],[127.46348,36.784834],[127.46349,36.784969]],[[127.468569,36.775873],[127.468583,36.775871],[127.468597,36.77587],[127.468612,36.775871],[127.468626,36.775872]],[[127.468626,36.775872],[127.468661,36.775879],[127.468695,36.775888],[127.468728,36.7759],[127.468759,36.775915]],[[127.469282,36.775386],[127.469366,36.775343]],[[127.468496,36.773489],[127.468573,36.773661]],[[127.468573,36.773661],[127.468653,36.773832]],[[127.468536,36.773666],[127.468576,36.773843]],[[127.468556,36.773755],[127.468613,36.773746]],[[127.468653,36.773832],[127.468726,36.774004]],[[127.468576,36.773843],[127.468617,36.774021]],[[127.468691,36.773922],[127.468711,36.774007]],[[127.468666,36.773862],[127.4687,36.774008]],[[127.468576,36.773843],[127.468653,36.773832]],[[127.468597,36.773932],[127.468679,36.77392]],[[127.468726,36.774004],[127.468765,36.774182]],[[127.468617,36.774021],[127.468658,36.774198]],[[127.4687,36.774008],[127.468741,36.774186]],[[127.468711,36.774007],[127.468752,36.774184]],[[127.468617,36.774021],[127.4687,36.774008]],[[127.468638,36.774109],[127.46872,36.774097]],[[127.468765,36.774182],[127.468832,36.774355]],[[127.468658,36.774198],[127.468699,36.774375]],[[127.468741,36.774186],[127.468781,36.774363]],[[127.468752,36.774184],[127.468792,36.774361]],[[127.468658,36.774198],[127.468741,36.774186]],[[127.468678,36.774286],[127.468761,36.774274]],[[127.468832,36.774355],[127.468891,36.77453]],[[127.468699,36.774375],[127.46874,36.774552]],[[127.468781,36.774363],[127.468822,36.77454]],[[127.468792,36.774361],[127.468833,36.774538]],[[127.468699,36.774375],[127.468781,36.774363]],[[127.468719,36.774464],[127.468802,36.774451]],[[127.468891,36.77453],[127.468967,36.774702]],[[127.46874,36.774552],[127.46878,36.774729]],[[127.468822,36.77454],[127.468863,36.774717]],[[127.468833,36.774538],[127.468874,36.774715]],[[127.46874,36.774552],[127.468822,36.77454]],[[127.468833,36.774538],[127.468891,36.77453]],[[127.46876,36.774641],[127.468843,36.774629]],[[127.468854,36.774627],[127.468929,36.774616]],[[127.468967,36.774702],[127.468998,36.77488]],[[127.46878,36.774729],[127.468821,36.774907]],[[127.468863,36.774717],[127.468904,36.774894]],[[127.468874,36.774715],[127.468915,36.774893]],[[127.46878,36.774729],[127.468863,36.774717]],[[127.468874,36.774715],[127.468967,36.774702]],[[127.468801,36.774818],[127.468883,36.774806]],[[127.468894,36.774804],[127.468983,36.774791]],[[127.468998,36.77488],[127.469012,36.77501]],[[127.468821,36.774907],[127.468851,36.775034]],[[127.468904,36.774894],[127.468933,36.775022]],[[127.468915,36.774893],[127.468944,36.77502]],[[127.468821,36.774907],[127.468904,36.774894]],[[127.468915,36.774893],[127.468998,36.77488]],[[127.468842,36.774995],[127.468924,36.774983]],[[127.468935,36.774981],[127.469008,36.77497]],[[127.469012,36.77501],[127.469029,36.775059]],[[127.468851,36.775034],[127.468868,36.775083]],[[127.468933,36.775022],[127.468951,36.775071]],[[127.468944,36.77502],[127.468962,36.775069]],[[127.468851,36.775034],[127.468933,36.775022]],[[127.468944,36.77502],[127.469012,36.77501]],[[127.469029,36.775059],[127.469116,36.775178]],[[127.468962,36.775069],[127.469006,36.775194]],[[127.468951,36.775071],[127.468995,36.775196]],[[127.468868,36.775083],[127.468912,36.775208]],[[127.468868,36.775083],[127.468951,36.775071]],[[127.468962,36.775069],[127.469029,36.775059]],[[127.468899,36.77517],[127.468981,36.775158]],[[127.468992,36.775156],[127.46909,36.775142]],[[127.469116,36.775178],[127.469111,36.77523]],[[127.469006,36.775194],[127.469017,36.775244]],[[127.468995,36.775196],[127.469006,36.775246]],[[127.468912,36.775208],[127.468924,36.775258]],[[127.468912,36.775208],[127.468995,36.775196]],[[127.469006,36.775194],[127.469105,36.775179]],[[127.469111,36.77523],[127.46912,36.775303]],[[127.468924,36.775258],[127.468937,36.775316]],[[127.469006,36.775246],[127.46902,36.775304]],[[127.469017,36.775244],[127.469031,36.775302]],[[127.468924,36.775258],[127.469006,36.775246]],[[127.469017,36.775244],[127.469111,36.77523]],[[127.468387,36.773283],[127.468389,36.773227]],[[127.468536,36.773666],[127.468489,36.773465]],[[127.469544,36.775702],[127.469403,36.775723],[127.469311,36.775747],[127.469232,36.77579],[127.469169,36.775847],[127.469127,36.775917],[127.469126,36.775919],[127.469125,36.775922],[127.469124,36.775924],[127.469123,36.775927],[127.469107,36.775965],[127.469099,36.776005],[127.469098,36.776046],[127.469104,36.776086],[127.469116,36.776136]],[[127.469536,36.775772],[127.469418,36.77579],[127.469348,36.775808],[127.469287,36.775841],[127.469239,36.775885],[127.469207,36.775938],[127.469206,36.775942],[127.469204,36.775945],[127.469203,36.775949],[127.469201,36.775952],[127.469189,36.775981],[127.469183,36.776012],[127.469182,36.776042],[127.469186,36.776073],[127.469199,36.776125]],[[127.469535,36.775781],[127.46942,36.775798],[127.469353,36.775816],[127.469295,36.775847],[127.469249,36.77589],[127.469218,36.775941],[127.469216,36.775945],[127.469215,36.775948],[127.469213,36.775952],[127.469211,36.775955],[127.4692,36.775984],[127.469194,36.776013],[127.469193,36.776042],[127.469197,36.776071],[127.46921,36.776124]],[[127.469516,36.775867],[127.469438,36.775878],[127.469397,36.775889],[127.469361,36.775908],[127.469333,36.775934],[127.469314,36.775966],[127.469312,36.775971],[127.469309,36.775976],[127.469307,36.775981],[127.469305,36.775986],[127.469298,36.776003],[127.469294,36.77602],[127.469293,36.776038],[127.469296,36.776056],[127.469309,36.776111]],[[127.469513,36.775876],[127.46944,36.775887],[127.469402,36.775897],[127.469368,36.775915],[127.469342,36.775939],[127.469324,36.775969],[127.469322,36.775974],[127.46932,36.775979],[127.469317,36.775984],[127.469315,36.77599],[127.469309,36.776005],[127.469305,36.776021],[127.469305,36.776038],[127.469307,36.776054],[127.46932,36.77611]],[[127.469433,36.775719],[127.469449,36.775785]],[[127.469326,36.775742],[127.469359,36.775804]],[[127.469231,36.77579],[127.469287,36.775841]],[[127.46916,36.775859],[127.469232,36.775894]],[[127.469116,36.775942],[127.469195,36.775964]],[[127.469097,36.77603],[127.469181,36.776031]],[[127.469112,36.776119],[127.469194,36.776107]],[[127.469451,36.775794],[127.469469,36.775874]],[[127.469344,36.77582],[127.469392,36.775891]],[[127.469259,36.775878],[127.469339,36.775927]],[[127.46921,36.775958],[127.469304,36.775988]],[[127.469193,36.776046],[127.469294,36.776041]],[[127.469305,36.776021],[127.469392,36.776028]],[[127.469369,36.775915],[127.469438,36.775979]],[[127.469482,36.775532],[127.469358,36.77555],[127.469289,36.775554],[127.469221,36.775548],[127.469156,36.775532],[127.469096,36.775506],[127.469095,36.775506],[127.469095,36.775505],[127.469094,36.775505],[127.469093,36.775505],[127.469037,36.775468],[127.468991,36.775423],[127.468958,36.775372],[127.468937,36.775316]],[[127.46902,36.775304],[127.469035,36.775347],[127.469061,36.775386],[127.469096,36.77542],[127.469139,36.775448],[127.46914,36.775449],[127.469141,36.775449],[127.469142,36.775449],[127.469142,36.77545],[127.469189,36.77547],[127.469239,36.775482],[127.46929,36.775487],[127.469343,36.775483],[127.469467,36.775466]],[[127.469031,36.775302],[127.469046,36.775343],[127.469071,36.775381],[127.469104,36.775414],[127.469146,36.775441],[127.469146,36.775441],[127.469147,36.775441],[127.469148,36.775442],[127.469149,36.775442],[127.469193,36.775461],[127.469241,36.775473],[127.469291,36.775478],[127.469341,36.775475],[127.469456,36.775458]],[[127.46912,36.775303],[127.46915,36.775346],[127.469196,36.775377],[127.469251,36.775395],[127.469312,36.775396],[127.469429,36.775379]],[[127.469426,36.775371],[127.469311,36.775387],[127.469254,36.775382],[127.469201,36.775366],[127.469156,36.775339],[127.46912,36.775303]],[[127.469371,36.775548],[127.469357,36.775481]],[[127.46926,36.775553],[127.469268,36.775486]],[[127.469152,36.775531],[127.469185,36.775469]],[[127.469057,36.775483],[127.469112,36.775432]],[[127.468985,36.775415],[127.469056,36.775379]],[[127.468942,36.775332],[127.469023,36.775316]],[[127.469034,36.775314],[127.469119,36.775297]],[[127.469074,36.775385],[127.469148,36.775343]],[[127.469155,36.775446],[127.469205,36.775381]],[[127.46926,36.775476],[127.469273,36.775397]],[[127.469371,36.77547],[127.469353,36.77539]],[[127.455096,36.772335],[127.455108,36.772385],[127.455145,36.77251],[127.455176,36.772608],[127.455189,36.772661]],[[127.455189,36.772661],[127.455264,36.772703]],[[127.454383,36.774674],[127.454313,36.77461],[127.454246,36.77455],[127.454082,36.774452],[127.454028,36.774427],[127.453977,36.774397],[127.453929,36.774365],[127.453885,36.774329],[127.453847,36.774287],[127.453811,36.774245],[127.453776,36.774201],[127.453744,36.774156],[127.453677,36.774067],[127.453631,36.773971],[127.453606,36.773869],[127.453602,36.773765],[127.453511,36.773595],[127.453447,36.773421],[127.453382,36.773244],[127.453503,36.773042],[127.45349,36.772988]],[[127.454998,36.77711],[127.454984,36.777097],[127.454902,36.776954],[127.454889,36.776772],[127.454895,36.776588]],[[127.466854,36.780812],[127.467069,36.780828]],[[127.466925,36.780706],[127.466913,36.780816]],[[127.466948,36.780708],[127.466935,36.780818]],[[127.466957,36.780819],[127.46697,36.780711]],[[127.466992,36.780713],[127.46698,36.780821]],[[127.467014,36.780715],[127.467002,36.780823]],[[127.467037,36.780718],[127.467024,36.780824]],[[127.467059,36.78072],[127.467047,36.780826]],[[127.467069,36.780828],[127.467292,36.780844]],[[127.467069,36.780828],[127.467093,36.780617]],[[127.467103,36.780725],[127.467091,36.780829]],[[127.467126,36.780727],[127.467114,36.780831]],[[127.467148,36.780729],[127.467136,36.780833]],[[127.46717,36.780731],[127.467158,36.780834]],[[127.467181,36.780836],[127.467204,36.780632]],[[127.467215,36.780736],[127.467203,36.780838]],[[127.467237,36.780738],[127.467225,36.780839]],[[127.467259,36.780741],[127.467247,36.780841]],[[127.467281,36.780743],[127.46727,36.780843]],[[127.467292,36.780844],[127.467315,36.780646]],[[127.467326,36.780748],[127.467314,36.780846]],[[127.467326,36.780847],[127.467452,36.780877]],[[127.467326,36.780847],[127.467349,36.780651]],[[127.467386,36.780761],[127.467352,36.780853]],[[127.467408,36.780767],[127.467374,36.780858]],[[127.467429,36.780772],[127.467395,36.780863]],[[127.467451,36.780777],[127.467416,36.780868]],[[127.467438,36.780874],[127.467472,36.780783]],[[127.467452,36.780877],[127.46751,36.780881]],[[127.46751,36.780881],[127.467733,36.780897]],[[127.46751,36.780881],[127.467532,36.780696]],[[127.467543,36.780791],[127.467533,36.780883]],[[127.467565,36.780793],[127.467555,36.780884]],[[127.467588,36.780796],[127.467577,36.780886]],[[127.46761,36.780798],[127.4676,36.780888]],[[127.467622,36.780889],[127.467642,36.780711]],[[127.467654,36.780802],[127.467644,36.780891]],[[127.467677,36.780805],[127.467667,36.780892]],[[127.467699,36.780807],[127.467689,36.780894]],[[127.467721,36.780809],[127.467711,36.780896]],[[127.467733,36.780897],[127.467941,36.780913]],[[127.467733,36.780897],[127.467753,36.780726]],[[127.467766,36.780814],[127.467756,36.780899]],[[127.467788,36.780816],[127.467778,36.780901]],[[127.46781,36.780819],[127.4678,36.780902]],[[127.467832,36.780821],[127.467823,36.780904]],[[127.467877,36.780826],[127.467867,36.780907]],[[127.467854,36.780824],[127.467845,36.780906]],[[127.467946,36.780905],[127.468045,36.780766]],[[127.467914,36.780807],[127.467991,36.780843]],[[127.468002,36.780827],[127.467927,36.780793]],[[127.467939,36.780778],[127.468013,36.780811]],[[127.467952,36.780763],[127.468024,36.780796]],[[127.467965,36.780748],[127.468035,36.78078]],[[127.468045,36.780766],[127.468094,36.780696]],[[127.468045,36.780766],[127.467909,36.780703]],[[127.46799,36.780719],[127.468056,36.78075]],[[127.468003,36.780705],[127.468067,36.780734]],[[127.468016,36.78069],[127.468078,36.780719]],[[127.468028,36.780675],[127.468089,36.780703]],[[127.468094,36.780696],[127.468159,36.78061]],[[127.468094,36.780696],[127.467975,36.780641]],[[127.468049,36.780652],[127.468106,36.78068]],[[127.468062,36.780638],[127.468118,36.780665]],[[127.468075,36.780623],[127.468129,36.780649]],[[127.468089,36.780608],[127.468141,36.780634]],[[127.4681,36.780593],[127.468152,36.780618]],[[127.468159,36.78061],[127.46819,36.780569]],[[127.46819,36.780569],[127.468084,36.780529]],[[127.468084,36.780529],[127.46789,36.780439]],[[127.467986,36.780483],[127.467931,36.780552]],[[127.46789,36.780439],[127.467702,36.780338]],[[127.46789,36.780439],[127.467841,36.78051]],[[127.467795,36.780388],[127.467737,36.780455]],[[127.467702,36.780338],[127.46759,36.780275]],[[127.467702,36.780338],[127.467644,36.780405]],[[127.46761,36.780287],[127.467552,36.780353]],[[127.467215,36.780025],[127.467021,36.780019]],[[127.467195,36.780129],[127.4672,36.780025]],[[127.467167,36.780236],[127.467177,36.780024]],[[127.46715,36.780132],[127.467155,36.780024]],[[127.467132,36.780023],[127.467127,36.780134]],[[127.467105,36.780136],[127.46711,36.780022]],[[127.467082,36.780137],[127.467088,36.780022]],[[127.46706,36.780139],[127.467065,36.780021]],[[127.467037,36.780141],[127.467043,36.78002]],[[127.467021,36.780019],[127.466829,36.780013]],[[127.467021,36.780019],[127.467015,36.780143]],[[127.466992,36.780143],[127.466998,36.780019]],[[127.46699,36.780143],[127.466816,36.780131]],[[127.466987,36.780161],[127.466814,36.780148]],[[127.466984,36.780179],[127.466812,36.780166]],[[127.466809,36.780184],[127.466789,36.780364]],[[127.466809,36.780184],[127.466981,36.780197]],[[127.466978,36.780215],[127.466807,36.780202]],[[127.466975,36.780233],[127.466805,36.78022]],[[127.466972,36.780251],[127.466803,36.780238]],[[127.466969,36.780269],[127.466801,36.780256]],[[127.466799,36.780274],[127.467132,36.780299]],[[127.466962,36.780304],[127.466797,36.780292]],[[127.466959,36.780322],[127.466795,36.78031]],[[127.466956,36.78034],[127.466793,36.780328]],[[127.466953,36.780358],[127.466791,36.780346]],[[127.466789,36.780364],[127.466784,36.780409]],[[127.466789,36.780364],[127.467112,36.780388]],[[127.466947,36.780394],[127.466787,36.780382]],[[127.466944,36.780412],[127.466785,36.7804]],[[127.466784,36.780409],[127.466805,36.780539]],[[127.466949,36.780461],[127.466795,36.780477]],[[127.466946,36.780443],[127.466792,36.780459]],[[127.466943,36.780425],[127.466789,36.780441]],[[127.466798,36.780495],[127.467105,36.780463]],[[127.466954,36.780497],[127.4668,36.780512]],[[127.466956,36.780515],[127.466803,36.78053]],[[127.466805,36.780539],[127.466784,36.780722]],[[127.46695,36.780572],[127.466802,36.780561]],[[127.466952,36.780554],[127.466804,36.780543]],[[127.467096,36.780601],[127.4668,36.780579]],[[127.466946,36.780608],[127.466798,36.780597]],[[127.466943,36.780625],[127.466796,36.780615]],[[127.466794,36.780632],[127.466941,36.780643]],[[127.466939,36.780661],[127.466792,36.78065]],[[127.466936,36.780679],[127.46679,36.780668]],[[127.466934,36.780697],[127.466788,36.780686]],[[127.466781,36.780749],[127.466854,36.780812]],[[127.467941,36.780913],[127.4679,36.780814]],[[127.467499,36.780788],[127.467488,36.780879]],[[127.467476,36.780786],[127.467466,36.780878]],[[127.466829,36.780013],[127.466991,36.780143]],[[127.467136,36.779937],[127.467081,36.779944],[127.467027,36.779953],[127.466974,36.779965],[127.466922,36.77998]],[[127.467466,36.779917],[127.467401,36.779893],[127.467364,36.779882],[127.467326,36.779873],[127.467287,36.779867],[127.467248,36.779864],[127.466846,36.779852],[127.4668,36.779886],[127.466799,36.779908],[127.466797,36.779931],[127.466795,36.779954],[127.466793,36.779976]],[[127.467432,36.779979],[127.467366,36.779955],[127.467337,36.779946],[127.467307,36.779939],[127.467276,36.779934],[127.467245,36.779932],[127.467135,36.779928]],[[127.467427,36.779987],[127.467362,36.779963],[127.467333,36.779954],[127.467304,36.779947],[127.467275,36.779943],[127.467244,36.779941],[127.467136,36.779937]],[[127.467633,36.780248],[127.467622,36.780192],[127.467597,36.78014],[127.467514,36.779992],[127.467471,36.779914]],[[127.467466,36.779917],[127.467432,36.779979]],[[127.467364,36.779881],[127.467337,36.779945]],[[127.467254,36.779864],[127.467249,36.779932]],[[127.467142,36.779861],[127.467139,36.779928]],[[127.467342,36.779956],[127.467317,36.78001]],[[127.467232,36.77994],[127.46723,36.77999]],[[127.46712,36.779939],[127.467128,36.779987]],[[127.466823,36.779869],[127.466853,36.779895]],[[127.466807,36.779881],[127.466837,36.779907]],[[127.46684,36.779857],[127.46687,36.779883]],[[127.466795,36.779954],[127.46684,36.779955]],[[127.466796,36.779936],[127.466841,36.779937]],[[127.466798,36.779918],[127.466843,36.779919]],[[127.466495,36.776182],[127.466433,36.776196],[127.466375,36.776219],[127.466323,36.776249],[127.466278,36.776286],[127.466277,36.776286],[127.466276,36.776287],[127.466276,36.776288],[127.466275,36.776288],[127.466242,36.776333],[127.466219,36.776381],[127.466209,36.776431],[127.46621,36.776483],[127.466226,36.7766],[127.466248,36.776789],[127.466713,36.77881],[127.466759,36.779044],[127.46679,36.779279],[127.466806,36.779515],[127.466807,36.779752]],[[127.466504,36.776217],[127.466449,36.77623],[127.466399,36.77625],[127.466353,36.776276],[127.466313,36.776308],[127.466312,36.776308],[127.466312,36.776309],[127.466312,36.776309],[127.466311,36.77631],[127.466282,36.776348],[127.466263,36.77639],[127.466253,36.776434],[127.466254,36.776479]],[[127.466513,36.776252],[127.466466,36.776263],[127.466422,36.77628],[127.466383,36.776303],[127.466348,36.776331],[127.466348,36.776331],[127.466347,36.776331],[127.466347,36.776331],[127.466347,36.776331],[127.466322,36.776364],[127.466306,36.776399],[127.466298,36.776437],[127.466299,36.776475]],[[127.466522,36.776288],[127.466482,36.776297],[127.466446,36.776311],[127.466412,36.77633],[127.466383,36.776353],[127.466363,36.77638],[127.466349,36.776409],[127.466341,36.77644],[127.466338,36.776471]],[[127.466483,36.77781],[127.466497,36.777716]],[[127.466483,36.77781],[127.466605,36.777884]],[[127.4678,36.780349],[127.467619,36.780248]],[[127.467619,36.780248],[127.467386,36.780051]],[[127.46759,36.780275],[127.467353,36.780076]],[[127.467215,36.780025],[127.467254,36.78003],[127.46729,36.78004],[127.467324,36.780055],[127.467353,36.780076]],[[127.467217,36.779989],[127.467264,36.779995],[127.467309,36.780007],[127.46735,36.780026],[127.467386,36.780051]],[[127.467515,36.78028],[127.467557,36.780248]],[[127.467498,36.780268],[127.467542,36.780235]],[[127.467526,36.780222],[127.467435,36.780292]],[[127.467463,36.780246],[127.467511,36.780209]],[[127.467445,36.780234],[127.467495,36.780196]],[[127.467272,36.780129],[127.467342,36.780067]],[[127.467427,36.780223],[127.46748,36.780183]],[[127.467262,36.780127],[127.467326,36.780056]],[[127.467409,36.780212],[127.467465,36.78017]],[[127.467449,36.780157],[127.467334,36.780244]],[[127.467374,36.780189],[127.467434,36.780143]],[[127.467356,36.780178],[127.467418,36.78013]],[[127.467338,36.780167],[127.467403,36.780117]],[[127.467321,36.780155],[127.467387,36.780104]],[[127.467372,36.780091],[127.467303,36.780144]],[[127.467285,36.780133],[127.467356,36.780078]],[[127.467291,36.78004],[127.467243,36.780125]],[[127.467252,36.780126],[127.467309,36.780048]],[[127.467234,36.780126],[127.467273,36.780034]],[[127.467135,36.779928],[127.467079,36.779934],[127.467025,36.779944],[127.466972,36.77996],[127.466922,36.77998]],[[127.467225,36.780126],[127.467253,36.78003]],[[127.467217,36.780127],[127.467233,36.780027]],[[127.467208,36.780128],[127.467213,36.780025]],[[127.467427,36.779987],[127.467586,36.780121]],[[127.467573,36.780098],[127.467432,36.779979]],[[127.467458,36.780013],[127.467397,36.78006]],[[127.467535,36.780078],[127.467474,36.780125]],[[127.467606,36.780161],[127.467541,36.780182]],[[127.453515,36.771216],[127.453485,36.77116]],[[127.46197,36.773761],[127.462165,36.773752],[127.462826,36.773653],[127.463016,36.773605]],[[127.461986,36.773751],[127.462163,36.773743],[127.462824,36.773644],[127.462995,36.7736]],[[127.462044,36.773717],[127.462156,36.773712],[127.462817,36.773613],[127.462888,36.773579]],[[127.462061,36.773707],[127.462154,36.773703],[127.462374,36.77367],[127.462494,36.773652],[127.462815,36.773604],[127.462873,36.773576]],[[127.463512,36.773665],[127.463276,36.773631],[127.463044,36.77361],[127.462805,36.773562],[127.462564,36.773505],[127.46247,36.773546],[127.462353,36.773578],[127.462144,36.773659],[127.461943,36.773777],[127.461739,36.773882],[127.461527,36.773951],[127.46131,36.773996]],[[127.461758,36.773872],[127.463325,36.773638]],[[127.461798,36.773851],[127.461952,36.773815],[127.463221,36.773626]],[[127.461314,36.774012],[127.461532,36.77397],[127.461752,36.773937],[127.461972,36.773904]],[[127.461311,36.774003],[127.46153,36.773961],[127.46197,36.773895]],[[127.462171,36.773648],[127.462367,36.773639],[127.462587,36.773606],[127.462782,36.773557]],[[127.462197,36.773638],[127.462365,36.77363],[127.462585,36.773597],[127.462762,36.773552]],[[127.462354,36.773577],[127.462478,36.773581],[127.462578,36.773566],[127.462658,36.773527]],[[127.462384,36.773569],[127.462476,36.773572],[127.462576,36.773558],[127.462645,36.773524]],[[127.462531,36.77352],[127.462567,36.77352],[127.462589,36.773511]],[[127.462551,36.773511],[127.462565,36.773511],[127.462574,36.773507]],[[127.461335,36.774105],[127.463317,36.77381]],[[127.463317,36.77381],[127.464186,36.77368]],[[127.463394,36.773648],[127.463406,36.773701]],[[127.46328,36.773645],[127.463312,36.773784]],[[127.463258,36.773648],[127.463274,36.773718]],[[127.463236,36.773652],[127.463251,36.773721]],[[127.463213,36.773655],[127.463229,36.773724]],[[127.463191,36.773658],[127.463207,36.773728]],[[127.463169,36.773662],[127.463201,36.7738]],[[127.463147,36.773665],[127.463163,36.773734]],[[127.463125,36.773668],[127.463141,36.773737]],[[127.463103,36.773671],[127.463119,36.773741]],[[127.463081,36.773675],[127.463097,36.773744]],[[127.463059,36.773678],[127.463091,36.773817]],[[127.463037,36.773681],[127.463053,36.773751]],[[127.463015,36.773685],[127.463031,36.773754]],[[127.462993,36.773688],[127.463009,36.773757]],[[127.462971,36.773691],[127.462987,36.77376]],[[127.462949,36.773694],[127.462981,36.773833]],[[127.462927,36.773698],[127.462943,36.773767]],[[127.462905,36.773701],[127.462921,36.77377]],[[127.462883,36.773704],[127.462899,36.773774]],[[127.462861,36.773707],[127.462877,36.773777]],[[127.462839,36.773711],[127.462871,36.77385]],[[127.462817,36.773714],[127.462833,36.773783]],[[127.462795,36.773717],[127.462811,36.773787]],[[127.462773,36.773721],[127.462789,36.77379]],[[127.462751,36.773724],[127.462767,36.773793]],[[127.462729,36.773727],[127.462761,36.773866]],[[127.462707,36.77373],[127.462723,36.7738]],[[127.462685,36.773734],[127.462701,36.773803]],[[127.462663,36.773737],[127.462679,36.773806]],[[127.462641,36.77374],[127.462657,36.77381]],[[127.462619,36.773744],[127.462651,36.773882]],[[127.462597,36.773747],[127.462613,36.773816]],[[127.462575,36.77375],[127.462591,36.77382]],[[127.462553,36.773753],[127.462569,36.773823]],[[127.462531,36.773757],[127.462547,36.773826]],[[127.462509,36.77376],[127.462541,36.773899]],[[127.462487,36.773763],[127.462503,36.773833]],[[127.462465,36.773767],[127.462481,36.773836]],[[127.462443,36.77377],[127.462458,36.773839]],[[127.46242,36.773773],[127.462436,36.773843]],[[127.462353,36.773578],[127.462365,36.77363]],[[127.462398,36.773776],[127.46243,36.773915]],[[127.462376,36.77378],[127.462392,36.773849]],[[127.462354,36.773783],[127.46237,36.773852]],[[127.462332,36.773786],[127.462348,36.773856]],[[127.46231,36.77379],[127.462326,36.773859]],[[127.462288,36.773793],[127.46232,36.773932]],[[127.462266,36.773796],[127.462282,36.773865]],[[127.462244,36.773799],[127.46226,36.773869]],[[127.462222,36.773803],[127.462238,36.773872]],[[127.4622,36.773806],[127.462216,36.773875]],[[127.462178,36.773809],[127.46221,36.773948]],[[127.462156,36.773812],[127.462172,36.773882]],[[127.462134,36.773816],[127.46215,36.773885]],[[127.462112,36.773819],[127.462128,36.773888]],[[127.46209,36.773822],[127.462106,36.773892]],[[127.462068,36.773826],[127.4621,36.773964]],[[127.462046,36.773829],[127.462062,36.773898]],[[127.462024,36.773832],[127.46204,36.773902]],[[127.462002,36.773835],[127.462018,36.773905]],[[127.46198,36.773839],[127.461996,36.773908]],[[127.461958,36.773842],[127.46197,36.773895]],[[127.461972,36.773904],[127.46199,36.773981]],[[127.461848,36.773858],[127.46186,36.773912]],[[127.461862,36.773921],[127.46188,36.773997]],[[127.461739,36.773882],[127.46175,36.773928]],[[127.461752,36.773937],[127.46177,36.774014]],[[127.461642,36.773953],[127.461659,36.77403]],[[127.461532,36.77397],[127.461548,36.774041]],[[127.461423,36.773991],[127.461437,36.774053]],[[127.461314,36.774012],[127.461326,36.774065]],[[127.463407,36.773706],[127.463422,36.773767]],[[127.463518,36.773689],[127.463532,36.773751]],[[127.454372,36.774679],[127.454329,36.774863],[127.454503,36.775037]],[[127.453256,36.771891],[127.45314,36.772],[127.453117,36.772186],[127.453105,36.772371],[127.453096,36.772556],[127.453185,36.772726],[127.453299,36.772892],[127.453501,36.772954]],[[127.453445,36.772937],[127.453268,36.772164],[127.45321,36.771989],[127.4532,36.771943]],[[127.453209,36.771935],[127.453221,36.771988],[127.453279,36.772162],[127.453458,36.772941]],[[127.45339,36.77292],[127.453218,36.772171],[127.45314,36.772]],[[127.453403,36.772924],[127.453229,36.772169],[127.45314,36.772]],[[127.45329,36.772879],[127.453171,36.772362],[127.453117,36.772186]],[[127.453117,36.772186],[127.45316,36.772363],[127.453273,36.772854]],[[127.453213,36.772767],[127.453162,36.772546],[127.453105,36.772371]],[[127.453105,36.772371],[127.453151,36.772548],[127.453195,36.772742]],[[127.45314,36.772],[127.45321,36.771989]],[[127.453163,36.772179],[127.453218,36.772171]],[[127.453105,36.772371],[127.45316,36.772363]],[[127.454613,36.77567],[127.454583,36.775718],[127.454589,36.775761],[127.454668,36.775819]],[[127.454552,36.775173],[127.45447,36.775185]],[[127.454573,36.775262],[127.45449,36.775274]],[[127.454593,36.77535],[127.45451,36.775362]],[[127.454613,36.775439],[127.454531,36.775451]],[[127.454634,36.775527],[127.454561,36.775538]],[[127.454523,36.775047],[127.454451,36.775188],[127.454484,36.775366],[127.454517,36.775491],[127.454561,36.775538],[127.454617,36.775621],[127.454655,36.775707],[127.454673,36.775749],[127.454709,36.775883],[127.45475,36.77606],[127.454793,36.776237],[127.454845,36.776371]],[[127.454503,36.775037],[127.454427,36.775186],[127.454461,36.77537],[127.454495,36.775499],[127.454541,36.775548],[127.454595,36.775629],[127.454632,36.775711],[127.45465,36.775752],[127.454686,36.775886],[127.454727,36.776063],[127.45477,36.776241],[127.454836,36.776414],[127.454857,36.776502],[127.454877,36.776591],[127.454865,36.776773],[127.454879,36.776958],[127.454965,36.777108],[127.454983,36.777125],[127.455025,36.777306]],[[127.454802,36.77651],[127.454857,36.776502]],[[127.454969,36.776944],[127.454902,36.776954]],[[127.454954,36.776854],[127.454895,36.776863]],[[127.453738,36.773304],[127.453788,36.773479],[127.453838,36.773655],[127.453897,36.77383],[127.453992,36.773999],[127.454131,36.774161],[127.454323,36.774316],[127.454492,36.774474],[127.454612,36.77464],[127.454689,36.774811],[127.454743,36.774987]],[[127.454697,36.774836],[127.45464,36.774844]],[[127.454661,36.774749],[127.454605,36.774758]],[[127.454623,36.774663],[127.454563,36.774672]],[[127.454569,36.77458],[127.454512,36.774588]],[[127.454509,36.774497],[127.454451,36.774506]],[[127.454254,36.77426],[127.454194,36.774269]],[[127.458176,36.772842],[127.458178,36.772844],[127.458181,36.772846],[127.458184,36.772847],[127.458186,36.772849],[127.458189,36.772851],[127.458192,36.772852],[127.458194,36.772854],[127.458197,36.772856],[127.458199,36.772857],[127.458202,36.772859],[127.458205,36.772861],[127.458207,36.772862],[127.45821,36.772864],[127.458212,36.772866],[127.458215,36.772868],[127.458217,36.772869],[127.45822,36.772871],[127.458222,36.772873],[127.458225,36.772875],[127.458227,36.772877],[127.45823,36.772878],[127.458232,36.77288],[127.458235,36.772882],[127.458237,36.772884],[127.45824,36.772886],[127.458242,36.772888],[127.458244,36.77289],[127.458247,36.772891],[127.458249,36.772893],[127.458251,36.772895],[127.458254,36.772897],[127.458256,36.772899],[127.458258,36.772901],[127.458261,36.772903],[127.458263,36.772905],[127.458265,36.772907],[127.458268,36.772909],[127.45827,36.772911],[127.458272,36.772913],[127.458274,36.772915],[127.458277,36.772917],[127.458279,36.772919],[127.458281,36.772921],[127.458283,36.772923],[127.458285,36.772925],[127.458288,36.772927],[127.45829,36.772929],[127.458292,36.772931],[127.458294,36.772933],[127.458296,36.772935],[127.458298,36.772937],[127.4583,36.77294],[127.458302,36.772942],[127.458305,36.772944],[127.458307,36.772946],[127.458309,36.772948],[127.458311,36.77295],[127.458313,36.772952],[127.458315,36.772955],[127.458317,36.772957],[127.458319,36.772959],[127.458321,36.772961],[127.458322,36.772963],[127.458324,36.772966],[127.458326,36.772968],[127.458328,36.77297],[127.45833,36.772972],[127.458332,36.772974],[127.458334,36.772977],[127.458336,36.772979],[127.458338,36.772981],[127.458339,36.772983],[127.458341,36.772986],[127.458343,36.772988],[127.458345,36.77299],[127.458346,36.772993],[127.458348,36.772995],[127.45835,36.772997],[127.458352,36.772999],[127.458353,36.773002],[127.458355,36.773004],[127.458357,36.773006],[127.458358,36.773009],[127.45836,36.773011],[127.458362,36.773013],[127.458363,36.773016],[127.458365,36.773018],[127.458366,36.773021],[127.458368,36.773023],[127.45837,36.773025],[127.458371,36.773028],[127.458373,36.77303],[127.458374,36.773033],[127.458376,36.773035],[127.458377,36.773037],[127.458379,36.77304],[127.45838,36.773042],[127.458382,36.773045],[127.458383,36.773047],[127.458384,36.77305],[127.458386,36.773052],[127.458387,36.773055],[127.458388,36.773057],[127.458389,36.77306],[127.45839,36.773062],[127.458392,36.773065],[127.458393,36.773067],[127.458394,36.77307],[127.458395,36.773073],[127.458396,36.773075],[127.458397,36.773078],[127.458398,36.77308],[127.458399,36.773083],[127.4584,36.773085],[127.458402,36.773088],[127.458403,36.773091],[127.458404,36.773093],[127.458405,36.773096],[127.458405,36.773098],[127.458406,36.773101],[127.458407,36.773104],[127.458408,36.773106],[127.458409,36.773109],[127.45841,36.773112],[127.458411,36.773114],[127.458412,36.773117],[127.458413,36.773119],[127.458413,36.773122],[127.458414,36.773125],[127.458415,36.773127],[127.458416,36.77313],[127.458417,36.773133],[127.458417,36.773135],[127.458418,36.773138],[127.458419,36.773141],[127.458419,36.773143],[127.45842,36.773146],[127.458421,36.773149],[127.458421,36.773151],[127.458422,36.773154],[127.458422,36.773156],[127.458423,36.773157],[127.458423,36.773159],[127.458424,36.773161],[127.458424,36.773163],[127.458424,36.773165],[127.458425,36.773166],[127.458425,36.773168],[127.458426,36.77317],[127.458426,36.773172],[127.458426,36.773173],[127.458427,36.773175],[127.458427,36.773177],[127.458428,36.773179],[127.458428,36.773181],[127.458428,36.773182],[127.458429,36.773184],[127.458429,36.773186],[127.45843,36.773188],[127.45843,36.773189],[127.458431,36.773191],[127.458431,36.773193],[127.458431,36.773195],[127.458432,36.773196],[127.458432,36.773198],[127.458433,36.7732],[127.458433,36.773202],[127.458433,36.773204],[127.458434,36.773205],[127.458434,36.773207],[127.458435,36.773209],[127.458435,36.773211],[127.458435,36.773212],[127.458436,36.773214],[127.458436,36.773216],[127.458437,36.773218],[127.458437,36.773219],[127.458437,36.773221],[127.458438,36.773223],[127.458438,36.773225],[127.458439,36.773227],[127.458439,36.773228],[127.45844,36.77323],[127.45844,36.773232],[127.45844,36.773234],[127.458441,36.773235]],[[127.458183,36.772835],[127.458185,36.772837],[127.458188,36.772839],[127.458191,36.77284],[127.458194,36.772842],[127.458196,36.772844],[127.458199,36.772845],[127.458202,36.772847],[127.458204,36.772849],[127.458207,36.772851],[127.458209,36.772852],[127.458212,36.772854],[127.458215,36.772856],[127.458217,36.772858],[127.45822,36.772859],[127.458222,36.772861],[127.458225,36.772863],[127.458228,36.772865],[127.45823,36.772867],[127.458233,36.772868],[127.458235,36.77287],[127.458238,36.772872],[127.45824,36.772874],[127.458243,36.772876],[127.458245,36.772878],[127.458248,36.77288],[127.45825,36.772882],[127.458253,36.772883],[127.458255,36.772885],[127.458257,36.772887],[127.45826,36.772889],[127.458262,36.772891],[127.458265,36.772893],[127.458267,36.772895],[127.458269,36.772897],[127.458272,36.772899],[127.458274,36.772901],[127.458276,36.772903],[127.458279,36.772905],[127.458281,36.772907],[127.458283,36.772909],[127.458285,36.772911],[127.458288,36.772913],[127.45829,36.772915],[127.458292,36.772917],[127.458294,36.77292],[127.458297,36.772922],[127.458299,36.772924],[127.458301,36.772926],[127.458303,36.772928],[127.458305,36.77293],[127.458307,36.772932],[127.458309,36.772934],[127.458312,36.772936],[127.458314,36.772939],[127.458316,36.772941],[127.458318,36.772943],[127.45832,36.772945],[127.458322,36.772947],[127.458324,36.77295],[127.458326,36.772952],[127.458328,36.772954],[127.45833,36.772956],[127.458332,36.772958],[127.458334,36.772961],[127.458336,36.772963],[127.458338,36.772965],[127.45834,36.772967],[127.458342,36.77297],[127.458343,36.772972],[127.458345,36.772974],[127.458347,36.772977],[127.458349,36.772979],[127.458351,36.772981],[127.458353,36.772984],[127.458355,36.772986],[127.458356,36.772988],[127.458358,36.772991],[127.45836,36.772993],[127.458362,36.772995],[127.458363,36.772998],[127.458365,36.773],[127.458367,36.773002],[127.458368,36.773005],[127.45837,36.773007],[127.458372,36.77301],[127.458373,36.773012],[127.458375,36.773014],[127.458377,36.773017],[127.458378,36.773019],[127.45838,36.773022],[127.458381,36.773024],[127.458383,36.773026],[127.458384,36.773029],[127.458386,36.773031],[127.458387,36.773034],[127.458389,36.773036],[127.45839,36.773039],[127.458392,36.773041],[127.458393,36.773044],[127.458395,36.773046],[127.458396,36.773049],[127.458397,36.773051],[127.458399,36.773054],[127.4584,36.773057],[127.458401,36.773059],[127.458402,36.773062],[127.458403,36.773064],[127.458404,36.773067],[127.458406,36.77307],[127.458407,36.773072],[127.458408,36.773075],[127.458409,36.773077],[127.45841,36.77308],[127.458411,36.773083],[127.458412,36.773085],[127.458413,36.773088],[127.458414,36.773091],[127.458415,36.773093],[127.458416,36.773096],[127.458417,36.773099],[127.458418,36.773101],[127.458419,36.773104],[127.45842,36.773107],[127.458421,36.773109],[127.458422,36.773112],[127.458423,36.773115],[127.458423,36.773117],[127.458424,36.77312],[127.458425,36.773123],[127.458426,36.773125],[127.458427,36.773128],[127.458427,36.773131],[127.458428,36.773133],[127.458429,36.773136],[127.45843,36.773139],[127.45843,36.773142],[127.458431,36.773144],[127.458432,36.773147],[127.458432,36.77315],[127.458433,36.773152],[127.458433,36.773154],[127.458434,36.773156],[127.458434,36.773158],[127.458435,36.773159],[127.458435,36.773161],[127.458435,36.773163],[127.458436,36.773165],[127.458436,36.773166],[127.458437,36.773168],[127.458437,36.77317],[127.458437,36.773172],[127.458438,36.773174],[127.458438,36.773175],[127.458439,36.773177],[127.458439,36.773179],[127.45844,36.773181],[127.45844,36.773182],[127.45844,36.773184],[127.458441,36.773186],[127.458441,36.773188],[127.458442,36.773189],[127.458442,36.773191],[127.458442,36.773193],[127.458443,36.773195]],[[127.458225,36.772794],[127.458228,36.772795],[127.45823,36.772797],[127.458233,36.772798],[127.458235,36.7728],[127.458237,36.772801],[127.45824,36.772803],[127.458242,36.772804],[127.458244,36.772806],[127.458247,36.772807],[127.458249,36.772809],[127.458252,36.77281],[127.458254,36.772812],[127.458256,36.772813],[127.458258,36.772815],[127.458261,36.772816],[127.458263,36.772818],[127.458265,36.77282],[127.458268,36.772821],[127.45827,36.772823],[127.458272,36.772824],[127.458274,36.772826],[127.458277,36.772828],[127.458279,36.772829],[127.458281,36.772831],[127.458283,36.772832],[127.458286,36.772834],[127.458288,36.772836],[127.45829,36.772837],[127.458292,36.772839],[127.458294,36.772841],[127.458297,36.772842],[127.458299,36.772844],[127.458301,36.772846],[127.458303,36.772848],[127.458305,36.772849],[127.458307,36.772851],[127.458309,36.772853],[127.458312,36.772854],[127.458314,36.772856],[127.458316,36.772858],[127.458318,36.77286],[127.45832,36.772861],[127.458322,36.772863],[127.458324,36.772865],[127.458326,36.772867],[127.458328,36.772869],[127.45833,36.77287],[127.458332,36.772872],[127.458334,36.772874],[127.458336,36.772876],[127.458338,36.772878],[127.45834,36.772879],[127.458342,36.772881],[127.458344,36.772883],[127.458346,36.772885],[127.458348,36.772887],[127.45835,36.772889],[127.458352,36.772891],[127.458354,36.772892],[127.458356,36.772894],[127.458358,36.772896],[127.45836,36.772898],[127.458361,36.7729],[127.458363,36.772902],[127.458365,36.772904],[127.458367,36.772906],[127.458369,36.772908],[127.458371,36.77291],[127.458373,36.772912],[127.458374,36.772913],[127.458376,36.772915],[127.458378,36.772917],[127.45838,36.772919],[127.458382,36.772921],[127.458383,36.772923],[127.458385,36.772925],[127.458387,36.772927],[127.458389,36.772929],[127.45839,36.772931],[127.458392,36.772933],[127.458394,36.772935],[127.458395,36.772937],[127.458397,36.772939],[127.458399,36.772941],[127.4584,36.772943],[127.458402,36.772945],[127.458404,36.772947],[127.458405,36.772949],[127.458407,36.772951],[127.458409,36.772953],[127.45841,36.772956],[127.458412,36.772958],[127.458413,36.77296],[127.458415,36.772962],[127.458417,36.772964],[127.458418,36.772966],[127.45842,36.772968],[127.458421,36.77297],[127.458423,36.772972],[127.458424,36.772974]],[[127.458218,36.772801],[127.458221,36.772802],[127.458224,36.772804],[127.458227,36.772806],[127.458229,36.772807],[127.458232,36.772809],[127.458235,36.772811],[127.458237,36.772812],[127.45824,36.772814],[127.458243,36.772816],[127.458245,36.772818],[127.458248,36.77282],[127.458251,36.772821],[127.458253,36.772823],[127.458256,36.772825],[127.458259,36.772827],[127.458261,36.772828],[127.458264,36.77283],[127.458266,36.772832],[127.458269,36.772834],[127.458271,36.772836],[127.458274,36.772838],[127.458276,36.77284],[127.458279,36.772841],[127.458282,36.772843],[127.458284,36.772845],[127.458286,36.772847],[127.458289,36.772849],[127.458291,36.772851],[127.458294,36.772853],[127.458296,36.772855],[127.458299,36.772857],[127.458301,36.772859],[127.458304,36.772861],[127.458306,36.772863],[127.458308,36.772865],[127.458311,36.772867],[127.458313,36.772869],[127.458315,36.772871],[127.458318,36.772873],[127.45832,36.772875],[127.458322,36.772877],[127.458325,36.772879],[127.458327,36.772881],[127.458329,36.772883],[127.458332,36.772885],[127.458334,36.772887],[127.458336,36.772889],[127.458338,36.772892],[127.458341,36.772894],[127.458343,36.772896],[127.458345,36.772898],[127.458347,36.7729],[127.458349,36.772902],[127.458351,36.772904],[127.458354,36.772907],[127.458356,36.772909],[127.458358,36.772911],[127.45836,36.772913],[127.458362,36.772915],[127.458364,36.772918],[127.458366,36.77292],[127.458368,36.772922],[127.45837,36.772924],[127.458372,36.772926],[127.458374,36.772929],[127.458376,36.772931],[127.458378,36.772933],[127.45838,36.772935],[127.458382,36.772938],[127.458384,36.77294],[127.458386,36.772942],[127.458388,36.772945],[127.45839,36.772947],[127.458392,36.772949],[127.458394,36.772952],[127.458396,36.772954],[127.458398,36.772956],[127.458399,36.772959],[127.458401,36.772961],[127.458403,36.772963],[127.458405,36.772966],[127.458407,36.772968],[127.458408,36.77297],[127.45841,36.772973],[127.458412,36.772975],[127.458414,36.772978],[127.458415,36.77298],[127.458417,36.772982],[127.458419,36.772985],[127.45842,36.772987],[127.458422,36.77299],[127.458424,36.772992],[127.458425,36.772994],[127.458427,36.772997],[127.458429,36.772999],[127.45843,36.773002],[127.458432,36.773004],[127.458433,36.773007],[127.458435,36.773009],[127.458436,36.773012]],[[127.458439,36.773261],[127.458446,36.773132],[127.458447,36.773128],[127.458447,36.773124],[127.458447,36.77312],[127.458447,36.773116],[127.458448,36.773112],[127.458448,36.773107],[127.458448,36.773103],[127.458448,36.773099],[127.458448,36.773095],[127.458448,36.773091],[127.458448,36.773087],[127.458447,36.773083],[127.458447,36.773079],[127.458447,36.773075],[127.458447,36.77307],[127.458446,36.773066],[127.458446,36.773062],[127.458445,36.773058],[127.458445,36.773054],[127.458444,36.77305],[127.458444,36.773046],[127.458443,36.773042],[127.458442,36.773038],[127.458441,36.773034],[127.458441,36.77303],[127.45844,36.773026],[127.458439,36.773022],[127.458438,36.773017],[127.458437,36.773013],[127.458436,36.773009],[127.458435,36.773005],[127.458433,36.773001],[127.458432,36.772997],[127.458431,36.772993],[127.45843,36.772989],[127.458428,36.772985],[127.458427,36.772982],[127.458425,36.772978],[127.458424,36.772974],[127.458422,36.77297],[127.458421,36.772966],[127.458419,36.772962],[127.458417,36.772958],[127.458416,36.772954],[127.458414,36.77295],[127.458412,36.772946],[127.45841,36.772943],[127.458408,36.772939],[127.458406,36.772935],[127.458404,36.772931],[127.458402,36.772928],[127.4584,36.772924],[127.458398,36.77292],[127.458396,36.772916],[127.458393,36.772913],[127.458391,36.772909],[127.458389,36.772905],[127.458386,36.772902],[127.458384,36.772898],[127.458381,36.772894],[127.458379,36.772891],[127.458376,36.772887],[127.458374,36.772884],[127.458371,36.77288],[127.458368,36.772877],[127.458366,36.772873],[127.458363,36.77287],[127.45836,36.772866],[127.458357,36.772863],[127.458354,36.77286],[127.458351,36.772856],[127.458348,36.772853],[127.458345,36.77285],[127.458342,36.772846],[127.458339,36.772843],[127.458336,36.77284],[127.458333,36.772837],[127.45833,36.772833],[127.458326,36.77283],[127.458323,36.772827],[127.45832,36.772824],[127.458316,36.772821],[127.458313,36.772818],[127.45831,36.772815],[127.458306,36.772812],[127.458302,36.772809],[127.458299,36.772806],[127.458295,36.772803],[127.458292,36.7728],[127.458288,36.772797],[127.458284,36.772794],[127.458281,36.772791],[127.458277,36.772789],[127.458273,36.772786],[127.458269,36.772783],[127.458265,36.772781],[127.458261,36.772778],[127.458257,36.772775],[127.458253,36.772773],[127.458249,36.77277]],[[127.45835,36.772903],[127.458305,36.772929]],[[127.458426,36.773172],[127.458371,36.77318]],[[127.454503,36.775039],[127.454493,36.774975],[127.454479,36.774911],[127.454463,36.774848],[127.454444,36.774785],[127.454444,36.774785],[127.454443,36.774783],[127.454442,36.774781],[127.454441,36.77478],[127.454441,36.774778],[127.45444,36.774777],[127.454439,36.774775],[127.454438,36.774774],[127.454438,36.774772],[127.454437,36.77477],[127.454436,36.774769],[127.454435,36.774767],[127.454435,36.774766],[127.454434,36.774764],[127.454433,36.774763],[127.454432,36.774761],[127.454432,36.774759],[127.454431,36.774758],[127.45443,36.774756],[127.454429,36.774755],[127.454428,36.774753],[127.454428,36.774752],[127.454427,36.77475],[127.454426,36.774749],[127.454425,36.774747],[127.454424,36.774745],[127.454424,36.774744],[127.454423,36.774742],[127.454422,36.774741],[127.454421,36.774739],[127.45442,36.774738],[127.45442,36.774736],[127.454419,36.774735],[127.454418,36.774733],[127.454417,36.774732],[127.454416,36.77473],[127.454415,36.774728],[127.454415,36.774727],[127.454414,36.774725],[127.454413,36.774724],[127.454412,36.774722],[127.454411,36.774721],[127.45441,36.774719],[127.45441,36.774718],[127.454409,36.774716],[127.454408,36.774715],[127.454407,36.774713],[127.454406,36.774712],[127.454405,36.77471],[127.454404,36.774709],[127.454403,36.774707],[127.454403,36.774705],[127.454402,36.774704],[127.454401,36.774702],[127.4544,36.774701],[127.454399,36.774699],[127.454398,36.774698],[127.454397,36.774696],[127.454396,36.774695],[127.454395,36.774693],[127.454394,36.774692],[127.454394,36.77469],[127.454393,36.774689],[127.454392,36.774687],[127.454391,36.774686],[127.45439,36.774684],[127.454389,36.774683],[127.454388,36.774681],[127.454387,36.77468],[127.454386,36.774678],[127.454385,36.774677],[127.454384,36.774675],[127.454383,36.774674]],[[127.454456,36.77499],[127.454446,36.774941],[127.454434,36.774892],[127.454421,36.774843],[127.454406,36.774794],[127.454406,36.774794],[127.454405,36.774792],[127.454405,36.774791],[127.454404,36.774789],[127.454403,36.774788],[127.454402,36.774786],[127.454402,36.774785],[127.454401,36.774783],[127.4544,36.774782],[127.4544,36.77478],[127.454399,36.774779],[127.454398,36.774777],[127.454397,36.774776],[127.454397,36.774774],[127.454396,36.774773],[127.454395,36.774771],[127.454394,36.77477],[127.454394,36.774768],[127.454393,36.774767],[127.454392,36.774765],[127.454391,36.774764],[127.454391,36.774762],[127.45439,36.774761],[127.454389,36.774759],[127.454388,36.774758],[127.454388,36.774756],[127.454387,36.774755],[127.454386,36.774753],[127.454385,36.774752],[127.454384,36.77475],[127.454384,36.774749],[127.454383,36.774747],[127.454382,36.774746],[127.454381,36.774744],[127.45438,36.774743],[127.45438,36.774741],[127.454379,36.77474],[127.454378,36.774738],[127.454377,36.774737],[127.454376,36.774735],[127.454375,36.774734],[127.454375,36.774732],[127.454374,36.774731],[127.454373,36.774729],[127.454372,36.774728],[127.454371,36.774726],[127.45437,36.774725],[127.45437,36.774723],[127.454369,36.774722],[127.454368,36.77472],[127.454367,36.774719],[127.454366,36.774717],[127.454365,36.774716],[127.454364,36.774714],[127.454364,36.774713]],[[127.454442,36.774976],[127.454432,36.774931],[127.454422,36.774886],[127.454409,36.774841],[127.454395,36.774797],[127.454395,36.774796],[127.454394,36.774794],[127.454393,36.774792],[127.454393,36.774791],[127.454392,36.774789],[127.454391,36.774788],[127.454391,36.774786],[127.45439,36.774785],[127.454389,36.774783],[127.454388,36.774782],[127.454388,36.77478],[127.454387,36.774779],[127.454386,36.774777],[127.454385,36.774776],[127.454385,36.774774],[127.454384,36.774773],[127.454383,36.774771],[127.454382,36.77477],[127.454382,36.774768],[127.454381,36.774767],[127.45438,36.774765],[127.454379,36.774764],[127.454379,36.774762],[127.454378,36.774761],[127.454377,36.774759],[127.454376,36.774758],[127.454376,36.774757],[127.454375,36.774755],[127.454374,36.774754],[127.454373,36.774752],[127.454372,36.774751],[127.454372,36.774749],[127.454371,36.774748],[127.45437,36.774746],[127.454369,36.774745],[127.454368,36.774743],[127.454368,36.774742],[127.454367,36.77474],[127.454366,36.774739],[127.454365,36.774737],[127.454364,36.774736],[127.454364,36.774734],[127.454363,36.774733],[127.454362,36.774731],[127.454361,36.77473],[127.45436,36.774728],[127.45436,36.774728]],[[127.454369,36.774903],[127.454363,36.774879],[127.454356,36.774856],[127.454349,36.774833],[127.454342,36.774811],[127.454342,36.77481],[127.454341,36.774809]],[[127.454353,36.774887],[127.454349,36.774873],[127.454345,36.774858],[127.454341,36.774844],[127.454337,36.77483]],[[127.454356,36.774856],[127.45441,36.774842]],[[127.468711,36.775894],[127.468759,36.775935],[127.468801,36.77598],[127.468837,36.776029],[127.468866,36.77608],[127.468913,36.776155],[127.468937,36.776236],[127.468936,36.776318],[127.46891,36.776399],[127.468862,36.776553],[127.468764,36.776692],[127.468619,36.776819],[127.46845,36.77694],[127.468405,36.776987]],[[127.468759,36.775915],[127.468795,36.775937],[127.468827,36.775962],[127.468855,36.77599],[127.468878,36.776021],[127.468886,36.776032],[127.468904,36.776062],[127.468919,36.776092],[127.468933,36.776123],[127.468944,36.776154]],[[127.468379,36.777099],[127.468416,36.777063]],[[127.468428,36.777052],[127.46844,36.777039],[127.468741,36.77675],[127.468814,36.776669],[127.468873,36.776581],[127.468916,36.776488],[127.468943,36.77639],[127.46895,36.776332],[127.468949,36.776273],[127.468941,36.776215],[127.468926,36.776158]],[[127.468926,36.776158],[127.468943,36.776155]],[[127.468428,36.777052],[127.468407,36.777054],[127.468387,36.777053],[127.468368,36.777048],[127.468351,36.777039]],[[127.468344,36.777045],[127.46836,36.777054],[127.468378,36.77706],[127.468397,36.777063],[127.468416,36.777063]],[[127.468479,36.77692],[127.468523,36.77696]],[[127.468279,36.777084],[127.467927,36.776848]],[[127.468379,36.777099],[127.468353,36.777102],[127.468327,36.777101],[127.468302,36.777095],[127.468279,36.777084]]]}}]}