{"type":"FeatureCollection","features":[{"type":"Feature","properties":{"t":"NO 0+0.00","k":"chain","r":-63.2},"geometry":{"type":"Point","coordinates":[127.475213,36.781103]}},{"type":"Feature","properties":{"t":"NO 1+0.00","k":"chain","r":-63.2},"geometry":{"type":"Point","coordinates":[127.474958,36.780702]}},{"type":"Feature","properties":{"t":"NO 2+0.00","k":"chain","r":-72.7},"geometry":{"type":"Point","coordinates":[127.474723,36.780297]}},{"type":"Feature","properties":{"t":"NO 3+0.00","k":"chain","r":2.0},"geometry":{"type":"Point","coordinates":[127.474248,36.780119]}},{"type":"Feature","properties":{"t":"NO 4+0.00","k":"chain","r":-8.8},"geometry":{"type":"Point","coordinates":[127.473694,36.780091]}},{"type":"Feature","properties":{"t":"NO 5+0.00","k":"chain","r":9.6},"geometry":{"type":"Point","coordinates":[127.473134,36.780073]}},{"type":"Feature","properties":{"t":"NO 6+0.00","k":"chain","r":-17.7},"geometry":{"type":"Point","coordinates":[127.472589,36.780083]}},{"type":"Feature","properties":{"t":"NO 7+0.00","k":"chain","r":-57.3},"geometry":{"type":"Point","coordinates":[127.472225,36.779797]}},{"type":"Feature","properties":{"t":"NO 8+0.00","k":"chain","r":-51.2},"geometry":{"type":"Point","coordinates":[127.471891,36.779434]}},{"type":"Feature","properties":{"t":"NO 9+0.00","k":"chain","r":-55.1},"geometry":{"type":"Point","coordinates":[127.47154,36.779084]}},{"type":"Feature","properties":{"t":"NO 10+0.00","k":"chain","r":-53.1},"geometry":{"type":"Point","coordinates":[127.471226,36.778711]}},{"type":"Feature","properties":{"t":"NO 11+0.00","k":"chain","r":-36.2},"geometry":{"type":"Point","coordinates":[127.470787,36.778427]}},{"type":"Feature","properties":{"t":"NO 12+0.00","k":"chain","r":-23.0},"geometry":{"type":"Point","coordinates":[127.470388,36.778119]}},{"type":"Feature","properties":{"t":"NO 13+0.00","k":"chain","r":-48.4},"geometry":{"type":"Point","coordinates":[127.469934,36.77793]}},{"type":"Feature","properties":{"t":"NO 14+0.00","k":"chain","r":-6.1},"geometry":{"type":"Point","coordinates":[127.469665,36.777563]}},{"type":"Feature","properties":{"t":"NO 15+0.00","k":"chain","r":-35.3},"geometry":{"type":"Point","coordinates":[127.46913,36.777464]}},{"type":"Feature","properties":{"t":"NO 16+0.00","k":"chain","r":68.7},"geometry":{"type":"Point","coordinates":[127.469042,36.777051]}},{"type":"Feature","properties":{"t":"NO 17+0.00","k":"chain","r":40.5},"geometry":{"type":"Point","coordinates":[127.469317,36.776683]}},{"type":"Feature","properties":{"t":"NO 18+0.00","k":"chain","r":73.8},"geometry":{"type":"Point","coordinates":[127.469437,36.776247]}},{"type":"Feature","properties":{"t":"NO 19+0.00","k":"chain","r":73.8},"geometry":{"type":"Point","coordinates":[127.469534,36.775972]}},{"type":"Feature","properties":{"t":"NO 20+0.00","k":"chain","r":-72.6},"geometry":{"type":"Point","coordinates":[127.469545,36.775524]}},{"type":"Feature","properties":{"t":"NO 20+15.00","k":"chain","r":-72.6},"geometry":{"type":"Point","coordinates":[127.469494,36.775395]}},{"type":"Feature","properties":{"t":"L=115.0m","k":"note","r":-16.1},"geometry":{"type":"Point","coordinates":[127.463845,36.786277]}},{"type":"Feature","properties":{"t":"패널 옹벽","k":"note","r":-16.1},"geometry":{"type":"Point","coordinates":[127.463797,36.786409]}},{"type":"Feature","properties":{"t":"(H=1.5~6.0m)","k":"note","r":-16.1},"geometry":{"type":"Point","coordinates":[127.463822,36.78634]}},{"type":"Feature","properties":{"t":"진천메가폴리스 진입도로","k":"major","r":23.4},"geometry":{"type":"Point","coordinates":[127.474939,36.774903]}},{"type":"Feature","properties":{"t":"군도 3호선","k":"major","r":-11.9},"geometry":{"type":"Point","coordinates":[127.448964,36.782648]}},{"type":"Feature","properties":{"t":"No. 30+24","k":"chain","r":-49.6},"geometry":{"type":"Point","coordinates":[127.46645,36.787077]}},{"type":"Feature","properties":{"t":"EP","k":"chain","r":-49.6},"geometry":{"type":"Point","coordinates":[127.466366,36.787048]}},{"type":"Feature","properties":{"t":"No.30","k":"chain","r":-62.4},"geometry":{"type":"Point","coordinates":[127.466201,36.786823]}},{"type":"Feature","properties":{"t":"No.29","k":"chain","r":89.9},"geometry":{"type":"Point","coordinates":[127.466179,36.786614]}},{"type":"Feature","properties":{"t":"No.28","k":"chain","r":89.9},"geometry":{"type":"Point","coordinates":[127.46618,36.786389]}},{"type":"Feature","properties":{"t":"No.27","k":"chain","r":84.9},"geometry":{"type":"Point","coordinates":[127.466193,36.786167]}},{"type":"Feature","properties":{"t":"No.26","k":"chain","r":84.9},"geometry":{"type":"Point","coordinates":[127.466219,36.785942]}},{"type":"Feature","properties":{"t":"No.25","k":"chain","r":84.9},"geometry":{"type":"Point","coordinates":[127.466244,36.785718]}},{"type":"Feature","properties":{"t":"No.24","k":"chain","r":84.9},"geometry":{"type":"Point","coordinates":[127.46627,36.785494]}},{"type":"Feature","properties":{"t":"No.23","k":"chain","r":84.9},"geometry":{"type":"Point","coordinates":[127.466296,36.785269]}},{"type":"Feature","properties":{"t":"No.22","k":"chain","r":84.9},"geometry":{"type":"Point","coordinates":[127.466322,36.785045]}},{"type":"Feature","properties":{"t":"No.21","k":"chain","r":84.9},"geometry":{"type":"Point","coordinates":[127.466347,36.784821]}},{"type":"Feature","properties":{"t":"No.20","k":"chain","r":84.9},"geometry":{"type":"Point","coordinates":[127.466373,36.784596]}},{"type":"Feature","properties":{"t":"No.19","k":"chain","r":84.9},"geometry":{"type":"Point","coordinates":[127.466399,36.784372]}},{"type":"Feature","properties":{"t":"No.18","k":"chain","r":84.9},"geometry":{"type":"Point","coordinates":[127.466425,36.784148]}},{"type":"Feature","properties":{"t":"No.17","k":"chain","r":72.6},"geometry":{"type":"Point","coordinates":[127.466462,36.783931]}},{"type":"Feature","properties":{"t":"No.16","k":"chain","r":43.9},"geometry":{"type":"Point","coordinates":[127.466601,36.783755]}},{"type":"Feature","properties":{"t":"No.15","k":"chain","r":39.3},"geometry":{"type":"Point","coordinates":[127.466815,36.783614]}},{"type":"Feature","properties":{"t":"No.14","k":"chain","r":58.8},"geometry":{"type":"Point","coordinates":[127.466997,36.783431]}},{"type":"Feature","properties":{"t":"No.13","k":"chain","r":58.8},"geometry":{"type":"Point","coordinates":[127.467143,36.783239]}},{"type":"Feature","properties":{"t":"No.12","k":"chain","r":32.9},"geometry":{"type":"Point","coordinates":[127.467329,36.783092]}},{"type":"Feature","properties":{"t":"No.11","k":"chain","r":47.6},"geometry":{"type":"Point","coordinates":[127.467545,36.782939]}},{"type":"Feature","properties":{"t":"No.10","k":"chain","r":70.4},"geometry":{"type":"Point","coordinates":[127.467719,36.782751]}},{"type":"Feature","properties":{"t":"No.9","k":"chain","r":84.9},"geometry":{"type":"Point","coordinates":[127.467757,36.78252]}},{"type":"Feature","properties":{"t":"No.8","k":"chain","r":84.9},"geometry":{"type":"Point","coordinates":[127.467782,36.782296]}},{"type":"Feature","properties":{"t":"No.7","k":"chain","r":84.9},"geometry":{"type":"Point","coordinates":[127.467808,36.782072]}},{"type":"Feature","properties":{"t":"No.6","k":"chain","r":84.9},"geometry":{"type":"Point","coordinates":[127.467834,36.781847]}},{"type":"Feature","properties":{"t":"No.5","k":"chain","r":84.9},"geometry":{"type":"Point","coordinates":[127.46786,36.781623]}},{"type":"Feature","properties":{"t":"No.4","k":"chain","r":84.9},"geometry":{"type":"Point","coordinates":[127.467885,36.781399]}},{"type":"Feature","properties":{"t":"No.3","k":"chain","r":53.2},"geometry":{"type":"Point","coordinates":[127.467955,36.781201]}},{"type":"Feature","properties":{"t":"No.2","k":"chain","r":49.7},"geometry":{"type":"Point","coordinates":[127.468135,36.781031]}},{"type":"Feature","properties":{"t":"No.1","k":"chain","r":49.7},"geometry":{"type":"Point","coordinates":[127.468317,36.78086]}},{"type":"Feature","properties":{"t":"No.0","k":"chain","r":49.7},"geometry":{"type":"Point","coordinates":[127.46853,36.780638]}},{"type":"Feature","properties":{"t":"BP","k":"chain","r":49.7},"geometry":{"type":"Point","coordinates":[127.468484,36.780628]}},{"type":"Feature","properties":{"t":"(H=0.8~7.4m)","k":"note","r":59.8},"geometry":{"type":"Point","coordinates":[127.469198,36.776784]}},{"type":"Feature","properties":{"t":"L=90.0m","k":"note","r":59.8},"geometry":{"type":"Point","coordinates":[127.469261,36.776814]}},{"type":"Feature","properties":{"t":"보강토 옹벽","k":"note","r":59.8},"geometry":{"type":"Point","coordinates":[127.469115,36.776775]}},{"type":"Feature","properties":{"t":"(H=1.0~7.9m)","k":"note","r":10.3},"geometry":{"type":"Point","coordinates":[127.453288,36.771026]}},{"type":"Feature","properties":{"t":"L=21.0m","k":"note","r":10.3},"geometry":{"type":"Point","coordinates":[127.453275,36.770968]}},{"type":"Feature","properties":{"t":"보강토 옹벽","k":"note","r":10.3},"geometry":{"type":"Point","coordinates":[127.453334,36.771083]}},{"type":"Feature","properties":{"t":"(H=1.0~8.1m)","k":"note","r":8.4},"geometry":{"type":"Point","coordinates":[127.4539,36.770943]}},{"type":"Feature","properties":{"t":"L=45.0m","k":"note","r":8.4},"geometry":{"type":"Point","coordinates":[127.453889,36.770885]}},{"type":"Feature","properties":{"t":"보강토 옹벽","k":"note","r":8.4},"geometry":{"type":"Point","coordinates":[127.453944,36.771001]}},{"type":"Feature","properties":{"t":"L=223.0m","k":"note","r":-68.7},"geometry":{"type":"Point","coordinates":[127.462547,36.785175]}},{"type":"Feature","properties":{"t":"패널 옹벽","k":"note","r":-67.8},"geometry":{"type":"Point","coordinates":[127.462378,36.785232]}},{"type":"Feature","properties":{"t":"(H=1.5~6.0m)","k":"note","r":-67.8},"geometry":{"type":"Point","coordinates":[127.462457,36.785206]}},{"type":"Feature","properties":{"t":"갈탄천","k":"name","r":38.8},"geometry":{"type":"Point","coordinates":[127.466763,36.783754]}},{"type":"Feature","properties":{"t":"법면-BL.04","k":"name","r":10.2},"geometry":{"type":"Point","coordinates":[127.459712,36.773572]}},{"type":"Feature","properties":{"t":"법면-BL.11","k":"name","r":13.4},"geometry":{"type":"Point","coordinates":[127.454539,36.781266]}},{"type":"Feature","properties":{"t":"법면-BL.22","k":"name","r":81.3},"geometry":{"type":"Point","coordinates":[127.463079,36.781391]}},{"type":"Feature","properties":{"t":"법면-BL.27","k":"name","r":-50.3},"geometry":{"type":"Point","coordinates":[127.467812,36.776606]}},{"type":"Feature","properties":{"t":"법면-외부유출(개거)","k":"name","r":36.8},"geometry":{"type":"Point","coordinates":[127.468864,36.777755]}},{"type":"Feature","properties":{"t":"법면-저류지1","k":"name","r":-5.6},"geometry":{"type":"Point","coordinates":[127.467352,36.781994]}},{"type":"Feature","properties":{"t":"법면-저류지2","k":"name","r":-35.2},"geometry":{"type":"Point","coordinates":[127.467924,36.780292]}},{"type":"Feature","properties":{"t":"법면-폐수","k":"name","r":-5.6},"geometry":{"type":"Point","coordinates":[127.468175,36.781384]}},{"type":"Feature","properties":{"t":"소로(국)1-04","k":"name","r":84.4},"geometry":{"type":"Point","coordinates":[127.468514,36.781507]}},{"type":"Feature","properties":{"t":"소로(국)2-07(1)","k":"name","r":-40.2},"geometry":{"type":"Point","coordinates":[127.467681,36.776724]}},{"type":"Feature","properties":{"t":"소로(국)2-07(2)","k":"name","r":-40.2},"geometry":{"type":"Point","coordinates":[127.46749,36.777088]}},{"type":"Feature","properties":{"t":"소로(국)3-07","k":"name","r":-79.8},"geometry":{"type":"Point","coordinates":[127.453606,36.770841]}},{"type":"Feature","properties":{"t":"소로(국)3-09","k":"name","r":-29.9},"geometry":{"type":"Point","coordinates":[127.46868,36.780861]}},{"type":"Feature","properties":{"t":"소로(국)3-13","k":"name","r":-2.5},"geometry":{"type":"Point","coordinates":[127.467144,36.779744]}},{"type":"Feature","properties":{"t":"소로(국)3-15","k":"name","r":-55.3},"geometry":{"type":"Point","coordinates":[127.468868,36.773171]}},{"type":"Feature","properties":{"t":"소로(국)3-17","k":"name","r":-79.8},"geometry":{"type":"Point","coordinates":[127.456569,36.772006]}},{"type":"Feature","properties":{"t":"소로(국)3-18","k":"name","r":-35.4},"geometry":{"type":"Point","coordinates":[127.467367,36.77747]}},{"type":"Feature","properties":{"t":"소로(국)3-19","k":"name","r":46.4},"geometry":{"type":"Point","coordinates":[127.468897,36.782103]}},{"type":"Feature","properties":{"t":"소로(집)2-08","k":"name","r":-46.3},"geometry":{"type":"Point","coordinates":[127.452313,36.778823]}},{"type":"Feature","properties":{"t":"소로(특)3-10","k":"name","r":84.4},"geometry":{"type":"Point","coordinates":[127.465786,36.780661]}},{"type":"Feature","properties":{"t":"소로(특)3-11","k":"name","r":84.4},"geometry":{"type":"Point","coordinates":[127.466379,36.780698]}},{"type":"Feature","properties":{"t":"소로(특)3-12","k":"name","r":-81.0},"geometry":{"type":"Point","coordinates":[127.466231,36.778969]}},{"type":"Feature","properties":{"t":"중로(국)3-06","k":"name","r":-79.8},"geometry":{"type":"Point","coordinates":[127.465632,36.779687]}},{"type":"Feature","properties":{"t":"중로(보)1-02","k":"name","r":10.2},"geometry":{"type":"Point","coordinates":[127.462575,36.776707]}},{"type":"Feature","properties":{"t":"중로(보)1-10","k":"name","r":-3.0},"geometry":{"type":"Point","coordinates":[127.462456,36.780691]}},{"type":"Feature","properties":{"t":"중로(집)3-03","k":"name","r":84.4},"geometry":{"type":"Point","coordinates":[127.466181,36.784185]}},{"type":"Feature","properties":{"t":"중로(집)3-04","k":"name","r":-79.8},"geometry":{"type":"Point","coordinates":[127.46635,36.778337]}},{"type":"Feature","properties":{"t":"중로(집)3-05","k":"name","r":-2.5},"geometry":{"type":"Point","coordinates":[127.466522,36.779855]}},{"type":"Feature","properties":{"t":"중로(집)3-08","k":"name","r":10.2},"geometry":{"type":"Point","coordinates":[127.464837,36.778886]}},{"type":"Feature","properties":{"t":"중로(집)3-10","k":"name","r":10.2},"geometry":{"type":"Point","coordinates":[127.455159,36.780284]}},{"type":"Feature","properties":{"t":"중로(집)3-11","k":"name","r":51.0},"geometry":{"type":"Point","coordinates":[127.468857,36.776923]}},{"type":"Feature","properties":{"t":"중로(집)3-12","k":"name","r":10.2},"geometry":{"type":"Point","coordinates":[127.4635,36.773888]}},{"type":"Feature","properties":{"t":"중로(집)3-14","k":"name","r":-35.6},"geometry":{"type":"Point","coordinates":[127.457522,36.772843]}},{"type":"Feature","properties":{"t":"중로(집)3-15","k":"name","r":10.2},"geometry":{"type":"Point","coordinates":[127.455183,36.775199]}},{"type":"Feature","properties":{"t":"중로(집)3-16","k":"name","r":-79.8},"geometry":{"type":"Point","coordinates":[127.454666,36.771677]}},{"type":"Feature","properties":{"t":"BL.01","k":"name","r":0.0},"geometry":{"type":"Point","coordinates":[127.454434,36.773094]}},{"type":"Feature","properties":{"t":"BL.04","k":"name","r":0.0},"geometry":{"type":"Point","coordinates":[127.45929,36.774037]}},{"type":"Feature","properties":{"t":"BL.11","k":"name","r":0.0},"geometry":{"type":"Point","coordinates":[127.455228,36.780821]}},{"type":"Feature","properties":{"t":"BL.16","k":"name","r":0.0},"geometry":{"type":"Point","coordinates":[127.465878,36.779022]}},{"type":"Feature","properties":{"t":"BL.17","k":"name","r":0.0},"geometry":{"type":"Point","coordinates":[127.465951,36.779809]}},{"type":"Feature","properties":{"t":"BL.18","k":"name","r":0.0},"geometry":{"type":"Point","coordinates":[127.466483,36.779303]}},{"type":"Feature","properties":{"t":"BL.19","k":"name","r":0.0},"geometry":{"type":"Point","coordinates":[127.46647,36.78036]}},{"type":"Feature","properties":{"t":"BL.20","k":"name","r":0.0},"geometry":{"type":"Point","coordinates":[127.465992,36.780704]}},{"type":"Feature","properties":{"t":"BL.25","k":"name","r":0.0},"geometry":{"type":"Point","coordinates":[127.466952,36.782742]}},{"type":"Feature","properties":{"t":"BL.27","k":"name","r":0.0},"geometry":{"type":"Point","coordinates":[127.468291,36.77637]}},{"type":"Feature","properties":{"t":"BL.저류지1","k":"name","r":0.0},"geometry":{"type":"Point","coordinates":[127.467245,36.781591]}},{"type":"Feature","properties":{"t":"BL.주택1","k":"name","r":0.0},"geometry":{"type":"Point","coordinates":[127.467658,36.777]}},{"type":"Feature","properties":{"t":"BL.주택2","k":"name","r":0.0},"geometry":{"type":"Point","coordinates":[127.46757,36.777366]}},{"type":"Feature","properties":{"t":"BL.폐수처리장","k":"name","r":0.0},"geometry":{"type":"Point","coordinates":[127.468419,36.781843]}},{"type":"Feature","properties":{"t":"매립장","k":"name","r":0.0},"geometry":{"type":"Point","coordinates":[127.453889,36.778459]}},{"type":"Feature","properties":{"t":"L=230.0m","k":"note","r":9.4},"geometry":{"type":"Point","coordinates":[127.462384,36.773335]}},{"type":"Feature","properties":{"t":"게비온 옹벽","k":"note","r":10.3},"geometry":{"type":"Point","coordinates":[127.462418,36.77348]}},{"type":"Feature","properties":{"t":"(H=5.0m)","k":"note","r":10.3},"geometry":{"type":"Point","coordinates":[127.462402,36.773412]}},{"type":"Feature","properties":{"t":"법면-BL.24","k":"name","r":-65.1},"geometry":{"type":"Point","coordinates":[127.462364,36.784202]}},{"type":"Feature","properties":{"t":"중로(집)2-07","k":"name","r":-5.6},"geometry":{"type":"Point","coordinates":[127.464574,36.784328]}},{"type":"Feature","properties":{"t":"중로(집)2-08","k":"name","r":-5.6},"geometry":{"type":"Point","coordinates":[127.463313,36.782186]}},{"type":"Feature","properties":{"t":"중로(집)2-05","k":"name","r":-79.8},"geometry":{"type":"Point","coordinates":[127.463701,36.778646]}},{"type":"Feature","properties":{"t":"중로(집)3-13","k":"name","r":-79.8},"geometry":{"type":"Point","coordinates":[127.463002,36.775573]}},{"type":"Feature","properties":{"t":"중로(국)3-07","k":"name","r":-5.6},"geometry":{"type":"Point","coordinates":[127.464335,36.785721]}},{"type":"Feature","properties":{"t":"중로(집)2-06","k":"name","r":84.4},"geometry":{"type":"Point","coordinates":[127.463785,36.782564]}},{"type":"Feature","properties":{"t":"BL.06","k":"name","r":0.0},"geometry":{"type":"Point","coordinates":[127.465735,36.774848]}},{"type":"Feature","properties":{"t":"BL.12","k":"name","r":0.0},"geometry":{"type":"Point","coordinates":[127.464809,36.779917]}},{"type":"Feature","properties":{"t":"BL.22","k":"name","r":0.0},"geometry":{"type":"Point","coordinates":[127.463487,36.781472]}},{"type":"Feature","properties":{"t":"BL.23","k":"name","r":0.0},"geometry":{"type":"Point","coordinates":[127.465126,36.782717]}},{"type":"Feature","properties":{"t":"BL.24","k":"name","r":0.0},"geometry":{"type":"Point","coordinates":[127.463154,36.783622]}},{"type":"Feature","properties":{"t":"BL.21","k":"name","r":0.0},"geometry":{"type":"Point","coordinates":[127.464884,36.78519]}},{"type":"Feature","properties":{"t":"처리장(1)","k":"name","r":-5.6},"geometry":{"type":"Point","coordinates":[127.46819,36.781304]}},{"type":"Feature","properties":{"t":"법면-폐수","k":"name","r":-15.5},"geometry":{"type":"Point","coordinates":[127.468902,36.781455]}},{"type":"Feature","properties":{"t":"처리장(2)","k":"name","r":-15.5},"geometry":{"type":"Point","coordinates":[127.468916,36.781375]}},{"type":"Feature","properties":{"t":"BL.12","k":"name","r":0.0},"geometry":{"type":"Point","coordinates":[127.464809,36.779915]}},{"type":"Feature","properties":{"t":"법면-주차장","k":"name","r":49.8},"geometry":{"type":"Point","coordinates":[127.46848,36.777686]}},{"type":"Feature","properties":{"t":"BL.주차장","k":"name","r":0.0},"geometry":{"type":"Point","coordinates":[127.468198,36.777635]}},{"type":"Feature","properties":{"t":"BL.05","k":"name","r":0.0},"geometry":{"type":"Point","coordinates":[127.459392,36.775787]}},{"type":"Feature","properties":{"t":"BL.10","k":"name","r":0.0},"geometry":{"type":"Point","coordinates":[127.455313,36.779819]}},{"type":"Feature","properties":{"t":"BL.09","k":"name","r":0.0},"geometry":{"type":"Point","coordinates":[127.464903,36.777694]}},{"type":"Feature","properties":{"t":"BL.13","k":"name","r":0.0},"geometry":{"type":"Point","coordinates":[127.460213,36.778962]}},{"type":"Feature","properties":{"t":"법면-BL.07","k":"name","r":-31.5},"geometry":{"type":"Point","coordinates":[127.46477,36.773027]}},{"type":"Feature","properties":{"t":"BL.07","k":"name","r":0.0},"geometry":{"type":"Point","coordinates":[127.464863,36.773306]}},{"type":"Feature","properties":{"t":"소로(국)2-09","k":"name","r":10.2},"geometry":{"type":"Point","coordinates":[127.45552,36.776674]}},{"type":"Feature","properties":{"t":"BL.02","k":"name","r":0.0},"geometry":{"type":"Point","coordinates":[127.456771,36.773766]}},{"type":"Feature","properties":{"t":"BL.03","k":"name","r":0.0},"geometry":{"type":"Point","coordinates":[127.455545,36.776817]}},{"type":"Feature","properties":{"t":"U 0.7X0.7 L=256.5m","k":"note","r":10.1},"geometry":{"type":"Point","coordinates":[127.455353,36.781304]}},{"type":"Feature","properties":{"t":"L=200.0m","k":"note","r":9.4},"geometry":{"type":"Point","coordinates":[127.464501,36.77258]}},{"type":"Feature","properties":{"t":"게비온 옹벽","k":"note","r":10.3},"geometry":{"type":"Point","coordinates":[127.464534,36.772725]}},{"type":"Feature","properties":{"t":"(H=6.0m)","k":"note","r":10.3},"geometry":{"type":"Point","coordinates":[127.464519,36.772657]}},{"type":"Feature","properties":{"t":"No.0","k":"chain","r":-79.8},"geometry":{"type":"Point","coordinates":[127.45837,36.773704]}},{"type":"Feature","properties":{"t":"No.1","k":"chain","r":-79.8},"geometry":{"type":"Point","coordinates":[127.45859,36.773672]}},{"type":"Feature","properties":{"t":"No.2","k":"chain","r":-79.8},"geometry":{"type":"Point","coordinates":[127.45881,36.773639]}},{"type":"Feature","properties":{"t":"No.3","k":"chain","r":-79.8},"geometry":{"type":"Point","coordinates":[127.459031,36.773606]}},{"type":"Feature","properties":{"t":"No.4","k":"chain","r":-79.8},"geometry":{"type":"Point","coordinates":[127.459251,36.773573]}},{"type":"Feature","properties":{"t":"No.5","k":"chain","r":-79.8},"geometry":{"type":"Point","coordinates":[127.459471,36.77354]}},{"type":"Feature","properties":{"t":"No.6","k":"chain","r":-79.8},"geometry":{"type":"Point","coordinates":[127.459691,36.773508]}},{"type":"Feature","properties":{"t":"No.7","k":"chain","r":-79.8},"geometry":{"type":"Point","coordinates":[127.459912,36.773475]}},{"type":"Feature","properties":{"t":"No.7+1.64","k":"chain","r":-79.8},"geometry":{"type":"Point","coordinates":[127.459924,36.773446]}},{"type":"Feature","properties":{"t":"No.7+1.64","k":"chain","r":10.1},"geometry":{"type":"Point","coordinates":[127.460005,36.773472]}},{"type":"Feature","properties":{"t":"No.8","k":"chain","r":10.1},"geometry":{"type":"Point","coordinates":[127.460009,36.77364]}},{"type":"Feature","properties":{"t":"No.9","k":"chain","r":10.1},"geometry":{"type":"Point","coordinates":[127.460049,36.773817]}},{"type":"Feature","properties":{"t":"No.9+14.78","k":"chain","r":10.1},"geometry":{"type":"Point","coordinates":[127.460118,36.773942]}},{"type":"Feature","properties":{"t":"No.9+14.78","k":"chain","r":69.0},"geometry":{"type":"Point","coordinates":[127.460066,36.773908]}},{"type":"Feature","properties":{"t":"No.10","k":"chain","r":69.0},"geometry":{"type":"Point","coordinates":[127.460109,36.77395]}},{"type":"Feature","properties":{"t":"No.10+9.22","k":"chain","r":69.0},"geometry":{"type":"Point","coordinates":[127.460217,36.773954]}},{"type":"Feature","properties":{"t":"No.10+9.22","k":"chain","r":13.3},"geometry":{"type":"Point","coordinates":[127.460268,36.773985]}},{"type":"Feature","properties":{"t":"No.11","k":"chain","r":13.3},"geometry":{"type":"Point","coordinates":[127.460264,36.774086]}},{"type":"Feature","properties":{"t":"No.11+11.74","k":"chain","r":13.3},"geometry":{"type":"Point","coordinates":[127.460334,36.774181]}},{"type":"Feature","properties":{"t":"No.11+18.63","k":"chain","r":13.3},"geometry":{"type":"Point","coordinates":[127.460352,36.774242]}},{"type":"Feature","properties":{"t":"No.0","k":"chain","r":-0.4},"geometry":{"type":"Point","coordinates":[127.464159,36.773696]}},{"type":"Feature","properties":{"t":"No.1","k":"chain","r":-0.4},"geometry":{"type":"Point","coordinates":[127.464159,36.773515]}},{"type":"Feature","properties":{"t":"No.2","k":"chain","r":-0.4},"geometry":{"type":"Point","coordinates":[127.46416,36.773335]}},{"type":"Feature","properties":{"t":"No.3","k":"chain","r":-0.4},"geometry":{"type":"Point","coordinates":[127.46416,36.773155]}},{"type":"Feature","properties":{"t":"No.4","k":"chain","r":-0.4},"geometry":{"type":"Point","coordinates":[127.464161,36.772975]}},{"type":"Feature","properties":{"t":"No.4+3.32","k":"chain","r":-0.4},"geometry":{"type":"Point","coordinates":[127.464127,36.772945]}},{"type":"Feature","properties":{"t":"No.4+3.32","k":"chain","r":-79.8},"geometry":{"type":"Point","coordinates":[127.464163,36.772888]}},{"type":"Feature","properties":{"t":"No.5","k":"chain","r":-79.8},"geometry":{"type":"Point","coordinates":[127.464353,36.772887]}},{"type":"Feature","properties":{"t":"No.5+19.49","k":"chain","r":-79.8},"geometry":{"type":"Point","coordinates":[127.46456,36.772823]}},{"type":"Feature","properties":{"t":"No.5+19.49","k":"chain","r":58.5},"geometry":{"type":"Point","coordinates":[127.464609,36.772823]}},{"type":"Feature","properties":{"t":"No.6","k":"chain","r":58.5},"geometry":{"type":"Point","coordinates":[127.464593,36.772853]}},{"type":"Feature","properties":{"t":"No.7","k":"chain","r":58.5},"geometry":{"type":"Point","coordinates":[127.464785,36.772946]}},{"type":"Feature","properties":{"t":"No.7+18.46","k":"chain","r":58.5},"geometry":{"type":"Point","coordinates":[127.464983,36.773005]}},{"type":"Feature","properties":{"t":"No.7+18.46","k":"chain","r":-79.8},"geometry":{"type":"Point","coordinates":[127.464934,36.773005]}},{"type":"Feature","properties":{"t":"No.8","k":"chain","r":-79.8},"geometry":{"type":"Point","coordinates":[127.464958,36.773035]}},{"type":"Feature","properties":{"t":"No.9","k":"chain","r":-79.8},"geometry":{"type":"Point","coordinates":[127.465178,36.773002]}},{"type":"Feature","properties":{"t":"No.10","k":"chain","r":-79.8},"geometry":{"type":"Point","coordinates":[127.465397,36.772964]}},{"type":"Feature","properties":{"t":"No.10+7.92","k":"chain","r":-79.8},"geometry":{"type":"Point","coordinates":[127.465479,36.772924]}},{"type":"Feature","properties":{"t":"No.10+7.92","k":"chain","r":29.4},"geometry":{"type":"Point","coordinates":[127.465556,36.772939]}},{"type":"Feature","properties":{"t":"No.11","k":"chain","r":29.4},"geometry":{"type":"Point","coordinates":[127.465594,36.773047]}},{"type":"Feature","properties":{"t":"No.12","k":"chain","r":29.4},"geometry":{"type":"Point","coordinates":[127.465705,36.773204]}},{"type":"Feature","properties":{"t":"No.13","k":"chain","r":29.4},"geometry":{"type":"Point","coordinates":[127.465816,36.77336]}},{"type":"Feature","properties":{"t":"No.13+7.22","k":"chain","r":29.4},"geometry":{"type":"Point","coordinates":[127.465885,36.773403]}},{"type":"Feature","properties":{"t":"No.0","k":"chain","r":-79.8},"geometry":{"type":"Point","coordinates":[127.456878,36.780938]}},{"type":"Feature","properties":{"t":"No.0+9.55","k":"chain","r":-79.8},"geometry":{"type":"Point","coordinates":[127.456779,36.78098]}},{"type":"Feature","properties":{"t":"No.1","k":"chain","r":-79.8},"geometry":{"type":"Point","coordinates":[127.456658,36.780971]}},{"type":"Feature","properties":{"t":"No.2","k":"chain","r":-79.8},"geometry":{"type":"Point","coordinates":[127.456437,36.781004]}},{"type":"Feature","properties":{"t":"No.3","k":"chain","r":-79.8},"geometry":{"type":"Point","coordinates":[127.456217,36.781036]}},{"type":"Feature","properties":{"t":"No.4","k":"chain","r":-79.8},"geometry":{"type":"Point","coordinates":[127.455997,36.781069]}},{"type":"Feature","properties":{"t":"No.4+10.50","k":"chain","r":-79.8},"geometry":{"type":"Point","coordinates":[127.455888,36.781118]}},{"type":"Feature","properties":{"t":"No.5","k":"chain","r":-62.2},"geometry":{"type":"Point","coordinates":[127.455793,36.781121]}},{"type":"Feature","properties":{"t":"No.5+5.38","k":"chain","r":-62.2},"geometry":{"type":"Point","coordinates":[127.455756,36.781168]}},{"type":"Feature","properties":{"t":"No.6","k":"chain","r":-79.8},"geometry":{"type":"Point","coordinates":[127.455573,36.781173]}},{"type":"Feature","properties":{"t":"No.7","k":"chain","r":-79.8},"geometry":{"type":"Point","coordinates":[127.455353,36.781206]}},{"type":"Feature","properties":{"t":"No.8","k":"chain","r":-79.8},"geometry":{"type":"Point","coordinates":[127.455132,36.781239]}},{"type":"Feature","properties":{"t":"No.9","k":"chain","r":-79.8},"geometry":{"type":"Point","coordinates":[127.454912,36.781272]}},{"type":"Feature","properties":{"t":"No.10","k":"chain","r":-78.2},"geometry":{"type":"Point","coordinates":[127.454694,36.781311]}},{"type":"Feature","properties":{"t":"No.11","k":"chain","r":-74.8},"geometry":{"type":"Point","coordinates":[127.454478,36.781353]}},{"type":"Feature","properties":{"t":"No.12","k":"chain","r":-70.7},"geometry":{"type":"Point","coordinates":[127.454266,36.781405]}},{"type":"Feature","properties":{"t":"No.13","k":"chain","r":-67.3},"geometry":{"type":"Point","coordinates":[127.45406,36.78147]}},{"type":"Feature","properties":{"t":"No.13+0.82","k":"chain","r":-67.3},"geometry":{"type":"Point","coordinates":[127.454064,36.781498]}},{"type":"Feature","properties":{"t":"No.13+0.82","k":"chain","r":12.4},"geometry":{"type":"Point","coordinates":[127.453963,36.781475]}},{"type":"Feature","properties":{"t":"No.14","k":"chain","r":12.4},"geometry":{"type":"Point","coordinates":[127.453949,36.7813]}},{"type":"Feature","properties":{"t":"No.15","k":"chain","r":12.4},"geometry":{"type":"Point","coordinates":[127.4539,36.781124]}},{"type":"Feature","properties":{"t":"No.16","k":"chain","r":12.4},"geometry":{"type":"Point","coordinates":[127.45385,36.780948]}},{"type":"Feature","properties":{"t":"No.17","k":"chain","r":12.4},"geometry":{"type":"Point","coordinates":[127.453801,36.780773]}},{"type":"Feature","properties":{"t":"No.18","k":"chain","r":12.4},"geometry":{"type":"Point","coordinates":[127.453752,36.780597]}},{"type":"Feature","properties":{"t":"No.18+10.27","k":"chain","r":12.4},"geometry":{"type":"Point","coordinates":[127.453688,36.780514]}},{"type":"Feature","properties":{"t":"No.19","k":"chain","r":3.3},"geometry":{"type":"Point","coordinates":[127.453717,36.780415]}},{"type":"Feature","properties":{"t":"No.19+14.30","k":"chain","r":3.3},"geometry":{"type":"Point","coordinates":[127.453667,36.780288]}},{"type":"Feature","properties":{"t":"No.19+14.30","k":"chain","r":-48.0},"geometry":{"type":"Point","coordinates":[127.45368,36.780237]}},{"type":"Feature","properties":{"t":"No.20","k":"chain","r":-48.0},"geometry":{"type":"Point","coordinates":[127.453754,36.780227]}},{"type":"Feature","properties":{"t":"No.21","k":"chain","r":-48.0},"geometry":{"type":"Point","coordinates":[127.45392,36.780105]}},{"type":"Feature","properties":{"t":"No.21+2.36","k":"chain","r":-48.0},"geometry":{"type":"Point","coordinates":[127.453917,36.780071]}},{"type":"Feature","properties":{"t":"No.0","k":"chain","r":-12.9},"geometry":{"type":"Point","coordinates":[127.463293,36.780828]}},{"type":"Feature","properties":{"t":"No.1","k":"chain","r":-15.3},"geometry":{"type":"Point","coordinates":[127.463239,36.781003]}},{"type":"Feature","properties":{"t":"No.2","k":"chain","r":-5.6},"geometry":{"type":"Point","coordinates":[127.463193,36.781175]}},{"type":"Feature","properties":{"t":"No.3","k":"chain","r":-8.7},"geometry":{"type":"Point","coordinates":[127.463169,36.781356]}},{"type":"Feature","properties":{"t":"No.4","k":"chain","r":-17.9},"geometry":{"type":"Point","coordinates":[127.463132,36.781537]}},{"type":"Feature","properties":{"t":"No.5","k":"chain","r":-21.2},"geometry":{"type":"Point","coordinates":[127.463064,36.78171]}},{"type":"Feature","properties":{"t":"No.6","k":"chain","r":-30.0},"geometry":{"type":"Point","coordinates":[127.462963,36.781874]}},{"type":"Feature","properties":{"t":"No.6+7.71","k":"chain","r":-20.4},"geometry":{"type":"Point","coordinates":[127.462958,36.781942]}},{"type":"Feature","properties":{"t":"No.0","k":"chain","r":-29.0},"geometry":{"type":"Point","coordinates":[127.462897,36.78207]}},{"type":"Feature","properties":{"t":"No.1","k":"chain","r":-29.0},"geometry":{"type":"Point","coordinates":[127.462789,36.782227]}},{"type":"Feature","properties":{"t":"No.1+6.57","k":"chain","r":-29.0},"geometry":{"type":"Point","coordinates":[127.462783,36.782292]}},{"type":"Feature","properties":{"t":"No.1+16.50","k":"chain","r":-15.1},"geometry":{"type":"Point","coordinates":[127.462764,36.782368]}},{"type":"Feature","properties":{"t":"No.2","k":"chain","r":-28.7},"geometry":{"type":"Point","coordinates":[127.462707,36.782393]}},{"type":"Feature","properties":{"t":"No.2+10.39","k":"chain","r":-31.4},"geometry":{"type":"Point","coordinates":[127.462686,36.782494]}},{"type":"Feature","properties":{"t":"No.2+13.02","k":"chain","r":1.2},"geometry":{"type":"Point","coordinates":[127.462689,36.782486]}},{"type":"Feature","properties":{"t":"No.2+19.00","k":"chain","r":20.3},"geometry":{"type":"Point","coordinates":[127.462704,36.78252]}},{"type":"Feature","properties":{"t":"No.3","k":"chain","r":24.1},"geometry":{"type":"Point","coordinates":[127.462669,36.782538]}},{"type":"Feature","properties":{"t":"No.3+13.73","k":"chain","r":24.1},"geometry":{"type":"Point","coordinates":[127.462769,36.782638]}},{"type":"Feature","properties":{"t":"No.4","k":"chain","r":-10.6},"geometry":{"type":"Point","coordinates":[127.46273,36.782719]}},{"type":"Feature","properties":{"t":"No.4+6.32","k":"chain","r":-10.6},"geometry":{"type":"Point","coordinates":[127.46275,36.78278]}},{"type":"Feature","properties":{"t":"No.4+8.70","k":"chain","r":-2.1},"geometry":{"type":"Point","coordinates":[127.462748,36.782794]}},{"type":"Feature","properties":{"t":"No.5","k":"chain","r":39.5},"geometry":{"type":"Point","coordinates":[127.462781,36.782859]}},{"type":"Feature","properties":{"t":"No.5+2.94","k":"chain","r":39.5},"geometry":{"type":"Point","coordinates":[127.462827,36.782862]}},{"type":"Feature","properties":{"t":"No.6","k":"chain","r":-6.1},"geometry":{"type":"Point","coordinates":[127.462798,36.783046]}},{"type":"Feature","properties":{"t":"No.6+2.39","k":"chain","r":-6.1},"geometry":{"type":"Point","coordinates":[127.462829,36.78307]}},{"type":"Feature","properties":{"t":"No.7","k":"chain","r":-37.6},"geometry":{"type":"Point","coordinates":[127.462677,36.783207]}},{"type":"Feature","properties":{"t":"No.7+14.46","k":"chain","r":-37.6},"geometry":{"type":"Point","coordinates":[127.462611,36.78333]}},{"type":"Feature","properties":{"t":"No.8","k":"chain","r":-69.2},"geometry":{"type":"Point","coordinates":[127.462514,36.78334]}},{"type":"Feature","properties":{"t":"No.8+2.23","k":"chain","r":-69.2},"geometry":{"type":"Point","coordinates":[127.462503,36.783372]}},{"type":"Feature","properties":{"t":"No.8+8.55","k":"chain","r":-22.4},"geometry":{"type":"Point","coordinates":[127.462503,36.783392]}},{"type":"Feature","properties":{"t":"No.9","k":"chain","r":-30.5},"geometry":{"type":"Point","coordinates":[127.462407,36.783474]}},{"type":"Feature","properties":{"t":"No.9+3.46","k":"chain","r":-30.5},"geometry":{"type":"Point","coordinates":[127.462417,36.783515]}},{"type":"Feature","properties":{"t":"No.9+10.93","k":"chain","r":-27.0},"geometry":{"type":"Point","coordinates":[127.462386,36.783575]}},{"type":"Feature","properties":{"t":"No.9+11.96","k":"chain","r":2.9},"geometry":{"type":"Point","coordinates":[127.462387,36.783555]}},{"type":"Feature","properties":{"t":"No.10","k":"chain","r":30.7},"geometry":{"type":"Point","coordinates":[127.462389,36.783608]}},{"type":"Feature","properties":{"t":"No.10+5.16","k":"chain","r":30.7},"geometry":{"type":"Point","coordinates":[127.462447,36.783634]}},{"type":"Feature","properties":{"t":"No.11","k":"chain","r":-0.5},"geometry":{"type":"Point","coordinates":[127.46243,36.783794]}},{"type":"Feature","properties":{"t":"No.11+13.74","k":"chain","r":-0.6},"geometry":{"type":"Point","coordinates":[127.462469,36.783918]}},{"type":"Feature","properties":{"t":"No.12","k":"chain","r":24.9},"geometry":{"type":"Point","coordinates":[127.46245,36.783959]}},{"type":"Feature","properties":{"t":"No.13","k":"chain","r":27.5},"geometry":{"type":"Point","coordinates":[127.462551,36.784118]}},{"type":"Feature","properties":{"t":"No.14","k":"chain","r":27.5},"geometry":{"type":"Point","coordinates":[127.462655,36.784277]}},{"type":"Feature","properties":{"t":"No.15","k":"chain","r":27.5},"geometry":{"type":"Point","coordinates":[127.46276,36.784437]}},{"type":"Feature","properties":{"t":"No.15+17.51","k":"chain","r":27.5},"geometry":{"type":"Point","coordinates":[127.462887,36.784561]}},{"type":"Feature","properties":{"t":"No.16","k":"chain","r":19.0},"geometry":{"type":"Point","coordinates":[127.462864,36.784601]}},{"type":"Feature","properties":{"t":"No.17","k":"chain","r":19.0},"geometry":{"type":"Point","coordinates":[127.462938,36.784771]}},{"type":"Feature","properties":{"t":"No.18","k":"chain","r":18.5},"geometry":{"type":"Point","coordinates":[127.463011,36.784941]}},{"type":"Feature","properties":{"t":"No.19","k":"chain","r":18.5},"geometry":{"type":"Point","coordinates":[127.463083,36.785112]}},{"type":"Feature","properties":{"t":"No.20","k":"chain","r":18.5},"geometry":{"type":"Point","coordinates":[127.463156,36.785283]}},{"type":"Feature","properties":{"t":"No.20+11.68","k":"chain","r":18.5},"geometry":{"type":"Point","coordinates":[127.463236,36.785372]}},{"type":"Feature","properties":{"t":"No.21","k":"chain","r":26.9},"geometry":{"type":"Point","coordinates":[127.463237,36.785446]}},{"type":"Feature","properties":{"t":"No.22","k":"chain","r":26.9},"geometry":{"type":"Point","coordinates":[127.463339,36.785606]}},{"type":"Feature","properties":{"t":"No.22+10.99","k":"chain","r":26.9},"geometry":{"type":"Point","coordinates":[127.463431,36.785679]}},{"type":"Feature","properties":{"t":"No.22+10.99","k":"chain","r":-57.9},"geometry":{"type":"Point","coordinates":[127.463321,36.785672]}},{"type":"Feature","properties":{"t":"No.23","k":"chain","r":-57.9},"geometry":{"type":"Point","coordinates":[127.463428,36.785656]}},{"type":"Feature","properties":{"t":"No.23+10.89","k":"chain","r":-57.9},"geometry":{"type":"Point","coordinates":[127.463509,36.785576]}},{"type":"Feature","properties":{"t":"No.23+12.89","k":"chain","r":-57.9},"geometry":{"type":"Point","coordinates":[127.463528,36.785566]}},{"type":"Feature","properties":{"t":"No.0","k":"chain","r":39.7},"geometry":{"type":"Point","coordinates":[127.467324,36.776033]}},{"type":"Feature","properties":{"t":"No.1","k":"chain","r":39.7},"geometry":{"type":"Point","coordinates":[127.467468,36.776171]}},{"type":"Feature","properties":{"t":"No.2","k":"chain","r":39.7},"geometry":{"type":"Point","coordinates":[127.467612,36.776309]}},{"type":"Feature","properties":{"t":"No.3","k":"chain","r":39.7},"geometry":{"type":"Point","coordinates":[127.467756,36.776448]}},{"type":"Feature","properties":{"t":"No.4","k":"chain","r":39.7},"geometry":{"type":"Point","coordinates":[127.4679,36.776586]}},{"type":"Feature","properties":{"t":"No.4+15.18","k":"chain","r":39.7},"geometry":{"type":"Point","coordinates":[127.46804,36.77667]}},{"type":"Feature","properties":{"t":"No.4+15.18","k":"chain","r":49.8},"geometry":{"type":"Point","coordinates":[127.46803,36.776664]}},{"type":"Feature","properties":{"t":"No.5","k":"chain","r":49.8},"geometry":{"type":"Point","coordinates":[127.468045,36.776717]}},{"type":"Feature","properties":{"t":"No.6","k":"chain","r":49.8},"geometry":{"type":"Point","coordinates":[127.468217,36.776832]}},{"type":"Feature","properties":{"t":"No.7","k":"chain","r":49.8},"geometry":{"type":"Point","coordinates":[127.468389,36.776948]}},{"type":"Feature","properties":{"t":"No.7+11.01","k":"chain","r":49.8},"geometry":{"type":"Point","coordinates":[127.46851,36.776987]}},{"type":"Feature","properties":{"t":"No.0","k":"chain","r":84.4},"geometry":{"type":"Point","coordinates":[127.466766,36.781069]}},{"type":"Feature","properties":{"t":"No.1","k":"chain","r":84.4},"geometry":{"type":"Point","coordinates":[127.466989,36.781085]}},{"type":"Feature","properties":{"t":"No.1+18.40","k":"chain","r":84.4},"geometry":{"type":"Point","coordinates":[127.467198,36.781068]}},{"type":"Feature","properties":{"t":"No.2","k":"chain","r":-83.3},"geometry":{"type":"Point","coordinates":[127.467207,36.781101]}},{"type":"Feature","properties":{"t":"No.2+9.03","k":"chain","r":-83.3},"geometry":{"type":"Point","coordinates":[127.467303,36.781064]}},{"type":"Feature","properties":{"t":"No.3","k":"chain","r":84.4},"geometry":{"type":"Point","coordinates":[127.467435,36.781098]}},{"type":"Feature","properties":{"t":"No.4","k":"chain","r":84.4},"geometry":{"type":"Point","coordinates":[127.467658,36.781114]}},{"type":"Feature","properties":{"t":"No.4+14.65","k":"chain","r":84.4},"geometry":{"type":"Point","coordinates":[127.467825,36.781094]}},{"type":"Feature","properties":{"t":"No.4+14.65","k":"chain","r":-34.9},"geometry":{"type":"Point","coordinates":[127.467896,36.781171]}},{"type":"Feature","properties":{"t":"No.5","k":"chain","r":-27.0},"geometry":{"type":"Point","coordinates":[127.467832,36.781191]}},{"type":"Feature","properties":{"t":"No.6","k":"chain","r":-5.6},"geometry":{"type":"Point","coordinates":[127.46778,36.781356]}},{"type":"Feature","properties":{"t":"No.7","k":"chain","r":-5.6},"geometry":{"type":"Point","coordinates":[127.467759,36.781535]}},{"type":"Feature","properties":{"t":"No.8","k":"chain","r":-5.6},"geometry":{"type":"Point","coordinates":[127.467738,36.781715]}},{"type":"Feature","properties":{"t":"No.9","k":"chain","r":-5.6},"geometry":{"type":"Point","coordinates":[127.467718,36.781894]}},{"type":"Feature","properties":{"t":"No.9+19.58","k":"chain","r":-5.6},"geometry":{"type":"Point","coordinates":[127.467738,36.782073]}},{"type":"Feature","properties":{"t":"No.9+19.58","k":"chain","r":84.4},"geometry":{"type":"Point","coordinates":[127.467677,36.782134]}},{"type":"Feature","properties":{"t":"No.10","k":"chain","r":84.4},"geometry":{"type":"Point","coordinates":[127.467675,36.782106]}},{"type":"Feature","properties":{"t":"No.11","k":"chain","r":84.4},"geometry":{"type":"Point","coordinates":[127.467452,36.78209]}},{"type":"Feature","properties":{"t":"No.12","k":"chain","r":84.4},"geometry":{"type":"Point","coordinates":[127.467229,36.782073]}},{"type":"Feature","properties":{"t":"No.13","k":"chain","r":84.4},"geometry":{"type":"Point","coordinates":[127.467006,36.782057]}},{"type":"Feature","properties":{"t":"No.14","k":"chain","r":84.4},"geometry":{"type":"Point","coordinates":[127.466783,36.78204]}},{"type":"Feature","properties":{"t":"No.14+17.36","k":"chain","r":84.4},"geometry":{"type":"Point","coordinates":[127.466585,36.782058]}},{"type":"Feature","properties":{"t":"No.14+17.37","k":"chain","r":-5.6},"geometry":{"type":"Point","coordinates":[127.466504,36.782003]}},{"type":"Feature","properties":{"t":"No.15","k":"chain","r":-5.6},"geometry":{"type":"Point","coordinates":[127.466547,36.781982]}},{"type":"Feature","properties":{"t":"No.16","k":"chain","r":-5.6},"geometry":{"type":"Point","coordinates":[127.466567,36.781803]}},{"type":"Feature","properties":{"t":"No.17","k":"chain","r":-5.6},"geometry":{"type":"Point","coordinates":[127.466588,36.781623]}},{"type":"Feature","properties":{"t":"No.18","k":"chain","r":-5.6},"geometry":{"type":"Point","coordinates":[127.466609,36.781444]}},{"type":"Feature","properties":{"t":"No.19","k":"chain","r":-5.6},"geometry":{"type":"Point","coordinates":[127.466629,36.781265]}},{"type":"Feature","properties":{"t":"No.19+10.81","k":"chain","r":-5.6},"geometry":{"type":"Point","coordinates":[127.4666,36.781165]}},{"type":"Feature","properties":{"t":"No.19+10.81","k":"chain","r":-50.6},"geometry":{"type":"Point","coordinates":[127.466617,36.78112]}},{"type":"Feature","properties":{"t":"No.20","k":"chain","r":-50.6},"geometry":{"type":"Point","coordinates":[127.466722,36.781092]}},{"type":"Feature","properties":{"t":"No.20+2.65","k":"chain","r":-50.6},"geometry":{"type":"Point","coordinates":[127.466724,36.781056]}},{"type":"Feature","properties":{"t":"No.0","k":"chain","r":84.4},"geometry":{"type":"Point","coordinates":[127.467968,36.78121]}},{"type":"Feature","properties":{"t":"No.0+6.88","k":"chain","r":84.4},"geometry":{"type":"Point","coordinates":[127.468048,36.781189]}},{"type":"Feature","properties":{"t":"No.1","k":"chain","r":84.4},"geometry":{"type":"Point","coordinates":[127.468191,36.781226]}},{"type":"Feature","properties":{"t":"No.2","k":"chain","r":84.4},"geometry":{"type":"Point","coordinates":[127.468414,36.781243]}},{"type":"Feature","properties":{"t":"No.2+1.27","k":"chain","r":84.4},"geometry":{"type":"Point","coordinates":[127.468431,36.781217]}},{"type":"Feature","properties":{"t":"No.2+5.51","k":"chain","r":84.4},"geometry":{"type":"Point","coordinates":[127.468479,36.781221]}},{"type":"Feature","properties":{"t":"No.0","k":"chain","r":84.4},"geometry":{"type":"Point","coordinates":[127.468587,36.781256]}},{"type":"Feature","properties":{"t":"No.0+4.11","k":"chain","r":83.7},"geometry":{"type":"Point","coordinates":[127.468637,36.781232]}},{"type":"Feature","properties":{"t":"No.1","k":"chain","r":78.6},"geometry":{"type":"Point","coordinates":[127.468812,36.78128]}},{"type":"Feature","properties":{"t":"No.2","k":"chain","r":72.2},"geometry":{"type":"Point","coordinates":[127.469032,36.781324]}},{"type":"Feature","properties":{"t":"No.3","k":"chain","r":65.8},"geometry":{"type":"Point","coordinates":[127.469245,36.781388]}},{"type":"Feature","properties":{"t":"No.3+5.81","k":"chain","r":64.0},"geometry":{"type":"Point","coordinates":[127.46932,36.781385]}},{"type":"Feature","properties":{"t":"No.0","k":"chain","r":54.7},"geometry":{"type":"Point","coordinates":[127.468131,36.777761]}},{"type":"Feature","properties":{"t":"No.0+5.96","k":"chain","r":54.7},"geometry":{"type":"Point","coordinates":[127.468205,36.777769]}},{"type":"Feature","properties":{"t":"No.0+17.89","k":"chain","r":87.2},"geometry":{"type":"Point","coordinates":[127.468304,36.777766]}},{"type":"Feature","properties":{"t":"No.1","k":"chain","r":75.9},"geometry":{"type":"Point","coordinates":[127.468331,36.777801]}},{"type":"Feature","properties":{"t":"No.1+8.79","k":"chain","r":75.9},"geometry":{"type":"Point","coordinates":[127.468435,36.777794]}},{"type":"Feature","properties":{"t":"No.1+16.31","k":"chain","r":63.6},"geometry":{"type":"Point","coordinates":[127.468526,36.77782]}},{"type":"Feature","properties":{"t":"No.2","k":"chain","r":-17.8},"geometry":{"type":"Point","coordinates":[127.468492,36.777846]}},{"type":"Feature","properties":{"t":"No.2+10.14","k":"chain","r":-17.8},"geometry":{"type":"Point","coordinates":[127.468487,36.777749]}},{"type":"Feature","properties":{"t":"No.3","k":"chain","r":-53.2},"geometry":{"type":"Point","coordinates":[127.468617,36.77769]}},{"type":"Feature","properties":{"t":"No.4","k":"chain","r":-54.7},"geometry":{"type":"Point","coordinates":[127.468797,36.777583]}},{"type":"Feature","properties":{"t":"No.5","k":"chain","r":-54.7},"geometry":{"type":"Point","coordinates":[127.468979,36.777478]}},{"type":"Feature","properties":{"t":"No.5+6.36","k":"chain","r":-54.7},"geometry":{"type":"Point","coordinates":[127.469018,36.777422]}},{"type":"Feature","properties":{"t":"No.0","k":"chain","r":49.8},"geometry":{"type":"Point","coordinates":[127.468255,36.777415]}},{"type":"Feature","properties":{"t":"No.0+17.20","k":"chain","r":49.8},"geometry":{"type":"Point","coordinates":[127.468429,36.777489]}},{"type":"Feature","properties":{"t":"No.0+17.20","k":"chain","r":-40.2},"geometry":{"type":"Point","coordinates":[127.468456,36.777564]}},{"type":"Feature","properties":{"t":"No.1","k":"chain","r":-40.2},"geometry":{"type":"Point","coordinates":[127.468405,36.777563]}},{"type":"Feature","properties":{"t":"No.2","k":"chain","r":-40.2},"geometry":{"type":"Point","coordinates":[127.468261,36.777701]}},{"type":"Feature","properties":{"t":"No.2+11.82","k":"chain","r":-40.2},"geometry":{"type":"Point","coordinates":[127.468207,36.777804]}},{"type":"Feature","properties":{"t":"No.2+11.82","k":"chain","r":49.8},"geometry":{"type":"Point","coordinates":[127.468114,36.777826]}},{"type":"Feature","properties":{"t":"No.3","k":"chain","r":49.8},"geometry":{"type":"Point","coordinates":[127.46807,36.777753]}},{"type":"Feature","properties":{"t":"No.3+9.02","k":"chain","r":49.8},"geometry":{"type":"Point","coordinates":[127.467971,36.777722]}},{"type":"Feature","properties":{"t":"No.0","k":"chain","r":-5.6},"geometry":{"type":"Point","coordinates":[127.468592,36.781082]}},{"type":"Feature","properties":{"t":"No.0+10.52","k":"chain","r":-5.6},"geometry":{"type":"Point","coordinates":[127.468621,36.781179]}},{"type":"Feature","properties":{"t":"No.0+14.75","k":"chain","r":-5.6},"geometry":{"type":"Point","coordinates":[127.468616,36.781217]}},{"type":"Feature","properties":{"t":"No.1","k":"chain","r":-5.6},"geometry":{"type":"Point","coordinates":[127.468571,36.781261]}},{"type":"Feature","properties":{"t":"No.1+0.50","k":"chain","r":-5.6},"geometry":{"type":"Point","coordinates":[127.468604,36.781268]}},{"type":"Feature","properties":{"t":"No.0","k":"chain","r":49.8},"geometry":{"type":"Point","coordinates":[127.468349,36.777259]}},{"type":"Feature","properties":{"t":"No.0+6.00","k":"chain","r":49.8},"geometry":{"type":"Point","coordinates":[127.468276,36.777245]}},{"type":"Feature","properties":{"t":"No.0+9.54","k":"chain","r":49.8},"geometry":{"type":"Point","coordinates":[127.468246,36.777225]}},{"type":"Feature","properties":{"t":"No.1","k":"chain","r":49.8},"geometry":{"type":"Point","coordinates":[127.468177,36.777144]}},{"type":"Feature","properties":{"t":"No.2","k":"chain","r":49.8},"geometry":{"type":"Point","coordinates":[127.468005,36.777028]}},{"type":"Feature","properties":{"t":"No.3","k":"chain","r":49.8},"geometry":{"type":"Point","coordinates":[127.467833,36.776913]}},{"type":"Feature","properties":{"t":"No.4","k":"chain","r":49.8},"geometry":{"type":"Point","coordinates":[127.467661,36.776797]}},{"type":"Feature","properties":{"t":"No.5","k":"chain","r":49.8},"geometry":{"type":"Point","coordinates":[127.46749,36.776682]}},{"type":"Feature","properties":{"t":"No.6","k":"chain","r":63.2},"geometry":{"type":"Point","coordinates":[127.467323,36.776569]}},{"type":"Feature","properties":{"t":"No.7","k":"chain","r":-40.2},"geometry":{"type":"Point","coordinates":[127.467168,36.776619]}},{"type":"Feature","properties":{"t":"No.7+17.83","k":"chain","r":-40.2},"geometry":{"type":"Point","coordinates":[127.467071,36.776763]}},{"type":"Feature","properties":{"t":"No.8","k":"chain","r":-40.2},"geometry":{"type":"Point","coordinates":[127.467025,36.776757]}},{"type":"Feature","properties":{"t":"No.8+1.37","k":"chain","r":-40.2},"geometry":{"type":"Point","coordinates":[127.467041,36.776784]}},{"type":"Feature","properties":{"t":"No.8+5.37","k":"chain","r":-40.2},"geometry":{"type":"Point","coordinates":[127.467012,36.776812]}},{"type":"Feature","properties":{"t":"No.0","k":"chain","r":49.8},"geometry":{"type":"Point","coordinates":[127.468048,36.77755]}},{"type":"Feature","properties":{"t":"No.0+6.00","k":"chain","r":49.8},"geometry":{"type":"Point","coordinates":[127.467974,36.777536]}},{"type":"Feature","properties":{"t":"No.0+9.54","k":"chain","r":49.8},"geometry":{"type":"Point","coordinates":[127.467944,36.777515]}},{"type":"Feature","properties":{"t":"No.1","k":"chain","r":49.8},"geometry":{"type":"Point","coordinates":[127.467876,36.777434]}},{"type":"Feature","properties":{"t":"No.2","k":"chain","r":49.8},"geometry":{"type":"Point","coordinates":[127.467704,36.777319]}},{"type":"Feature","properties":{"t":"No.3","k":"chain","r":49.8},"geometry":{"type":"Point","coordinates":[127.467532,36.777203]}},{"type":"Feature","properties":{"t":"No.4","k":"chain","r":49.8},"geometry":{"type":"Point","coordinates":[127.46736,36.777088]}},{"type":"Feature","properties":{"t":"No.5","k":"chain","r":49.8},"geometry":{"type":"Point","coordinates":[127.467188,36.776972]}},{"type":"Feature","properties":{"t":"No.5+7.80","k":"chain","r":49.8},"geometry":{"type":"Point","coordinates":[127.467099,36.776948]}},{"type":"Feature","properties":{"t":"No.5+9.32","k":"chain","r":49.8},"geometry":{"type":"Point","coordinates":[127.467086,36.776939]}},{"type":"Feature","properties":{"t":"No.6","k":"chain","r":49.8},"geometry":{"type":"Point","coordinates":[127.467016,36.776857]}},{"type":"Feature","properties":{"t":"No.6+7.66","k":"chain","r":49.8},"geometry":{"type":"Point","coordinates":[127.466929,36.776833]}},{"type":"Feature","properties":{"t":"No.6+15.20","k":"chain","r":49.8},"geometry":{"type":"Point","coordinates":[127.466859,36.776794]}},{"type":"Feature","properties":{"t":"No.6+19.66","k":"chain","r":49.8},"geometry":{"type":"Point","coordinates":[127.466821,36.776768]}},{"type":"Feature","properties":{"t":"No.0","k":"chain","r":-79.8},"geometry":{"type":"Point","coordinates":[127.456007,36.776632]}},{"type":"Feature","properties":{"t":"No.0+6.00","k":"chain","r":-79.8},"geometry":{"type":"Point","coordinates":[127.455947,36.776669]}},{"type":"Feature","properties":{"t":"No.0+10.24","k":"chain","r":-79.8},"geometry":{"type":"Point","coordinates":[127.455901,36.776681]}},{"type":"Feature","properties":{"t":"No.1","k":"chain","r":-79.8},"geometry":{"type":"Point","coordinates":[127.455786,36.776665]}},{"type":"Feature","properties":{"t":"No.1+1.00","k":"chain","r":-79.8},"geometry":{"type":"Point","coordinates":[127.455781,36.776693]}},{"type":"Feature","properties":{"t":"No.0","k":"chain","r":10.2},"geometry":{"type":"Point","coordinates":[127.45368,36.771252]}},{"type":"Feature","properties":{"t":"No.0+6.00","k":"chain","r":10.2},"geometry":{"type":"Point","coordinates":[127.453634,36.771204]}},{"type":"Feature","properties":{"t":"No.0+10.24","k":"chain","r":10.2},"geometry":{"type":"Point","coordinates":[127.453619,36.771167]}},{"type":"Feature","properties":{"t":"No.0+15.00","k":"chain","r":10.2},"geometry":{"type":"Point","coordinates":[127.453609,36.771125]}},{"type":"Feature","properties":{"t":"No.0","k":"chain","r":-5.6},"geometry":{"type":"Point","coordinates":[127.468536,36.781099]}},{"type":"Feature","properties":{"t":"No.1","k":"chain","r":12.3},"geometry":{"type":"Point","coordinates":[127.468557,36.780926]}},{"type":"Feature","properties":{"t":"No.1+5.84","k":"chain","r":60.1},"geometry":{"type":"Point","coordinates":[127.468524,36.780918]}},{"type":"Feature","properties":{"t":"No.1+18.93","k":"chain","r":60.1},"geometry":{"type":"Point","coordinates":[127.468394,36.780864]}},{"type":"Feature","properties":{"t":"No.2","k":"chain","r":60.1},"geometry":{"type":"Point","coordinates":[127.468403,36.780831]}},{"type":"Feature","properties":{"t":"No.3","k":"chain","r":26.5},"geometry":{"type":"Point","coordinates":[127.468201,36.780729]}},{"type":"Feature","properties":{"t":"No.0","k":"chain","r":87.5},"geometry":{"type":"Point","coordinates":[127.466719,36.779794]}},{"type":"Feature","properties":{"t":"No.0+5.95","k":"chain","r":87.5},"geometry":{"type":"Point","coordinates":[127.466787,36.77977]}},{"type":"Feature","properties":{"t":"No.0+10.21","k":"chain","r":87.5},"geometry":{"type":"Point","coordinates":[127.466835,36.779766]}},{"type":"Feature","properties":{"t":"No.1","k":"chain","r":87.5},"geometry":{"type":"Point","coordinates":[127.466943,36.779801]}},{"type":"Feature","properties":{"t":"No.2","k":"chain","r":87.5},"geometry":{"type":"Point","coordinates":[127.467167,36.779808]}},{"type":"Feature","properties":{"t":"No.3","k":"chain","r":67.9},"geometry":{"type":"Point","coordinates":[127.467396,36.779834]}},{"type":"Feature","properties":{"t":"No.3+4.95","k":"chain","r":65.3},"geometry":{"type":"Point","coordinates":[127.467462,36.779828]}},{"type":"Feature","properties":{"t":"No.0","k":"chain","r":10.2},"geometry":{"type":"Point","coordinates":[127.456671,36.772579]}},{"type":"Feature","properties":{"t":"No.0+6.00","k":"chain","r":10.2},"geometry":{"type":"Point","coordinates":[127.456626,36.772531]}},{"type":"Feature","properties":{"t":"No.0+10.24","k":"chain","r":10.2},"geometry":{"type":"Point","coordinates":[127.456611,36.772494]}},{"type":"Feature","properties":{"t":"No.1","k":"chain","r":10.2},"geometry":{"type":"Point","coordinates":[127.456631,36.772402]}},{"type":"Feature","properties":{"t":"No.1+16.00","k":"chain","r":10.2},"geometry":{"type":"Point","coordinates":[127.456558,36.772266]}},{"type":"Feature","properties":{"t":"No.0","k":"chain","r":15.9},"geometry":{"type":"Point","coordinates":[127.46715,36.776887]}},{"type":"Feature","properties":{"t":"No.1","k":"chain","r":15.9},"geometry":{"type":"Point","coordinates":[127.467212,36.77706]}},{"type":"Feature","properties":{"t":"No.1+1.89","k":"chain","r":15.9},"geometry":{"type":"Point","coordinates":[127.46725,36.777069]}},{"type":"Feature","properties":{"t":"No.2","k":"chain","r":19.6},"geometry":{"type":"Point","coordinates":[127.467276,36.777231]}},{"type":"Feature","properties":{"t":"No.3","k":"chain","r":54.6},"geometry":{"type":"Point","coordinates":[127.467407,36.777356]}},{"type":"Feature","properties":{"t":"No.4","k":"chain","r":54.7},"geometry":{"type":"Point","coordinates":[127.467591,36.777459]}},{"type":"Feature","properties":{"t":"No.5","k":"chain","r":59.8},"geometry":{"type":"Point","coordinates":[127.467778,36.777555]}},{"type":"Feature","properties":{"t":"No.5+5.08","k":"chain","r":59.8},"geometry":{"type":"Point","coordinates":[127.467844,36.777554]}},{"type":"Feature","properties":{"t":"No.5+15.58","k":"chain","r":59.8},"geometry":{"type":"Point","coordinates":[127.467949,36.777597]}},{"type":"Feature","properties":{"t":"No.0","k":"chain","r":-79.8},"geometry":{"type":"Point","coordinates":[127.456556,36.779022]}},{"type":"Feature","properties":{"t":"No.0+10.50","k":"chain","r":-79.8},"geometry":{"type":"Point","coordinates":[127.456448,36.779071]}},{"type":"Feature","properties":{"t":"No.1","k":"chain","r":-79.8},"geometry":{"type":"Point","coordinates":[127.456336,36.779054]}},{"type":"Feature","properties":{"t":"No.1+0.05","k":"chain","r":-79.8},"geometry":{"type":"Point","coordinates":[127.456342,36.779081]}},{"type":"Feature","properties":{"t":"No.2","k":"chain","r":-79.8},"geometry":{"type":"Point","coordinates":[127.456116,36.779087]}},{"type":"Feature","properties":{"t":"No.2+10.12","k":"chain","r":-79.8},"geometry":{"type":"Point","coordinates":[127.456012,36.779136]}},{"type":"Feature","properties":{"t":"No.3","k":"chain","r":-79.8},"geometry":{"type":"Point","coordinates":[127.455896,36.77912]}},{"type":"Feature","properties":{"t":"No.3+3.19","k":"chain","r":-79.8},"geometry":{"type":"Point","coordinates":[127.455866,36.779152]}},{"type":"Feature","properties":{"t":"No.3+16.27","k":"chain","r":-79.8},"geometry":{"type":"Point","coordinates":[127.455724,36.779179]}},{"type":"Feature","properties":{"t":"No.4","k":"chain","r":-79.8},"geometry":{"type":"Point","coordinates":[127.455675,36.779153]}},{"type":"Feature","properties":{"t":"No.5","k":"chain","r":-79.8},"geometry":{"type":"Point","coordinates":[127.455455,36.779186]}},{"type":"Feature","properties":{"t":"No.6","k":"chain","r":-79.8},"geometry":{"type":"Point","coordinates":[127.455235,36.779218]}},{"type":"Feature","properties":{"t":"No.7","k":"chain","r":-79.8},"geometry":{"type":"Point","coordinates":[127.455014,36.779251]}},{"type":"Feature","properties":{"t":"No.8","k":"chain","r":-79.8},"geometry":{"type":"Point","coordinates":[127.454794,36.779284]}},{"type":"Feature","properties":{"t":"No.9","k":"chain","r":-79.8},"geometry":{"type":"Point","coordinates":[127.454574,36.779317]}},{"type":"Feature","properties":{"t":"No.10","k":"chain","r":-79.8},"geometry":{"type":"Point","coordinates":[127.454355,36.779355]}},{"type":"Feature","properties":{"t":"No.11","k":"chain","r":-79.8},"geometry":{"type":"Point","coordinates":[127.454134,36.779388]}},{"type":"Feature","properties":{"t":"No.12","k":"chain","r":-79.8},"geometry":{"type":"Point","coordinates":[127.453914,36.77942]}},{"type":"Feature","properties":{"t":"No.12+1.50","k":"chain","r":-79.8},"geometry":{"type":"Point","coordinates":[127.453904,36.77945]}},{"type":"Feature","properties":{"t":"No.12+11.95","k":"chain","r":88.7},"geometry":{"type":"Point","coordinates":[127.453774,36.779467]}},{"type":"Feature","properties":{"t":"No.13","k":"chain","r":77.9},"geometry":{"type":"Point","coordinates":[127.453679,36.779428]}},{"type":"Feature","properties":{"t":"No.14","k":"chain","r":69.7},"geometry":{"type":"Point","coordinates":[127.453462,36.779371]}},{"type":"Feature","properties":{"t":"No.15","k":"chain","r":69.7},"geometry":{"type":"Point","coordinates":[127.453251,36.779309]}},{"type":"Feature","properties":{"t":"No.16","k":"chain","r":69.7},"geometry":{"type":"Point","coordinates":[127.453041,36.779248]}},{"type":"Feature","properties":{"t":"No.17","k":"chain","r":69.7},"geometry":{"type":"Point","coordinates":[127.45283,36.779186]}},{"type":"Feature","properties":{"t":"No.18","k":"chain","r":69.7},"geometry":{"type":"Point","coordinates":[127.45262,36.779124]}},{"type":"Feature","properties":{"t":"No.19","k":"chain","r":69.7},"geometry":{"type":"Point","coordinates":[127.452409,36.779063]}},{"type":"Feature","properties":{"t":"No.20","k":"chain","r":52.4},"geometry":{"type":"Point","coordinates":[127.452197,36.778985]}},{"type":"Feature","properties":{"t":"No.21","k":"chain","r":23.8},"geometry":{"type":"Point","coordinates":[127.452043,36.778838]}},{"type":"Feature","properties":{"t":"No.22","k":"chain","r":10.2},"geometry":{"type":"Point","coordinates":[127.451985,36.778658]}},{"type":"Feature","properties":{"t":"No.23","k":"chain","r":10.2},"geometry":{"type":"Point","coordinates":[127.451944,36.778481]}},{"type":"Feature","properties":{"t":"No.24","k":"chain","r":10.2},"geometry":{"type":"Point","coordinates":[127.451904,36.778304]}},{"type":"Feature","properties":{"t":"No.25","k":"chain","r":-6.0},"geometry":{"type":"Point","coordinates":[127.451877,36.778118]}},{"type":"Feature","properties":{"t":"No.26","k":"chain","r":-34.7},"geometry":{"type":"Point","coordinates":[127.451952,36.777936]}},{"type":"Feature","properties":{"t":"No.27","k":"chain","r":-63.3},"geometry":{"type":"Point","coordinates":[127.452127,36.777805]}},{"type":"Feature","properties":{"t":"No.28","k":"chain","r":-79.8},"geometry":{"type":"Point","coordinates":[127.45235,36.777753]}},{"type":"Feature","properties":{"t":"No.29","k":"chain","r":-79.8},"geometry":{"type":"Point","coordinates":[127.45257,36.77772]}},{"type":"Feature","properties":{"t":"No.30","k":"chain","r":-79.8},"geometry":{"type":"Point","coordinates":[127.452791,36.777687]}},{"type":"Feature","properties":{"t":"No.31","k":"chain","r":-79.8},"geometry":{"type":"Point","coordinates":[127.453011,36.777655]}},{"type":"Feature","properties":{"t":"No.32","k":"chain","r":-79.8},"geometry":{"type":"Point","coordinates":[127.453231,36.777622]}},{"type":"Feature","properties":{"t":"No.33","k":"chain","r":-79.8},"geometry":{"type":"Point","coordinates":[127.453451,36.777589]}},{"type":"Feature","properties":{"t":"No.34","k":"chain","r":-79.8},"geometry":{"type":"Point","coordinates":[127.453672,36.777556]}},{"type":"Feature","properties":{"t":"No.35","k":"chain","r":-79.8},"geometry":{"type":"Point","coordinates":[127.453892,36.777523]}},{"type":"Feature","properties":{"t":"No.36","k":"chain","r":-79.8},"geometry":{"type":"Point","coordinates":[127.454112,36.777491]}},{"type":"Feature","properties":{"t":"No.37","k":"chain","r":-79.8},"geometry":{"type":"Point","coordinates":[127.454333,36.777458]}},{"type":"Feature","properties":{"t":"No.38","k":"chain","r":-79.8},"geometry":{"type":"Point","coordinates":[127.454553,36.777425]}},{"type":"Feature","properties":{"t":"No.39","k":"chain","r":-79.8},"geometry":{"type":"Point","coordinates":[127.454773,36.777392]}},{"type":"Feature","properties":{"t":"No.39+19.05","k":"chain","r":-79.8},"geometry":{"type":"Point","coordinates":[127.454976,36.777329]}},{"type":"Feature","properties":{"t":"No.40","k":"chain","r":-79.8},"geometry":{"type":"Point","coordinates":[127.454994,36.777359]}},{"type":"Feature","properties":{"t":"No.40+4.72","k":"chain","r":-79.8},"geometry":{"type":"Point","coordinates":[127.455039,36.777325]}},{"type":"Feature","properties":{"t":"No.40+12.22","k":"chain","r":-79.8},"geometry":{"type":"Point","coordinates":[127.455121,36.777307]}},{"type":"Feature","properties":{"t":"No.0","k":"chain","r":-5.6},"geometry":{"type":"Point","coordinates":[127.465691,36.780763]}},{"type":"Feature","properties":{"t":"No.1","k":"chain","r":-5.6},"geometry":{"type":"Point","coordinates":[127.465712,36.780584]}},{"type":"Feature","properties":{"t":"No.1+1.75","k":"chain","r":-5.6},"geometry":{"type":"Point","coordinates":[127.46568,36.780566]}},{"type":"Feature","properties":{"t":"No.0","k":"chain","r":-5.6},"geometry":{"type":"Point","coordinates":[127.466217,36.780802]}},{"type":"Feature","properties":{"t":"No.0+10.95","k":"chain","r":-5.6},"geometry":{"type":"Point","coordinates":[127.466188,36.780701]}},{"type":"Feature","properties":{"t":"No.0+18.21","k":"chain","r":-5.6},"geometry":{"type":"Point","coordinates":[127.466195,36.780636]}},{"type":"Feature","properties":{"t":"No.1","k":"chain","r":-5.6},"geometry":{"type":"Point","coordinates":[127.466237,36.780623]}},{"type":"Feature","properties":{"t":"No.1+1.75","k":"chain","r":-5.6},"geometry":{"type":"Point","coordinates":[127.466205,36.780605]}},{"type":"Feature","properties":{"t":"No.1+7.75","k":"chain","r":-5.6},"geometry":{"type":"Point","coordinates":[127.466212,36.780551]}},{"type":"Feature","properties":{"t":"No.0","k":"chain","r":10.2},"geometry":{"type":"Point","coordinates":[127.466279,36.77881]}},{"type":"Feature","properties":{"t":"No.1","k":"chain","r":8.5},"geometry":{"type":"Point","coordinates":[127.466318,36.778988]}},{"type":"Feature","properties":{"t":"No.1+1.64","k":"chain","r":8.3},"geometry":{"type":"Point","coordinates":[127.466354,36.778999]}},{"type":"Feature","properties":{"t":"No.1+5.27","k":"chain","r":7.8},"geometry":{"type":"Point","coordinates":[127.46636,36.779032]}},{"type":"Feature","properties":{"t":"No.1+11.01","k":"chain","r":7.1},"geometry":{"type":"Point","coordinates":[127.466376,36.779083]}},{"type":"Feature","properties":{"t":"No.0","k":"chain","r":-30.3},"geometry":{"type":"Point","coordinates":[127.46971,36.78139]}},{"type":"Feature","properties":{"t":"No.0+3.50","k":"chain","r":-31.6},"geometry":{"type":"Point","coordinates":[127.469719,36.781432]}},{"type":"Feature","properties":{"t":"No.1","k":"chain","r":85.4},"geometry":{"type":"Point","coordinates":[127.469515,36.781503]}},{"type":"Feature","properties":{"t":"No.1+17.56","k":"chain","r":76.4},"geometry":{"type":"Point","coordinates":[127.469309,36.781501]}},{"type":"Feature","properties":{"t":"No.1+17.56","k":"chain","r":-67.7},"geometry":{"type":"Point","coordinates":[127.46935,36.781492]}},{"type":"Feature","properties":{"t":"No.2","k":"chain","r":-67.7},"geometry":{"type":"Point","coordinates":[127.469309,36.78147]}},{"type":"Feature","properties":{"t":"No.2+16.73","k":"chain","r":-67.7},"geometry":{"type":"Point","coordinates":[127.469152,36.781558]}},{"type":"Feature","properties":{"t":"No.3","k":"chain","r":-33.5},"geometry":{"type":"Point","coordinates":[127.469123,36.78154]}},{"type":"Feature","properties":{"t":"No.4","k":"chain","r":-33.5},"geometry":{"type":"Point","coordinates":[127.469,36.781691]}},{"type":"Feature","properties":{"t":"No.4+10.26","k":"chain","r":-33.5},"geometry":{"type":"Point","coordinates":[127.468971,36.781786]}},{"type":"Feature","properties":{"t":"No.5","k":"chain","r":-15.4},"geometry":{"type":"Point","coordinates":[127.468909,36.781845]}},{"type":"Feature","properties":{"t":"No.5+0.07","k":"chain","r":-15.4},"geometry":{"type":"Point","coordinates":[127.468941,36.781853]}},{"type":"Feature","properties":{"t":"No.5+0.07","k":"chain","r":-43.6},"geometry":{"type":"Point","coordinates":[127.468932,36.781876]}},{"type":"Feature","properties":{"t":"No.6","k":"chain","r":-43.6},"geometry":{"type":"Point","coordinates":[127.468754,36.781988]}},{"type":"Feature","properties":{"t":"No.7","k":"chain","r":-43.6},"geometry":{"type":"Point","coordinates":[127.468601,36.782119]}},{"type":"Feature","properties":{"t":"No.7+2.18","k":"chain","r":-43.6},"geometry":{"type":"Point","coordinates":[127.468609,36.782152]}},{"type":"Feature","properties":{"t":"No.7+2.18","k":"chain","r":85.5},"geometry":{"type":"Point","coordinates":[127.468564,36.782176]}},{"type":"Feature","properties":{"t":"No.8","k":"chain","r":85.5},"geometry":{"type":"Point","coordinates":[127.468368,36.782137]}},{"type":"Feature","properties":{"t":"No.8+8.18","k":"chain","r":85.5},"geometry":{"type":"Point","coordinates":[127.468274,36.782159]}},{"type":"Feature","properties":{"t":"No.8+8.18","k":"chain","r":-54.7},"geometry":{"type":"Point","coordinates":[127.468311,36.782143]}},{"type":"Feature","properties":{"t":"No.9","k":"chain","r":-54.7},"geometry":{"type":"Point","coordinates":[127.468184,36.782183]}},{"type":"Feature","properties":{"t":"No.10","k":"chain","r":-54.7},"geometry":{"type":"Point","coordinates":[127.468006,36.782292]}},{"type":"Feature","properties":{"t":"No.10+17.43","k":"chain","r":-54.7},"geometry":{"type":"Point","coordinates":[127.46787,36.78241]}},{"type":"Feature","properties":{"t":"No.0","k":"chain","r":10.2},"geometry":{"type":"Point","coordinates":[127.465418,36.778883]}},{"type":"Feature","properties":{"t":"No.0+6.00","k":"chain","r":10.2},"geometry":{"type":"Point","coordinates":[127.465464,36.778932]}},{"type":"Feature","properties":{"t":"No.0+11.66","k":"chain","r":10.2},"geometry":{"type":"Point","coordinates":[127.465482,36.778981]}},{"type":"Feature","properties":{"t":"No.1","k":"chain","r":10.2},"geometry":{"type":"Point","coordinates":[127.465459,36.779061]}},{"type":"Feature","properties":{"t":"No.1+17.00","k":"chain","r":10.2},"geometry":{"type":"Point","coordinates":[127.465533,36.779205]}},{"type":"Feature","properties":{"t":"No.2","k":"chain","r":10.2},"geometry":{"type":"Point","coordinates":[127.4655,36.779238]}},{"type":"Feature","properties":{"t":"No.3","k":"chain","r":10.2},"geometry":{"type":"Point","coordinates":[127.465541,36.779415]}},{"type":"Feature","properties":{"t":"No.4","k":"chain","r":10.2},"geometry":{"type":"Point","coordinates":[127.465582,36.779592]}},{"type":"Feature","properties":{"t":"No.5","k":"chain","r":10.2},"geometry":{"type":"Point","coordinates":[127.465622,36.779769]}},{"type":"Feature","properties":{"t":"No.6","k":"chain","r":10.2},"geometry":{"type":"Point","coordinates":[127.465663,36.779947]}},{"type":"Feature","properties":{"t":"No.7","k":"chain","r":10.2},"geometry":{"type":"Point","coordinates":[127.465704,36.780124]}},{"type":"Feature","properties":{"t":"No.8","k":"chain","r":10.2},"geometry":{"type":"Point","coordinates":[127.465745,36.780301]}},{"type":"Feature","properties":{"t":"No.9","k":"chain","r":10.2},"geometry":{"type":"Point","coordinates":[127.465786,36.780478]}},{"type":"Feature","properties":{"t":"No.9+1.60","k":"chain","r":10.2},"geometry":{"type":"Point","coordinates":[127.465822,36.780487]}},{"type":"Feature","properties":{"t":"No.9+1.60","k":"chain","r":84.4},"geometry":{"type":"Point","coordinates":[127.465757,36.780457]}},{"type":"Feature","properties":{"t":"No.10","k":"chain","r":84.4},"geometry":{"type":"Point","coordinates":[127.46596,36.780494]}},{"type":"Feature","properties":{"t":"No.11","k":"chain","r":84.4},"geometry":{"type":"Point","coordinates":[127.466183,36.780511]}},{"type":"Feature","properties":{"t":"No.11+4.17","k":"chain","r":84.4},"geometry":{"type":"Point","coordinates":[127.466232,36.780487]}},{"type":"Feature","properties":{"t":"No.11+4.17","k":"chain","r":-5.6},"geometry":{"type":"Point","coordinates":[127.466172,36.780548]}},{"type":"Feature","properties":{"t":"No.12","k":"chain","r":-5.6},"geometry":{"type":"Point","coordinates":[127.466221,36.780408]}},{"type":"Feature","properties":{"t":"No.13","k":"chain","r":-5.6},"geometry":{"type":"Point","coordinates":[127.466242,36.780229]}},{"type":"Feature","properties":{"t":"No.14","k":"chain","r":-5.6},"geometry":{"type":"Point","coordinates":[127.466262,36.780049]}},{"type":"Feature","properties":{"t":"No.15","k":"chain","r":-3.3},"geometry":{"type":"Point","coordinates":[127.46628,36.779871]}},{"type":"Feature","properties":{"t":"No.15+6.44","k":"chain","r":-2.5},"geometry":{"type":"Point","coordinates":[127.466249,36.779812]}},{"type":"Feature","properties":{"t":"No.16","k":"chain","r":-0.8},"geometry":{"type":"Point","coordinates":[127.466287,36.779692]}},{"type":"Feature","properties":{"t":"No.17","k":"chain","r":1.7},"geometry":{"type":"Point","coordinates":[127.466285,36.779513]}},{"type":"Feature","properties":{"t":"No.18","k":"chain","r":4.1},"geometry":{"type":"Point","coordinates":[127.466273,36.779334]}},{"type":"Feature","properties":{"t":"No.19","k":"chain","r":6.6},"geometry":{"type":"Point","coordinates":[127.466252,36.779156]}},{"type":"Feature","properties":{"t":"No.19+4.09","k":"chain","r":7.1},"geometry":{"type":"Point","coordinates":[127.466213,36.779123]}},{"type":"Feature","properties":{"t":"No.19+4.10","k":"chain","r":-79.8},"geometry":{"type":"Point","coordinates":[127.466303,36.779157]}},{"type":"Feature","properties":{"t":"No.20","k":"chain","r":-79.8},"geometry":{"type":"Point","coordinates":[127.466122,36.779156]}},{"type":"Feature","properties":{"t":"No.21","k":"chain","r":-79.8},"geometry":{"type":"Point","coordinates":[127.465902,36.779189]}},{"type":"Feature","properties":{"t":"No.22","k":"chain","r":-79.8},"geometry":{"type":"Point","coordinates":[127.465682,36.779222]}},{"type":"Feature","properties":{"t":"No.22+5.81","k":"chain","r":-79.8},"geometry":{"type":"Point","coordinates":[127.465624,36.779258]}},{"type":"Feature","properties":{"t":"No.22+11.47","k":"chain","r":-79.8},"geometry":{"type":"Point","coordinates":[127.465563,36.779272]}},{"type":"Feature","properties":{"t":"No.22+17.46","k":"chain","r":-79.8},"geometry":{"type":"Point","coordinates":[127.465497,36.779282]}},{"type":"Feature","properties":{"t":"No.0","k":"chain","r":-5.6},"geometry":{"type":"Point","coordinates":[127.463661,36.784372]}},{"type":"Feature","properties":{"t":"No.0+13.07","k":"chain","r":-5.6},"geometry":{"type":"Point","coordinates":[127.463688,36.784492]}},{"type":"Feature","properties":{"t":"No.0+14.57","k":"chain","r":-5.6},"geometry":{"type":"Point","coordinates":[127.463686,36.784506]}},{"type":"Feature","properties":{"t":"No.1","k":"chain","r":-5.6},"geometry":{"type":"Point","coordinates":[127.46364,36.784552]}},{"type":"Feature","properties":{"t":"No.1+15.43","k":"chain","r":-5.6},"geometry":{"type":"Point","coordinates":[127.463665,36.784693]}},{"type":"Feature","properties":{"t":"No.2","k":"chain","r":-5.6},"geometry":{"type":"Point","coordinates":[127.46362,36.784731]}},{"type":"Feature","properties":{"t":"No.2+11.24","k":"chain","r":-5.6},"geometry":{"type":"Point","coordinates":[127.463648,36.784835]}},{"type":"Feature","properties":{"t":"No.3","k":"chain","r":-5.6},"geometry":{"type":"Point","coordinates":[127.463599,36.78491]}},{"type":"Feature","properties":{"t":"No.3+6.11","k":"chain","r":-5.6},"geometry":{"type":"Point","coordinates":[127.463626,36.784968]}},{"type":"Feature","properties":{"t":"No.4","k":"chain","r":-5.6},"geometry":{"type":"Point","coordinates":[127.463579,36.78509]}},{"type":"Feature","properties":{"t":"No.5","k":"chain","r":-1.8},"geometry":{"type":"Point","coordinates":[127.463559,36.785268]}},{"type":"Feature","properties":{"t":"No.6","k":"chain","r":17.3},"geometry":{"type":"Point","coordinates":[127.463584,36.785439]}},{"type":"Feature","properties":{"t":"No.6+15.44","k":"chain","r":32.1},"geometry":{"type":"Point","coordinates":[127.463685,36.785544]}},{"type":"Feature","properties":{"t":"No.7","k":"chain","r":36.4},"geometry":{"type":"Point","coordinates":[127.463678,36.785594]}},{"type":"Feature","properties":{"t":"No.8","k":"chain","r":55.5},"geometry":{"type":"Point","coordinates":[127.46383,36.785716]}},{"type":"Feature","properties":{"t":"No.9","k":"chain","r":74.6},"geometry":{"type":"Point","coordinates":[127.464022,36.785791]}},{"type":"Feature","properties":{"t":"No.10","k":"chain","r":84.4},"geometry":{"type":"Point","coordinates":[127.46424,36.785811]}},{"type":"Feature","properties":{"t":"No.11","k":"chain","r":84.4},"geometry":{"type":"Point","coordinates":[127.464463,36.785827]}},{"type":"Feature","properties":{"t":"No.12","k":"chain","r":84.4},"geometry":{"type":"Point","coordinates":[127.464686,36.785844]}},{"type":"Feature","properties":{"t":"No.13","k":"chain","r":84.4},"geometry":{"type":"Point","coordinates":[127.464909,36.78586]}},{"type":"Feature","properties":{"t":"No.14","k":"chain","r":84.4},"geometry":{"type":"Point","coordinates":[127.465132,36.785877]}},{"type":"Feature","properties":{"t":"No.15","k":"chain","r":84.4},"geometry":{"type":"Point","coordinates":[127.465355,36.785894]}},{"type":"Feature","properties":{"t":"No.16","k":"chain","r":84.4},"geometry":{"type":"Point","coordinates":[127.465578,36.78591]}},{"type":"Feature","properties":{"t":"No.17","k":"chain","r":84.4},"geometry":{"type":"Point","coordinates":[127.465801,36.785927]}},{"type":"Feature","properties":{"t":"No.17+6.72","k":"chain","r":84.4},"geometry":{"type":"Point","coordinates":[127.46588,36.785905]}},{"type":"Feature","properties":{"t":"No.17+13.79","k":"chain","r":84.4},"geometry":{"type":"Point","coordinates":[127.465959,36.785906]}},{"type":"Feature","properties":{"t":"No.17+19.79","k":"chain","r":84.4},"geometry":{"type":"Point","coordinates":[127.466026,36.785911]}},{"type":"Feature","properties":{"t":"No.0","k":"chain","r":-79.8},"geometry":{"type":"Point","coordinates":[127.456197,36.777579]}},{"type":"Feature","properties":{"t":"No.0+10.50","k":"chain","r":-79.8},"geometry":{"type":"Point","coordinates":[127.456305,36.77753]}},{"type":"Feature","properties":{"t":"No.1","k":"chain","r":-79.8},"geometry":{"type":"Point","coordinates":[127.456417,36.777546]}},{"type":"Feature","properties":{"t":"No.1+11.83","k":"chain","r":-79.8},"geometry":{"type":"Point","coordinates":[127.45654,36.777495]}},{"type":"Feature","properties":{"t":"No.2","k":"chain","r":-79.8},"geometry":{"type":"Point","coordinates":[127.456638,36.777513]}},{"type":"Feature","properties":{"t":"No.3","k":"chain","r":-79.8},"geometry":{"type":"Point","coordinates":[127.456858,36.777481]}},{"type":"Feature","properties":{"t":"No.4","k":"chain","r":-79.8},"geometry":{"type":"Point","coordinates":[127.457078,36.777448]}},{"type":"Feature","properties":{"t":"No.4+16.87","k":"chain","r":-79.8},"geometry":{"type":"Point","coordinates":[127.457257,36.777388]}},{"type":"Feature","properties":{"t":"No.5","k":"chain","r":-79.8},"geometry":{"type":"Point","coordinates":[127.457299,36.777415]}},{"type":"Feature","properties":{"t":"No.5+9.87","k":"chain","r":-79.8},"geometry":{"type":"Point","coordinates":[127.457401,36.777372]}},{"type":"Feature","properties":{"t":"No.6","k":"chain","r":-79.8},"geometry":{"type":"Point","coordinates":[127.457519,36.777382]}},{"type":"Feature","properties":{"t":"No.6+4.87","k":"chain","r":-79.8},"geometry":{"type":"Point","coordinates":[127.457566,36.777348]}},{"type":"Feature","properties":{"t":"No.6+17.87","k":"chain","r":-79.8},"geometry":{"type":"Point","coordinates":[127.457708,36.777321]}},{"type":"Feature","properties":{"t":"No.7","k":"chain","r":-79.8},"geometry":{"type":"Point","coordinates":[127.457739,36.777349]}},{"type":"Feature","properties":{"t":"No.8","k":"chain","r":-79.8},"geometry":{"type":"Point","coordinates":[127.457959,36.777317]}},{"type":"Feature","properties":{"t":"No.9","k":"chain","r":-79.8},"geometry":{"type":"Point","coordinates":[127.45818,36.777284]}},{"type":"Feature","properties":{"t":"No.10","k":"chain","r":-79.8},"geometry":{"type":"Point","coordinates":[127.458399,36.777246]}},{"type":"Feature","properties":{"t":"No.11","k":"chain","r":-79.8},"geometry":{"type":"Point","coordinates":[127.458619,36.777213]}},{"type":"Feature","properties":{"t":"No.12","k":"chain","r":-79.8},"geometry":{"type":"Point","coordinates":[127.458839,36.77718]}},{"type":"Feature","properties":{"t":"No.13","k":"chain","r":-79.8},"geometry":{"type":"Point","coordinates":[127.45906,36.777147]}},{"type":"Feature","properties":{"t":"No.14","k":"chain","r":-79.8},"geometry":{"type":"Point","coordinates":[127.45928,36.777114]}},{"type":"Feature","properties":{"t":"No.15","k":"chain","r":-79.8},"geometry":{"type":"Point","coordinates":[127.4595,36.777082]}},{"type":"Feature","properties":{"t":"No.16","k":"chain","r":-79.8},"geometry":{"type":"Point","coordinates":[127.459721,36.777049]}},{"type":"Feature","properties":{"t":"No.17","k":"chain","r":-79.8},"geometry":{"type":"Point","coordinates":[127.459941,36.777016]}},{"type":"Feature","properties":{"t":"No.18","k":"chain","r":-79.8},"geometry":{"type":"Point","coordinates":[127.460161,36.776983]}},{"type":"Feature","properties":{"t":"No.19","k":"chain","r":-79.8},"geometry":{"type":"Point","coordinates":[127.460381,36.77695]}},{"type":"Feature","properties":{"t":"No.20","k":"chain","r":-79.8},"geometry":{"type":"Point","coordinates":[127.460602,36.776918]}},{"type":"Feature","properties":{"t":"No.21","k":"chain","r":-79.8},"geometry":{"type":"Point","coordinates":[127.460822,36.776885]}},{"type":"Feature","properties":{"t":"No.22","k":"chain","r":-79.8},"geometry":{"type":"Point","coordinates":[127.461042,36.776852]}},{"type":"Feature","properties":{"t":"No.23","k":"chain","r":-79.8},"geometry":{"type":"Point","coordinates":[127.461263,36.776819]}},{"type":"Feature","properties":{"t":"No.24","k":"chain","r":-79.8},"geometry":{"type":"Point","coordinates":[127.461483,36.776786]}},{"type":"Feature","properties":{"t":"No.25","k":"chain","r":-79.8},"geometry":{"type":"Point","coordinates":[127.461703,36.776754]}},{"type":"Feature","properties":{"t":"No.25+17.10","k":"chain","r":-79.8},"geometry":{"type":"Point","coordinates":[127.461884,36.776694]}},{"type":"Feature","properties":{"t":"No.26","k":"chain","r":-79.8},"geometry":{"type":"Point","coordinates":[127.461923,36.776721]}},{"type":"Feature","properties":{"t":"No.26+10.10","k":"chain","r":-79.8},"geometry":{"type":"Point","coordinates":[127.462027,36.776672]}},{"type":"Feature","properties":{"t":"No.27","k":"chain","r":-79.8},"geometry":{"type":"Point","coordinates":[127.462144,36.776688]}},{"type":"Feature","properties":{"t":"No.27+5.10","k":"chain","r":-79.8},"geometry":{"type":"Point","coordinates":[127.462194,36.776653]}},{"type":"Feature","properties":{"t":"No.27+18.10","k":"chain","r":-79.8},"geometry":{"type":"Point","coordinates":[127.462336,36.776626]}},{"type":"Feature","properties":{"t":"No.28","k":"chain","r":-79.8},"geometry":{"type":"Point","coordinates":[127.462364,36.776655]}},{"type":"Feature","properties":{"t":"No.29","k":"chain","r":-79.8},"geometry":{"type":"Point","coordinates":[127.462584,36.776622]}},{"type":"Feature","properties":{"t":"No.30","k":"chain","r":-79.8},"geometry":{"type":"Point","coordinates":[127.462805,36.776589]}},{"type":"Feature","properties":{"t":"No.31","k":"chain","r":-79.8},"geometry":{"type":"Point","coordinates":[127.463025,36.776557]}},{"type":"Feature","properties":{"t":"No.31+10.93","k":"chain","r":-79.8},"geometry":{"type":"Point","coordinates":[127.463138,36.776507]}},{"type":"Feature","properties":{"t":"No.32","k":"chain","r":-79.8},"geometry":{"type":"Point","coordinates":[127.463245,36.776524]}},{"type":"Feature","properties":{"t":"No.33","k":"chain","r":-79.8},"geometry":{"type":"Point","coordinates":[127.463465,36.776491]}},{"type":"Feature","properties":{"t":"No.34","k":"chain","r":-79.8},"geometry":{"type":"Point","coordinates":[127.463686,36.776458]}},{"type":"Feature","properties":{"t":"No.35","k":"chain","r":-79.8},"geometry":{"type":"Point","coordinates":[127.463906,36.776425]}},{"type":"Feature","properties":{"t":"No.36","k":"chain","r":-79.8},"geometry":{"type":"Point","coordinates":[127.464126,36.776393]}},{"type":"Feature","properties":{"t":"No.37","k":"chain","r":-79.8},"geometry":{"type":"Point","coordinates":[127.464347,36.77636]}},{"type":"Feature","properties":{"t":"No.38","k":"chain","r":-79.8},"geometry":{"type":"Point","coordinates":[127.464567,36.776327]}},{"type":"Feature","properties":{"t":"No.39","k":"chain","r":-79.8},"geometry":{"type":"Point","coordinates":[127.464787,36.776294]}},{"type":"Feature","properties":{"t":"No.40","k":"chain","r":-79.8},"geometry":{"type":"Point","coordinates":[127.465007,36.776261]}},{"type":"Feature","properties":{"t":"No.41","k":"chain","r":-79.8},"geometry":{"type":"Point","coordinates":[127.465228,36.776228]}},{"type":"Feature","properties":{"t":"No.42","k":"chain","r":-79.8},"geometry":{"type":"Point","coordinates":[127.465448,36.776196]}},{"type":"Feature","properties":{"t":"No.42+16.22","k":"chain","r":-79.8},"geometry":{"type":"Point","coordinates":[127.465619,36.776137]}},{"type":"Feature","properties":{"t":"No.43","k":"chain","r":-79.8},"geometry":{"type":"Point","coordinates":[127.465668,36.776163]}},{"type":"Feature","properties":{"t":"No.44","k":"chain","r":-79.8},"geometry":{"type":"Point","coordinates":[127.465888,36.77613]}},{"type":"Feature","properties":{"t":"No.44+10.53","k":"chain","r":-79.8},"geometry":{"type":"Point","coordinates":[127.465997,36.776081]}},{"type":"Feature","properties":{"t":"No.45","k":"chain","r":-79.8},"geometry":{"type":"Point","coordinates":[127.466109,36.776097]}},{"type":"Feature","properties":{"t":"No.46","k":"chain","r":-79.8},"geometry":{"type":"Point","coordinates":[127.466329,36.776064]}},{"type":"Feature","properties":{"t":"No.46+5.14","k":"chain","r":-79.8},"geometry":{"type":"Point","coordinates":[127.46638,36.776029]}},{"type":"Feature","properties":{"t":"No.46+10.95","k":"chain","r":-79.8},"geometry":{"type":"Point","coordinates":[127.466442,36.776014]}},{"type":"Feature","properties":{"t":"No.47","k":"chain","r":-79.8},"geometry":{"type":"Point","coordinates":[127.466549,36.776032]}},{"type":"Feature","properties":{"t":"No.48","k":"chain","r":-79.8},"geometry":{"type":"Point","coordinates":[127.46677,36.775999]}},{"type":"Feature","properties":{"t":"No.49","k":"chain","r":-79.8},"geometry":{"type":"Point","coordinates":[127.46699,36.775966]}},{"type":"Feature","properties":{"t":"No.50","k":"chain","r":-79.8},"geometry":{"type":"Point","coordinates":[127.46721,36.775933]}},{"type":"Feature","properties":{"t":"No.50+5.27","k":"chain","r":-79.8},"geometry":{"type":"Point","coordinates":[127.467262,36.775898]}},{"type":"Feature","properties":{"t":"No.51","k":"chain","r":-79.8},"geometry":{"type":"Point","coordinates":[127.46743,36.7759]}},{"type":"Feature","properties":{"t":"No.52","k":"chain","r":-79.8},"geometry":{"type":"Point","coordinates":[127.467651,36.775867]}},{"type":"Feature","properties":{"t":"No.53","k":"chain","r":-79.8},"geometry":{"type":"Point","coordinates":[127.467871,36.775835]}},{"type":"Feature","properties":{"t":"No.54","k":"chain","r":-79.8},"geometry":{"type":"Point","coordinates":[127.468091,36.775802]}},{"type":"Feature","properties":{"t":"No.55","k":"chain","r":-79.8},"geometry":{"type":"Point","coordinates":[127.468312,36.775769]}},{"type":"Feature","properties":{"t":"No.56","k":"chain","r":-79.8},"geometry":{"type":"Point","coordinates":[127.468532,36.775736]}},{"type":"Feature","properties":{"t":"No.57","k":"chain","r":-79.8},"geometry":{"type":"Point","coordinates":[127.468752,36.775703]}},{"type":"Feature","properties":{"t":"No.57+14.47","k":"chain","r":-79.8},"geometry":{"type":"Point","coordinates":[127.468904,36.775648]}},{"type":"Feature","properties":{"t":"No.58","k":"chain","r":-79.8},"geometry":{"type":"Point","coordinates":[127.468972,36.77567]}},{"type":"Feature","properties":{"t":"No.59","k":"chain","r":-79.8},"geometry":{"type":"Point","coordinates":[127.469193,36.775638]}},{"type":"Feature","properties":{"t":"No.59+2.43","k":"chain","r":-79.8},"geometry":{"type":"Point","coordinates":[127.469213,36.775607]}},{"type":"Feature","properties":{"t":"No.59+15.51","k":"chain","r":-79.8},"geometry":{"type":"Point","coordinates":[127.469356,36.77558]}},{"type":"Feature","properties":{"t":"No.60","k":"chain","r":-79.8},"geometry":{"type":"Point","coordinates":[127.469413,36.775605]}},{"type":"Feature","properties":{"t":"No.60+7.07","k":"chain","r":-79.8},"geometry":{"type":"Point","coordinates":[127.469485,36.775567]}},{"type":"Feature","properties":{"t":"No.0","k":"chain","r":-64.8},"geometry":{"type":"Point","coordinates":[127.454058,36.781714]}},{"type":"Feature","properties":{"t":"No.1","k":"chain","r":-69.3},"geometry":{"type":"Point","coordinates":[127.454265,36.781642]}},{"type":"Feature","properties":{"t":"No.2","k":"chain","r":-73.8},"geometry":{"type":"Point","coordinates":[127.454479,36.781583]}},{"type":"Feature","properties":{"t":"No.3","k":"chain","r":-78.3},"geometry":{"type":"Point","coordinates":[127.454698,36.781537]}},{"type":"Feature","properties":{"t":"No.4","k":"chain","r":-79.8},"geometry":{"type":"Point","coordinates":[127.454918,36.781503]}},{"type":"Feature","properties":{"t":"No.5","k":"chain","r":-79.8},"geometry":{"type":"Point","coordinates":[127.455139,36.78147]}},{"type":"Feature","properties":{"t":"No.6","k":"chain","r":-79.8},"geometry":{"type":"Point","coordinates":[127.455359,36.781438]}},{"type":"Feature","properties":{"t":"No.6+11.70","k":"chain","r":-79.8},"geometry":{"type":"Point","coordinates":[127.455481,36.781386]}},{"type":"Feature","properties":{"t":"No.7","k":"chain","r":-79.8},"geometry":{"type":"Point","coordinates":[127.455579,36.781405]}},{"type":"Feature","properties":{"t":"No.7+6.70","k":"chain","r":-79.8},"geometry":{"type":"Point","coordinates":[127.455647,36.781367]}},{"type":"Feature","properties":{"t":"No.7+19.41","k":"chain","r":-79.8},"geometry":{"type":"Point","coordinates":[127.455786,36.781341]}},{"type":"Feature","properties":{"t":"No.8","k":"chain","r":-79.8},"geometry":{"type":"Point","coordinates":[127.4558,36.781372]}},{"type":"Feature","properties":{"t":"No.8+13.60","k":"chain","r":-79.8},"geometry":{"type":"Point","coordinates":[127.455942,36.781318]}},{"type":"Feature","properties":{"t":"No.9","k":"chain","r":-79.8},"geometry":{"type":"Point","coordinates":[127.45602,36.781339]}},{"type":"Feature","properties":{"t":"No.10","k":"chain","r":-79.8},"geometry":{"type":"Point","coordinates":[127.456239,36.781301]}},{"type":"Feature","properties":{"t":"No.11","k":"chain","r":-79.8},"geometry":{"type":"Point","coordinates":[127.456459,36.781268]}},{"type":"Feature","properties":{"t":"No.12","k":"chain","r":-79.8},"geometry":{"type":"Point","coordinates":[127.45668,36.781235]}},{"type":"Feature","properties":{"t":"No.12+14.47","k":"chain","r":-79.8},"geometry":{"type":"Point","coordinates":[127.456832,36.78118]}},{"type":"Feature","properties":{"t":"No.13","k":"chain","r":-79.8},"geometry":{"type":"Point","coordinates":[127.4569,36.781203]}},{"type":"Feature","properties":{"t":"No.13+11.51","k":"chain","r":-79.8},"geometry":{"type":"Point","coordinates":[127.457019,36.781152]}},{"type":"Feature","properties":{"t":"No.14","k":"chain","r":-79.8},"geometry":{"type":"Point","coordinates":[127.45712,36.78117]}},{"type":"Feature","properties":{"t":"No.14+8.56","k":"chain","r":-79.8},"geometry":{"type":"Point","coordinates":[127.457208,36.781129]}},{"type":"Feature","properties":{"t":"No.15","k":"chain","r":-79.8},"geometry":{"type":"Point","coordinates":[127.45734,36.781137]}},{"type":"Feature","properties":{"t":"No.16","k":"chain","r":-79.8},"geometry":{"type":"Point","coordinates":[127.457561,36.781104]}},{"type":"Feature","properties":{"t":"No.17","k":"chain","r":-79.8},"geometry":{"type":"Point","coordinates":[127.457781,36.781071]}},{"type":"Feature","properties":{"t":"No.18","k":"chain","r":-79.8},"geometry":{"type":"Point","coordinates":[127.458001,36.781039]}},{"type":"Feature","properties":{"t":"No.18+8.91","k":"chain","r":-79.8},"geometry":{"type":"Point","coordinates":[127.458093,36.780997]}},{"type":"Feature","properties":{"t":"No.19","k":"chain","r":-79.8},"geometry":{"type":"Point","coordinates":[127.458222,36.781006]}},{"type":"Feature","properties":{"t":"No.19+10.19","k":"chain","r":-79.8},"geometry":{"type":"Point","coordinates":[127.458327,36.780957]}},{"type":"Feature","properties":{"t":"No.20","k":"chain","r":-79.8},"geometry":{"type":"Point","coordinates":[127.458442,36.780973]}},{"type":"Feature","properties":{"t":"No.20+3.43","k":"chain","r":-79.8},"geometry":{"type":"Point","coordinates":[127.458474,36.780941]}},{"type":"Feature","properties":{"t":"No.21","k":"chain","r":-79.8},"geometry":{"type":"Point","coordinates":[127.458662,36.78094]}},{"type":"Feature","properties":{"t":"No.21+17.88","k":"chain","r":-79.8},"geometry":{"type":"Point","coordinates":[127.458852,36.780879]}},{"type":"Feature","properties":{"t":"No.22","k":"chain","r":-79.8},"geometry":{"type":"Point","coordinates":[127.458883,36.780907]}},{"type":"Feature","properties":{"t":"No.23","k":"chain","r":-79.8},"geometry":{"type":"Point","coordinates":[127.459103,36.780874]}},{"type":"Feature","properties":{"t":"No.24","k":"chain","r":-79.8},"geometry":{"type":"Point","coordinates":[127.459323,36.780842]}},{"type":"Feature","properties":{"t":"No.25","k":"chain","r":-79.8},"geometry":{"type":"Point","coordinates":[127.459543,36.780809]}},{"type":"Feature","properties":{"t":"No.26","k":"chain","r":-79.8},"geometry":{"type":"Point","coordinates":[127.459764,36.780776]}},{"type":"Feature","properties":{"t":"No.27","k":"chain","r":-80.4},"geometry":{"type":"Point","coordinates":[127.459984,36.780744]}},{"type":"Feature","properties":{"t":"No.28","k":"chain","r":-81.6},"geometry":{"type":"Point","coordinates":[127.460206,36.780714]}},{"type":"Feature","properties":{"t":"No.29","k":"chain","r":-82.7},"geometry":{"type":"Point","coordinates":[127.460429,36.780688]}},{"type":"Feature","properties":{"t":"No.30","k":"chain","r":-83.9},"geometry":{"type":"Point","coordinates":[127.460652,36.780666]}},{"type":"Feature","properties":{"t":"No.31","k":"chain","r":-85.0},"geometry":{"type":"Point","coordinates":[127.460875,36.780648]}},{"type":"Feature","properties":{"t":"No.32","k":"chain","r":-86.1},"geometry":{"type":"Point","coordinates":[127.461099,36.780632]}},{"type":"Feature","properties":{"t":"No.33","k":"chain","r":-87.3},"geometry":{"type":"Point","coordinates":[127.461323,36.780621]}},{"type":"Feature","properties":{"t":"No.34","k":"chain","r":-88.4},"geometry":{"type":"Point","coordinates":[127.461548,36.780613]}},{"type":"Feature","properties":{"t":"No.35","k":"chain","r":-89.6},"geometry":{"type":"Point","coordinates":[127.461772,36.780609]}},{"type":"Feature","properties":{"t":"No.36","k":"chain","r":89.3},"geometry":{"type":"Point","coordinates":[127.461997,36.780608]}},{"type":"Feature","properties":{"t":"No.37","k":"chain","r":88.1},"geometry":{"type":"Point","coordinates":[127.462222,36.780611]}},{"type":"Feature","properties":{"t":"No.38","k":"chain","r":87.0},"geometry":{"type":"Point","coordinates":[127.462446,36.780618]}},{"type":"Feature","properties":{"t":"No.39","k":"chain","r":85.8},"geometry":{"type":"Point","coordinates":[127.462671,36.780628]}},{"type":"Feature","properties":{"t":"No.40","k":"chain","r":84.7},"geometry":{"type":"Point","coordinates":[127.462895,36.780642]}},{"type":"Feature","properties":{"t":"No.41","k":"chain","r":84.4},"geometry":{"type":"Point","coordinates":[127.463118,36.780659]}},{"type":"Feature","properties":{"t":"No.41+3.42","k":"chain","r":84.4},"geometry":{"type":"Point","coordinates":[127.463159,36.780635]}},{"type":"Feature","properties":{"t":"No.41+13.51","k":"chain","r":84.4},"geometry":{"type":"Point","coordinates":[127.463272,36.780637]}},{"type":"Feature","properties":{"t":"No.43","k":"chain","r":84.4},"geometry":{"type":"Point","coordinates":[127.463564,36.780692]}},{"type":"Feature","properties":{"t":"No.43+16.17","k":"chain","r":84.4},"geometry":{"type":"Point","coordinates":[127.463748,36.780673]}},{"type":"Feature","properties":{"t":"No.44","k":"chain","r":84.4},"geometry":{"type":"Point","coordinates":[127.463787,36.780708]}},{"type":"Feature","properties":{"t":"No.44+1.95","k":"chain","r":84.4},"geometry":{"type":"Point","coordinates":[127.463812,36.780683]}},{"type":"Feature","properties":{"t":"No.45","k":"chain","r":84.4},"geometry":{"type":"Point","coordinates":[127.46401,36.780725]}},{"type":"Feature","properties":{"t":"No.45+1.10","k":"chain","r":84.4},"geometry":{"type":"Point","coordinates":[127.464026,36.780699]}},{"type":"Feature","properties":{"t":"No.46","k":"chain","r":84.4},"geometry":{"type":"Point","coordinates":[127.464234,36.780741]}},{"type":"Feature","properties":{"t":"No.47","k":"chain","r":84.4},"geometry":{"type":"Point","coordinates":[127.464457,36.780758]}},{"type":"Feature","properties":{"t":"No.48","k":"chain","r":84.4},"geometry":{"type":"Point","coordinates":[127.46468,36.780775]}},{"type":"Feature","properties":{"t":"No.48+12.37","k":"chain","r":84.4},"geometry":{"type":"Point","coordinates":[127.464821,36.780753]}},{"type":"Feature","properties":{"t":"No.49","k":"chain","r":84.4},"geometry":{"type":"Point","coordinates":[127.464903,36.780791]}},{"type":"Feature","properties":{"t":"No.49+8.45","k":"chain","r":84.4},"geometry":{"type":"Point","coordinates":[127.465,36.780771]}},{"type":"Feature","properties":{"t":"No.50","k":"chain","r":84.4},"geometry":{"type":"Point","coordinates":[127.465126,36.780808]}},{"type":"Feature","properties":{"t":"No.50+2.37","k":"chain","r":84.4},"geometry":{"type":"Point","coordinates":[127.465155,36.780783]}},{"type":"Feature","properties":{"t":"No.50+8.51","k":"chain","r":84.4},"geometry":{"type":"Point","coordinates":[127.465224,36.780788]}},{"type":"Feature","properties":{"t":"No.51","k":"chain","r":84.4},"geometry":{"type":"Point","coordinates":[127.465349,36.780824]}},{"type":"Feature","properties":{"t":"No.51+12.98","k":"chain","r":84.4},"geometry":{"type":"Point","coordinates":[127.465497,36.780803]}},{"type":"Feature","properties":{"t":"No.51+14.47","k":"chain","r":84.4},"geometry":{"type":"Point","coordinates":[127.465514,36.780804]}},{"type":"Feature","properties":{"t":"No.52","k":"chain","r":84.4},"geometry":{"type":"Point","coordinates":[127.465572,36.780841]}},{"type":"Feature","properties":{"t":"No.52+7.98","k":"chain","r":84.4},"geometry":{"type":"Point","coordinates":[127.465664,36.780821]}},{"type":"Feature","properties":{"t":"No.52+9.47","k":"chain","r":84.4},"geometry":{"type":"Point","coordinates":[127.465681,36.780822]}},{"type":"Feature","properties":{"t":"No.53","k":"chain","r":84.4},"geometry":{"type":"Point","coordinates":[127.465795,36.780858]}},{"type":"Feature","properties":{"t":"No.54","k":"chain","r":84.4},"geometry":{"type":"Point","coordinates":[127.466018,36.780874]}},{"type":"Feature","properties":{"t":"No.55","k":"chain","r":84.4},"geometry":{"type":"Point","coordinates":[127.466241,36.780891]}},{"type":"Feature","properties":{"t":"No.56","k":"chain","r":84.4},"geometry":{"type":"Point","coordinates":[127.466464,36.780907]}},{"type":"Feature","properties":{"t":"No.56+12.09","k":"chain","r":84.4},"geometry":{"type":"Point","coordinates":[127.466603,36.780885]}},{"type":"Feature","properties":{"t":"No.57","k":"chain","r":84.4},"geometry":{"type":"Point","coordinates":[127.466688,36.780924]}},{"type":"Feature","properties":{"t":"No.58","k":"chain","r":84.4},"geometry":{"type":"Point","coordinates":[127.466911,36.78094]}},{"type":"Feature","properties":{"t":"No.59","k":"chain","r":84.4},"geometry":{"type":"Point","coordinates":[127.467134,36.780957]}},{"type":"Feature","properties":{"t":"No.59+6.66","k":"chain","r":84.4},"geometry":{"type":"Point","coordinates":[127.467211,36.780936]}},{"type":"Feature","properties":{"t":"No.59+14.59","k":"chain","r":84.4},"geometry":{"type":"Point","coordinates":[127.4673,36.780937]}},{"type":"Feature","properties":{"t":"No.59+17.05","k":"chain","r":84.4},"geometry":{"type":"Point","coordinates":[127.467328,36.780939]}},{"type":"Feature","properties":{"t":"No.60","k":"chain","r":84.4},"geometry":{"type":"Point","coordinates":[127.467357,36.780974]}},{"type":"Feature","properties":{"t":"No.60+5.67","k":"chain","r":84.4},"geometry":{"type":"Point","coordinates":[127.467423,36.780951]}},{"type":"Feature","properties":{"t":"No.61","k":"chain","r":84.4},"geometry":{"type":"Point","coordinates":[127.46758,36.78099]}},{"type":"Feature","properties":{"t":"No.62","k":"chain","r":84.4},"geometry":{"type":"Point","coordinates":[127.467803,36.781007]}},{"type":"Feature","properties":{"t":"No.63","k":"chain","r":84.4},"geometry":{"type":"Point","coordinates":[127.468026,36.781023]}},{"type":"Feature","properties":{"t":"No.64","k":"chain","r":84.4},"geometry":{"type":"Point","coordinates":[127.468249,36.78104]}},{"type":"Feature","properties":{"t":"No.65","k":"chain","r":84.4},"geometry":{"type":"Point","coordinates":[127.468472,36.781056]}},{"type":"Feature","properties":{"t":"No.65+7.26","k":"chain","r":84.4},"geometry":{"type":"Point","coordinates":[127.468556,36.781036]}},{"type":"Feature","properties":{"t":"No.66","k":"chain","r":82.7},"geometry":{"type":"Point","coordinates":[127.468696,36.781074]}},{"type":"Feature","properties":{"t":"No.67","k":"chain","r":77.0},"geometry":{"type":"Point","coordinates":[127.46892,36.781104]}},{"type":"Feature","properties":{"t":"No.67+4.69","k":"chain","r":75.6},"geometry":{"type":"Point","coordinates":[127.468981,36.781087]}},{"type":"Feature","properties":{"t":"No.68","k":"chain","r":71.2},"geometry":{"type":"Point","coordinates":[127.46914,36.781152]}},{"type":"Feature","properties":{"t":"No.69","k":"chain","r":65.5},"geometry":{"type":"Point","coordinates":[127.469352,36.781218]}},{"type":"Feature","properties":{"t":"No.70","k":"chain","r":59.8},"geometry":{"type":"Point","coordinates":[127.469555,36.7813]}},{"type":"Feature","properties":{"t":"No.70+0.21","k":"chain","r":59.7},"geometry":{"type":"Point","coordinates":[127.469574,36.781277]}},{"type":"Feature","properties":{"t":"No.71","k":"chain","r":59.7},"geometry":{"type":"Point","coordinates":[127.469749,36.78139]}},{"type":"Feature","properties":{"t":"No.72","k":"chain","r":59.7},"geometry":{"type":"Point","coordinates":[127.469943,36.78148]}},{"type":"Feature","properties":{"t":"No.73","k":"chain","r":59.7},"geometry":{"type":"Point","coordinates":[127.470137,36.78157]}},{"type":"Feature","properties":{"t":"No.74","k":"chain","r":59.7},"geometry":{"type":"Point","coordinates":[127.470331,36.78166]}},{"type":"Feature","properties":{"t":"No.75","k":"chain","r":59.7},"geometry":{"type":"Point","coordinates":[127.470525,36.781751]}},{"type":"Feature","properties":{"t":"No.76","k":"chain","r":59.7},"geometry":{"type":"Point","coordinates":[127.470719,36.781841]}},{"type":"Feature","properties":{"t":"No.0","k":"chain","r":-0.9},"geometry":{"type":"Point","coordinates":[127.464006,36.780764]}},{"type":"Feature","properties":{"t":"No.0+17.34","k":"chain","r":1.3},"geometry":{"type":"Point","coordinates":[127.463965,36.78061]}},{"type":"Feature","properties":{"t":"No.1","k":"chain","r":1.6},"geometry":{"type":"Point","coordinates":[127.464004,36.780585]}},{"type":"Feature","properties":{"t":"No.1+3.19","k":"chain","r":2.0},"geometry":{"type":"Point","coordinates":[127.463969,36.780558]}},{"type":"Feature","properties":{"t":"No.1+6.49","k":"chain","r":2.5},"geometry":{"type":"Point","coordinates":[127.463968,36.780528]}},{"type":"Feature","properties":{"t":"No.2","k":"chain","r":4.2},"geometry":{"type":"Point","coordinates":[127.463992,36.780406]}},{"type":"Feature","properties":{"t":"No.3","k":"chain","r":6.7},"geometry":{"type":"Point","coordinates":[127.463971,36.780228]}},{"type":"Feature","properties":{"t":"No.4","k":"chain","r":9.3},"geometry":{"type":"Point","coordinates":[127.463939,36.78005]}},{"type":"Feature","properties":{"t":"No.5","k":"chain","r":10.2},"geometry":{"type":"Point","coordinates":[127.463899,36.779873]}},{"type":"Feature","properties":{"t":"No.6","k":"chain","r":10.2},"geometry":{"type":"Point","coordinates":[127.463858,36.779696]}},{"type":"Feature","properties":{"t":"No.7","k":"chain","r":10.2},"geometry":{"type":"Point","coordinates":[127.463818,36.779519]}},{"type":"Feature","properties":{"t":"No.8","k":"chain","r":10.2},"geometry":{"type":"Point","coordinates":[127.463777,36.779342]}},{"type":"Feature","properties":{"t":"No.9","k":"chain","r":10.2},"geometry":{"type":"Point","coordinates":[127.463736,36.779164]}},{"type":"Feature","properties":{"t":"No.9+0.93","k":"chain","r":10.2},"geometry":{"type":"Point","coordinates":[127.463701,36.779161]}},{"type":"Feature","properties":{"t":"No.10","k":"chain","r":10.2},"geometry":{"type":"Point","coordinates":[127.463689,36.778988]}},{"type":"Feature","properties":{"t":"No.11","k":"chain","r":10.2},"geometry":{"type":"Point","coordinates":[127.463648,36.778811]}},{"type":"Feature","properties":{"t":"No.12","k":"chain","r":10.2},"geometry":{"type":"Point","coordinates":[127.463607,36.778634]}},{"type":"Feature","properties":{"t":"No.13","k":"chain","r":10.2},"geometry":{"type":"Point","coordinates":[127.463566,36.778457]}},{"type":"Feature","properties":{"t":"No.14","k":"chain","r":10.2},"geometry":{"type":"Point","coordinates":[127.463525,36.778279]}},{"type":"Feature","properties":{"t":"No.15","k":"chain","r":10.2},"geometry":{"type":"Point","coordinates":[127.463485,36.778102]}},{"type":"Feature","properties":{"t":"No.16","k":"chain","r":10.2},"geometry":{"type":"Point","coordinates":[127.463444,36.777925]}},{"type":"Feature","properties":{"t":"No.17","k":"chain","r":10.2},"geometry":{"type":"Point","coordinates":[127.463403,36.777748]}},{"type":"Feature","properties":{"t":"No.18","k":"chain","r":10.2},"geometry":{"type":"Point","coordinates":[127.463362,36.777571]}},{"type":"Feature","properties":{"t":"No.18+2.23","k":"chain","r":10.2},"geometry":{"type":"Point","coordinates":[127.463325,36.777556]}},{"type":"Feature","properties":{"t":"No.18+15.23","k":"chain","r":10.2},"geometry":{"type":"Point","coordinates":[127.463291,36.777442]}},{"type":"Feature","properties":{"t":"No.19","k":"chain","r":10.2},"geometry":{"type":"Point","coordinates":[127.463321,36.777393]}},{"type":"Feature","properties":{"t":"No.19+10.23","k":"chain","r":10.2},"geometry":{"type":"Point","coordinates":[127.463261,36.777309]}},{"type":"Feature","properties":{"t":"No.20","k":"chain","r":10.2},"geometry":{"type":"Point","coordinates":[127.463281,36.777216]}},{"type":"Feature","properties":{"t":"No.20+3.23","k":"chain","r":10.2},"geometry":{"type":"Point","coordinates":[127.463241,36.777192]}},{"type":"Feature","properties":{"t":"No.20+7.15","k":"chain","r":10.2},"geometry":{"type":"Point","coordinates":[127.463233,36.777158]}},{"type":"Feature","properties":{"t":"No.20+15.99","k":"chain","r":10.2},"geometry":{"type":"Point","coordinates":[127.463208,36.77708]}},{"type":"Feature","properties":{"t":"No.21","k":"chain","r":10.2},"geometry":{"type":"Point","coordinates":[127.46324,36.777039]}},{"type":"Feature","properties":{"t":"No.21+15.53","k":"chain","r":10.2},"geometry":{"type":"Point","coordinates":[127.463168,36.776907]}},{"type":"Feature","properties":{"t":"No.22","k":"chain","r":10.2},"geometry":{"type":"Point","coordinates":[127.463199,36.776862]}},{"type":"Feature","properties":{"t":"No.22+19.93","k":"chain","r":10.2},"geometry":{"type":"Point","coordinates":[127.463119,36.776691]}},{"type":"Feature","properties":{"t":"No.23","k":"chain","r":10.2},"geometry":{"type":"Point","coordinates":[127.463158,36.776685]}},{"type":"Feature","properties":{"t":"No.23+11.93","k":"chain","r":10.2},"geometry":{"type":"Point","coordinates":[127.463094,36.776585]}},{"type":"Feature","properties":{"t":"No.0","k":"chain","r":-0.9},"geometry":{"type":"Point","coordinates":[127.46406,36.780743]}},{"type":"Feature","properties":{"t":"No.0+14.16","k":"chain","r":-2.7},"geometry":{"type":"Point","coordinates":[127.464096,36.780873]}},{"type":"Feature","properties":{"t":"No.1","k":"chain","r":-3.5},"geometry":{"type":"Point","coordinates":[127.464053,36.780924]}},{"type":"Feature","properties":{"t":"No.1+2.23","k":"chain","r":-3.7},"geometry":{"type":"Point","coordinates":[127.464085,36.780946]}},{"type":"Feature","properties":{"t":"No.1+4.25","k":"chain","r":-4.0},"geometry":{"type":"Point","coordinates":[127.464084,36.780964]}},{"type":"Feature","properties":{"t":"No.2","k":"chain","r":-5.6},"geometry":{"type":"Point","coordinates":[127.464036,36.781105]}},{"type":"Feature","properties":{"t":"No.2+0.06","k":"chain","r":-5.6},"geometry":{"type":"Point","coordinates":[127.46407,36.781108]}},{"type":"Feature","properties":{"t":"No.2+15.06","k":"chain","r":-5.6},"geometry":{"type":"Point","coordinates":[127.464061,36.781243]}},{"type":"Feature","properties":{"t":"No.3","k":"chain","r":-5.6},"geometry":{"type":"Point","coordinates":[127.464016,36.781284]}},{"type":"Feature","properties":{"t":"No.4","k":"chain","r":-5.6},"geometry":{"type":"Point","coordinates":[127.463995,36.781464]}},{"type":"Feature","properties":{"t":"No.5","k":"chain","r":-5.6},"geometry":{"type":"Point","coordinates":[127.463974,36.781643]}},{"type":"Feature","properties":{"t":"No.6","k":"chain","r":-5.6},"geometry":{"type":"Point","coordinates":[127.463954,36.781823]}},{"type":"Feature","properties":{"t":"No.7","k":"chain","r":-5.6},"geometry":{"type":"Point","coordinates":[127.463933,36.782002]}},{"type":"Feature","properties":{"t":"No.7+7.44","k":"chain","r":-5.6},"geometry":{"type":"Point","coordinates":[127.463959,36.782071]}},{"type":"Feature","properties":{"t":"No.8","k":"chain","r":-5.6},"geometry":{"type":"Point","coordinates":[127.463913,36.782181]}},{"type":"Feature","properties":{"t":"No.8+2.01","k":"chain","r":-5.6},"geometry":{"type":"Point","coordinates":[127.463944,36.782202]}},{"type":"Feature","properties":{"t":"No.9","k":"chain","r":-5.6},"geometry":{"type":"Point","coordinates":[127.463892,36.782361]}},{"type":"Feature","properties":{"t":"No.10","k":"chain","r":-5.6},"geometry":{"type":"Point","coordinates":[127.463878,36.782541]}},{"type":"Feature","properties":{"t":"No.11","k":"chain","r":-5.6},"geometry":{"type":"Point","coordinates":[127.463857,36.78272]}},{"type":"Feature","properties":{"t":"No.12","k":"chain","r":-5.6},"geometry":{"type":"Point","coordinates":[127.463837,36.7829]}},{"type":"Feature","properties":{"t":"No.13","k":"chain","r":-5.6},"geometry":{"type":"Point","coordinates":[127.463816,36.783079]}},{"type":"Feature","properties":{"t":"No.14","k":"chain","r":-5.6},"geometry":{"type":"Point","coordinates":[127.463796,36.783259]}},{"type":"Feature","properties":{"t":"No.15","k":"chain","r":-5.6},"geometry":{"type":"Point","coordinates":[127.463775,36.783438]}},{"type":"Feature","properties":{"t":"No.16","k":"chain","r":-5.6},"geometry":{"type":"Point","coordinates":[127.463754,36.783618]}},{"type":"Feature","properties":{"t":"No.17","k":"chain","r":-5.6},"geometry":{"type":"Point","coordinates":[127.463734,36.783797]}},{"type":"Feature","properties":{"t":"No.18","k":"chain","r":-5.6},"geometry":{"type":"Point","coordinates":[127.463713,36.783976]}},{"type":"Feature","properties":{"t":"No.19","k":"chain","r":-5.6},"geometry":{"type":"Point","coordinates":[127.463693,36.784156]}},{"type":"Feature","properties":{"t":"No.19+11.05","k":"chain","r":-5.6},"geometry":{"type":"Point","coordinates":[127.463721,36.784258]}},{"type":"Feature","properties":{"t":"No.20","k":"chain","r":-5.6},"geometry":{"type":"Point","coordinates":[127.463672,36.784335]}},{"type":"Feature","properties":{"t":"No.20+4.15","k":"chain","r":-5.6},"geometry":{"type":"Point","coordinates":[127.463701,36.784375]}},{"type":"Feature","properties":{"t":"No.0","k":"chain","r":84.4},"geometry":{"type":"Point","coordinates":[127.463622,36.784358]}},{"type":"Feature","properties":{"t":"No.0+7.50","k":"chain","r":84.4},"geometry":{"type":"Point","coordinates":[127.463709,36.784338]}},{"type":"Feature","properties":{"t":"No.0+14.57","k":"chain","r":84.4},"geometry":{"type":"Point","coordinates":[127.463788,36.784338]}},{"type":"Feature","properties":{"t":"No.1","k":"chain","r":84.4},"geometry":{"type":"Point","coordinates":[127.463845,36.784375]}},{"type":"Feature","properties":{"t":"No.2","k":"chain","r":84.4},"geometry":{"type":"Point","coordinates":[127.464068,36.784392]}},{"type":"Feature","properties":{"t":"No.3","k":"chain","r":84.4},"geometry":{"type":"Point","coordinates":[127.464291,36.784408]}},{"type":"Feature","properties":{"t":"No.4","k":"chain","r":84.4},"geometry":{"type":"Point","coordinates":[127.464514,36.784425]}},{"type":"Feature","properties":{"t":"No.5","k":"chain","r":84.4},"geometry":{"type":"Point","coordinates":[127.464738,36.784441]}},{"type":"Feature","properties":{"t":"No.6","k":"chain","r":84.4},"geometry":{"type":"Point","coordinates":[127.464961,36.784458]}},{"type":"Feature","properties":{"t":"No.7","k":"chain","r":84.4},"geometry":{"type":"Point","coordinates":[127.465184,36.784474]}},{"type":"Feature","properties":{"t":"No.8","k":"chain","r":84.4},"geometry":{"type":"Point","coordinates":[127.465407,36.784491]}},{"type":"Feature","properties":{"t":"No.9","k":"chain","r":84.4},"geometry":{"type":"Point","coordinates":[127.46563,36.784508]}},{"type":"Feature","properties":{"t":"No.10","k":"chain","r":84.4},"geometry":{"type":"Point","coordinates":[127.465854,36.784519]}},{"type":"Feature","properties":{"t":"No.10+16.45","k":"chain","r":84.4},"geometry":{"type":"Point","coordinates":[127.466041,36.7845]}},{"type":"Feature","properties":{"t":"No.11","k":"chain","r":84.4},"geometry":{"type":"Point","coordinates":[127.466077,36.784535]}},{"type":"Feature","properties":{"t":"No.11+3.52","k":"chain","r":84.4},"geometry":{"type":"Point","coordinates":[127.466119,36.784511]}},{"type":"Feature","properties":{"t":"No.11+9.52","k":"chain","r":84.4},"geometry":{"type":"Point","coordinates":[127.466186,36.784516]}},{"type":"Feature","properties":{"t":"No.0","k":"chain","r":84.4},"geometry":{"type":"Point","coordinates":[127.463908,36.7821]}},{"type":"Feature","properties":{"t":"No.0+7.50","k":"chain","r":84.4},"geometry":{"type":"Point","coordinates":[127.463822,36.782121]}},{"type":"Feature","properties":{"t":"No.0+13.07","k":"chain","r":84.4},"geometry":{"type":"Point","coordinates":[127.463759,36.782122]}},{"type":"Feature","properties":{"t":"No.0+14.57","k":"chain","r":84.4},"geometry":{"type":"Point","coordinates":[127.463742,36.78212]}},{"type":"Feature","properties":{"t":"No.1","k":"chain","r":84.4},"geometry":{"type":"Point","coordinates":[127.463685,36.782084]}},{"type":"Feature","properties":{"t":"No.2","k":"chain","r":84.4},"geometry":{"type":"Point","coordinates":[127.463462,36.782067]}},{"type":"Feature","properties":{"t":"No.3","k":"chain","r":84.4},"geometry":{"type":"Point","coordinates":[127.463239,36.78205]}},{"type":"Feature","properties":{"t":"No.4","k":"chain","r":84.4},"geometry":{"type":"Point","coordinates":[127.463016,36.782034]}},{"type":"Feature","properties":{"t":"No.4+10.48","k":"chain","r":84.0},"geometry":{"type":"Point","coordinates":[127.462895,36.782057]}},{"type":"Feature","properties":{"t":"No.4+11.60","k":"chain","r":83.8},"geometry":{"type":"Point","coordinates":[127.462882,36.782056]}},{"type":"Feature","properties":{"t":"No.5","k":"chain","r":82.9},"geometry":{"type":"Point","coordinates":[127.462792,36.782016]}},{"type":"Feature","properties":{"t":"No.5+11.92","k":"chain","r":81.5},"geometry":{"type":"Point","coordinates":[127.462654,36.782034]}},{"type":"Feature","properties":{"t":"No.6","k":"chain","r":80.6},"geometry":{"type":"Point","coordinates":[127.462569,36.781991]}},{"type":"Feature","properties":{"t":"No.6+11.54","k":"chain","r":79.3},"geometry":{"type":"Point","coordinates":[127.462434,36.782005]}},{"type":"Feature","properties":{"t":"No.0","k":"chain","r":-5.6},"geometry":{"type":"Point","coordinates":[127.466638,36.780936]}},{"type":"Feature","properties":{"t":"No.0+13.75","k":"chain","r":-5.6},"geometry":{"type":"Point","coordinates":[127.466664,36.781063]}},{"type":"Feature","properties":{"t":"No.1","k":"chain","r":-5.6},"geometry":{"type":"Point","coordinates":[127.466617,36.781116]}},{"type":"Feature","properties":{"t":"No.1+3.30","k":"chain","r":-5.6},"geometry":{"type":"Point","coordinates":[127.466647,36.781148]}},{"type":"Feature","properties":{"t":"No.2","k":"chain","r":-5.6},"geometry":{"type":"Point","coordinates":[127.466596,36.781295]}},{"type":"Feature","properties":{"t":"No.2+4.82","k":"chain","r":-5.6},"geometry":{"type":"Point","coordinates":[127.466625,36.781341]}},{"type":"Feature","properties":{"t":"No.2+19.48","k":"chain","r":-5.6},"geometry":{"type":"Point","coordinates":[127.466617,36.781473]}},{"type":"Feature","properties":{"t":"No.3","k":"chain","r":-5.6},"geometry":{"type":"Point","coordinates":[127.466576,36.781475]}},{"type":"Feature","properties":{"t":"No.4","k":"chain","r":-5.6},"geometry":{"type":"Point","coordinates":[127.466555,36.781654]}},{"type":"Feature","properties":{"t":"No.5","k":"chain","r":-5.6},"geometry":{"type":"Point","coordinates":[127.466535,36.781834]}},{"type":"Feature","properties":{"t":"No.5+14.01","k":"chain","r":-5.6},"geometry":{"type":"Point","coordinates":[127.46656,36.781962]}},{"type":"Feature","properties":{"t":"No.6","k":"chain","r":-5.6},"geometry":{"type":"Point","coordinates":[127.466514,36.782013]}},{"type":"Feature","properties":{"t":"No.7","k":"chain","r":-5.6},"geometry":{"type":"Point","coordinates":[127.466493,36.782193]}},{"type":"Feature","properties":{"t":"No.8","k":"chain","r":-5.6},"geometry":{"type":"Point","coordinates":[127.466473,36.782372]}},{"type":"Feature","properties":{"t":"No.9","k":"chain","r":-5.6},"geometry":{"type":"Point","coordinates":[127.466452,36.782551]}},{"type":"Feature","properties":{"t":"No.10","k":"chain","r":-5.6},"geometry":{"type":"Point","coordinates":[127.466438,36.782731]}},{"type":"Feature","properties":{"t":"No.11","k":"chain","r":-5.6},"geometry":{"type":"Point","coordinates":[127.466418,36.782911]}},{"type":"Feature","properties":{"t":"No.12","k":"chain","r":-5.6},"geometry":{"type":"Point","coordinates":[127.466397,36.78309]}},{"type":"Feature","properties":{"t":"No.13","k":"chain","r":-5.6},"geometry":{"type":"Point","coordinates":[127.466376,36.78327]}},{"type":"Feature","properties":{"t":"No.14","k":"chain","r":-5.6},"geometry":{"type":"Point","coordinates":[127.466356,36.783449]}},{"type":"Feature","properties":{"t":"No.15","k":"chain","r":-5.6},"geometry":{"type":"Point","coordinates":[127.466335,36.783629]}},{"type":"Feature","properties":{"t":"No.15+17.56","k":"chain","r":-5.6},"geometry":{"type":"Point","coordinates":[127.466357,36.783789]}},{"type":"Feature","properties":{"t":"No.16","k":"chain","r":-5.6},"geometry":{"type":"Point","coordinates":[127.466315,36.783808]}},{"type":"Feature","properties":{"t":"No.17","k":"chain","r":-5.6},"geometry":{"type":"Point","coordinates":[127.466294,36.783988]}},{"type":"Feature","properties":{"t":"No.18","k":"chain","r":-5.6},"geometry":{"type":"Point","coordinates":[127.466273,36.784167]}},{"type":"Feature","properties":{"t":"No.19","k":"chain","r":-5.6},"geometry":{"type":"Point","coordinates":[127.466253,36.784347]}},{"type":"Feature","properties":{"t":"No.20","k":"chain","r":-5.6},"geometry":{"type":"Point","coordinates":[127.466232,36.784526]}},{"type":"Feature","properties":{"t":"No.20+4.11","k":"chain","r":-5.6},"geometry":{"type":"Point","coordinates":[127.466261,36.784565]}},{"type":"Feature","properties":{"t":"No.21","k":"chain","r":-5.6},"geometry":{"type":"Point","coordinates":[127.466212,36.784705]}},{"type":"Feature","properties":{"t":"No.22","k":"chain","r":-5.6},"geometry":{"type":"Point","coordinates":[127.466191,36.784885]}},{"type":"Feature","properties":{"t":"No.23","k":"chain","r":-5.6},"geometry":{"type":"Point","coordinates":[127.46617,36.785064]}},{"type":"Feature","properties":{"t":"No.24","k":"chain","r":-5.6},"geometry":{"type":"Point","coordinates":[127.46615,36.785244]}},{"type":"Feature","properties":{"t":"No.25","k":"chain","r":-5.6},"geometry":{"type":"Point","coordinates":[127.466129,36.785423]}},{"type":"Feature","properties":{"t":"No.26","k":"chain","r":-5.6},"geometry":{"type":"Point","coordinates":[127.466109,36.785603]}},{"type":"Feature","properties":{"t":"No.27","k":"chain","r":-5.6},"geometry":{"type":"Point","coordinates":[127.466088,36.785782]}},{"type":"Feature","properties":{"t":"No.28","k":"chain","r":-5.6},"geometry":{"type":"Point","coordinates":[127.466067,36.785962]}},{"type":"Feature","properties":{"t":"No.28+0.13","k":"chain","r":-5.6},"geometry":{"type":"Point","coordinates":[127.466101,36.785965]}},{"type":"Feature","properties":{"t":"No.28+13.20","k":"chain","r":-5.6},"geometry":{"type":"Point","coordinates":[127.466094,36.786083]}},{"type":"Feature","properties":{"t":"No.29","k":"chain","r":-5.5},"geometry":{"type":"Point","coordinates":[127.466047,36.786141]}},{"type":"Feature","properties":{"t":"No.30","k":"chain","r":-1.7},"geometry":{"type":"Point","coordinates":[127.466033,36.786319]}},{"type":"Feature","properties":{"t":"No.31","k":"chain","r":-0.6},"geometry":{"type":"Point","coordinates":[127.466031,36.786499]}},{"type":"Feature","properties":{"t":"No.32","k":"chain","r":-0.6},"geometry":{"type":"Point","coordinates":[127.46603,36.786679]}},{"type":"Feature","properties":{"t":"No.32+8.20","k":"chain","r":-0.6},"geometry":{"type":"Point","coordinates":[127.466063,36.786753]}},{"type":"Feature","properties":{"t":"No.33","k":"chain","r":-0.6},"geometry":{"type":"Point","coordinates":[127.466029,36.786859]}},{"type":"Feature","properties":{"t":"No.34","k":"chain","r":-0.6},"geometry":{"type":"Point","coordinates":[127.466028,36.787039]}},{"type":"Feature","properties":{"t":"No.34+17.67","k":"chain","r":-0.6},"geometry":{"type":"Point","coordinates":[127.466067,36.787199]}},{"type":"Feature","properties":{"t":"No.35","k":"chain","r":-0.6},"geometry":{"type":"Point","coordinates":[127.466027,36.78722]}},{"type":"Feature","properties":{"t":"No.36","k":"chain","r":2.1},"geometry":{"type":"Point","coordinates":[127.466027,36.787399]}},{"type":"Feature","properties":{"t":"No.36+3.15","k":"chain","r":3.1},"geometry":{"type":"Point","coordinates":[127.466062,36.787425]}},{"type":"Feature","properties":{"t":"No.0","k":"chain","r":10.2},"geometry":{"type":"Point","coordinates":[127.466048,36.776123]}},{"type":"Feature","properties":{"t":"No.0+12.00","k":"chain","r":10.2},"geometry":{"type":"Point","coordinates":[127.466112,36.776223]}},{"type":"Feature","properties":{"t":"No.1","k":"chain","r":10.2},"geometry":{"type":"Point","coordinates":[127.466089,36.7763]}},{"type":"Feature","properties":{"t":"No.1+16.23","k":"chain","r":10.2},"geometry":{"type":"Point","coordinates":[127.466161,36.776438]}},{"type":"Feature","properties":{"t":"No.2","k":"chain","r":10.2},"geometry":{"type":"Point","coordinates":[127.466129,36.776477]}},{"type":"Feature","properties":{"t":"No.3","k":"chain","r":10.2},"geometry":{"type":"Point","coordinates":[127.46617,36.776654]}},{"type":"Feature","properties":{"t":"No.3+14.80","k":"chain","r":10.2},"geometry":{"type":"Point","coordinates":[127.46624,36.77678]}},{"type":"Feature","properties":{"t":"No.4","k":"chain","r":10.2},"geometry":{"type":"Point","coordinates":[127.466211,36.776832]}},{"type":"Feature","properties":{"t":"No.5","k":"chain","r":10.2},"geometry":{"type":"Point","coordinates":[127.466252,36.777009]}},{"type":"Feature","properties":{"t":"No.6","k":"chain","r":10.2},"geometry":{"type":"Point","coordinates":[127.466293,36.777186]}},{"type":"Feature","properties":{"t":"No.7","k":"chain","r":10.2},"geometry":{"type":"Point","coordinates":[127.466333,36.777363]}},{"type":"Feature","properties":{"t":"No.8","k":"chain","r":10.2},"geometry":{"type":"Point","coordinates":[127.466374,36.77754]}},{"type":"Feature","properties":{"t":"No.9","k":"chain","r":10.2},"geometry":{"type":"Point","coordinates":[127.466415,36.777718]}},{"type":"Feature","properties":{"t":"No.10","k":"chain","r":10.2},"geometry":{"type":"Point","coordinates":[127.466462,36.777894]}},{"type":"Feature","properties":{"t":"No.11","k":"chain","r":10.2},"geometry":{"type":"Point","coordinates":[127.466503,36.778071]}},{"type":"Feature","properties":{"t":"No.12","k":"chain","r":10.2},"geometry":{"type":"Point","coordinates":[127.466544,36.778248]}},{"type":"Feature","properties":{"t":"No.13","k":"chain","r":10.2},"geometry":{"type":"Point","coordinates":[127.466585,36.778425]}},{"type":"Feature","properties":{"t":"No.14","k":"chain","r":10.2},"geometry":{"type":"Point","coordinates":[127.466626,36.778603]}},{"type":"Feature","properties":{"t":"No.14+11.00","k":"chain","r":10.2},"geometry":{"type":"Point","coordinates":[127.466688,36.778694]}},{"type":"Feature","properties":{"t":"No.15","k":"chain","r":10.2},"geometry":{"type":"Point","coordinates":[127.466666,36.77878]}},{"type":"Feature","properties":{"t":"No.16","k":"chain","r":8.3},"geometry":{"type":"Point","coordinates":[127.466705,36.778958]}},{"type":"Feature","properties":{"t":"No.17","k":"chain","r":6.0},"geometry":{"type":"Point","coordinates":[127.466734,36.779138]}},{"type":"Feature","properties":{"t":"No.18","k":"chain","r":3.7},"geometry":{"type":"Point","coordinates":[127.466755,36.779319]}},{"type":"Feature","properties":{"t":"No.19","k":"chain","r":1.4},"geometry":{"type":"Point","coordinates":[127.466766,36.7795]}},{"type":"Feature","properties":{"t":"No.20","k":"chain","r":-0.9},"geometry":{"type":"Point","coordinates":[127.466769,36.779681]}},{"type":"Feature","properties":{"t":"No.20+6.75","k":"chain","r":-1.7},"geometry":{"type":"Point","coordinates":[127.466801,36.779743]}},{"type":"Feature","properties":{"t":"No.20+13.88","k":"chain","r":-2.5},"geometry":{"type":"Point","coordinates":[127.466806,36.779808]}},{"type":"Feature","properties":{"t":"No.21","k":"chain","r":-3.2},"geometry":{"type":"Point","coordinates":[127.466762,36.779862]}},{"type":"Feature","properties":{"t":"No.22","k":"chain","r":-5.5},"geometry":{"type":"Point","coordinates":[127.466747,36.780043]}},{"type":"Feature","properties":{"t":"No.23","k":"chain","r":-5.6},"geometry":{"type":"Point","coordinates":[127.466726,36.780222]}},{"type":"Feature","properties":{"t":"No.23+18.95","k":"chain","r":-5.6},"geometry":{"type":"Point","coordinates":[127.466747,36.780396]}},{"type":"Feature","properties":{"t":"No.24","k":"chain","r":-5.6},"geometry":{"type":"Point","coordinates":[127.466706,36.780402]}},{"type":"Feature","properties":{"t":"No.24+13.60","k":"chain","r":-5.6},"geometry":{"type":"Point","coordinates":[127.466732,36.780527]}},{"type":"Feature","properties":{"t":"No.25","k":"chain","r":-5.6},"geometry":{"type":"Point","coordinates":[127.466685,36.780581]}},{"type":"Feature","properties":{"t":"No.25+16.33","k":"chain","r":-5.6},"geometry":{"type":"Point","coordinates":[127.466708,36.780731]}},{"type":"Feature","properties":{"t":"No.25+17.33","k":"chain","r":-5.6},"geometry":{"type":"Point","coordinates":[127.466707,36.78074]}},{"type":"Feature","properties":{"t":"No.26","k":"chain","r":-5.6},"geometry":{"type":"Point","coordinates":[127.466665,36.780761]}},{"type":"Feature","properties":{"t":"No.26+5.87","k":"chain","r":-5.6},"geometry":{"type":"Point","coordinates":[127.466692,36.780816]}},{"type":"Feature","properties":{"t":"No.26+19.62","k":"chain","r":-5.6},"geometry":{"type":"Point","coordinates":[127.466684,36.78094]}},{"type":"Feature","properties":{"t":"No.0","k":"chain","r":87.5},"geometry":{"type":"Point","coordinates":[127.466305,36.779782]}},{"type":"Feature","properties":{"t":"No.0+5.86","k":"chain","r":87.5},"geometry":{"type":"Point","coordinates":[127.466372,36.779757]}},{"type":"Feature","properties":{"t":"No.0+11.57","k":"chain","r":87.5},"geometry":{"type":"Point","coordinates":[127.466436,36.779753]}},{"type":"Feature","properties":{"t":"No.1","k":"chain","r":87.5},"geometry":{"type":"Point","coordinates":[127.466529,36.779789]}},{"type":"Feature","properties":{"t":"No.1+4.26","k":"chain","r":87.5},"geometry":{"type":"Point","coordinates":[127.466578,36.779763]}},{"type":"Feature","properties":{"t":"No.1+9.86","k":"chain","r":87.5},"geometry":{"type":"Point","coordinates":[127.46664,36.779765]}},{"type":"Feature","properties":{"t":"No.1+17.00","k":"chain","r":87.5},"geometry":{"type":"Point","coordinates":[127.46672,36.779762]}},{"type":"Feature","properties":{"t":"No.0","k":"chain","r":-79.8},"geometry":{"type":"Point","coordinates":[127.46374,36.779122]}},{"type":"Feature","properties":{"t":"No.0+7.62","k":"chain","r":-79.8},"geometry":{"type":"Point","coordinates":[127.463818,36.779083]}},{"type":"Feature","properties":{"t":"No.0+14.70","k":"chain","r":-79.8},"geometry":{"type":"Point","coordinates":[127.463895,36.779066]}},{"type":"Feature","properties":{"t":"No.1","k":"chain","r":-79.8},"geometry":{"type":"Point","coordinates":[127.46396,36.77909]}},{"type":"Feature","properties":{"t":"No.2","k":"chain","r":-79.8},"geometry":{"type":"Point","coordinates":[127.464181,36.779057]}},{"type":"Feature","properties":{"t":"No.3","k":"chain","r":-79.8},"geometry":{"type":"Point","coordinates":[127.464401,36.779024]}},{"type":"Feature","properties":{"t":"No.4","k":"chain","r":-79.8},"geometry":{"type":"Point","coordinates":[127.464621,36.778991]}},{"type":"Feature","properties":{"t":"No.5","k":"chain","r":-79.8},"geometry":{"type":"Point","coordinates":[127.464841,36.778958]}},{"type":"Feature","properties":{"t":"No.6","k":"chain","r":-79.8},"geometry":{"type":"Point","coordinates":[127.465062,36.778925]}},{"type":"Feature","properties":{"t":"No.7","k":"chain","r":-79.8},"geometry":{"type":"Point","coordinates":[127.465282,36.778893]}},{"type":"Feature","properties":{"t":"No.7+8.55","k":"chain","r":-79.8},"geometry":{"type":"Point","coordinates":[127.46537,36.778852]}},{"type":"Feature","properties":{"t":"No.8","k":"chain","r":-79.8},"geometry":{"type":"Point","coordinates":[127.465502,36.77886]}},{"type":"Feature","properties":{"t":"No.9","k":"chain","r":-79.8},"geometry":{"type":"Point","coordinates":[127.465723,36.778827]}},{"type":"Feature","properties":{"t":"No.10","k":"chain","r":-79.8},"geometry":{"type":"Point","coordinates":[127.465942,36.778789]}},{"type":"Feature","properties":{"t":"No.11","k":"chain","r":-79.8},"geometry":{"type":"Point","coordinates":[127.466162,36.778756]}},{"type":"Feature","properties":{"t":"No.11+5.61","k":"chain","r":-79.8},"geometry":{"type":"Point","coordinates":[127.466218,36.77872]}},{"type":"Feature","properties":{"t":"No.12","k":"chain","r":-79.8},"geometry":{"type":"Point","coordinates":[127.466382,36.778723]}},{"type":"Feature","properties":{"t":"No.12+5.52","k":"chain","r":-79.8},"geometry":{"type":"Point","coordinates":[127.466437,36.778688]}},{"type":"Feature","properties":{"t":"No.12+12.60","k":"chain","r":-79.8},"geometry":{"type":"Point","coordinates":[127.466514,36.778671]}},{"type":"Feature","properties":{"t":"No.12+19.60","k":"chain","r":-79.8},"geometry":{"type":"Point","coordinates":[127.466591,36.778659]}},{"type":"Feature","properties":{"t":"No.0","k":"chain","r":10.2},"geometry":{"type":"Point","coordinates":[127.453902,36.779384]}},{"type":"Feature","properties":{"t":"No.0+6.00","k":"chain","r":10.2},"geometry":{"type":"Point","coordinates":[127.453948,36.779432]}},{"type":"Feature","properties":{"t":"No.0+9.15","k":"chain","r":10.2},"geometry":{"type":"Point","coordinates":[127.453954,36.77946]}},{"type":"Feature","properties":{"t":"No.0+13.07","k":"chain","r":10.2},"geometry":{"type":"Point","coordinates":[127.453969,36.779494]}},{"type":"Feature","properties":{"t":"No.1","k":"chain","r":10.2},"geometry":{"type":"Point","coordinates":[127.453943,36.779561]}},{"type":"Feature","properties":{"t":"No.2","k":"chain","r":10.2},"geometry":{"type":"Point","coordinates":[127.453984,36.779738]}},{"type":"Feature","properties":{"t":"No.3","k":"chain","r":10.2},"geometry":{"type":"Point","coordinates":[127.454025,36.779915]}},{"type":"Feature","properties":{"t":"No.3+18.50","k":"chain","r":10.2},"geometry":{"type":"Point","coordinates":[127.454102,36.780073]}},{"type":"Feature","properties":{"t":"No.4","k":"chain","r":10.2},"geometry":{"type":"Point","coordinates":[127.454065,36.780093]}},{"type":"Feature","properties":{"t":"No.5","k":"chain","r":10.2},"geometry":{"type":"Point","coordinates":[127.454106,36.78027]}},{"type":"Feature","properties":{"t":"No.6","k":"chain","r":10.2},"geometry":{"type":"Point","coordinates":[127.454147,36.780447]}},{"type":"Feature","properties":{"t":"No.6+12.56","k":"chain","r":10.2},"geometry":{"type":"Point","coordinates":[127.454212,36.780552]}},{"type":"Feature","properties":{"t":"No.6+12.56","k":"chain","r":-79.8},"geometry":{"type":"Point","coordinates":[127.454123,36.780522]}},{"type":"Feature","properties":{"t":"No.7","k":"chain","r":-79.8},"geometry":{"type":"Point","coordinates":[127.454212,36.780541]}},{"type":"Feature","properties":{"t":"No.8","k":"chain","r":-79.8},"geometry":{"type":"Point","coordinates":[127.454433,36.780509]}},{"type":"Feature","properties":{"t":"No.9","k":"chain","r":-79.8},"geometry":{"type":"Point","coordinates":[127.454653,36.780476]}},{"type":"Feature","properties":{"t":"No.10","k":"chain","r":-79.8},"geometry":{"type":"Point","coordinates":[127.454872,36.780438]}},{"type":"Feature","properties":{"t":"No.11","k":"chain","r":-79.8},"geometry":{"type":"Point","coordinates":[127.455092,36.780405]}},{"type":"Feature","properties":{"t":"No.12","k":"chain","r":-79.8},"geometry":{"type":"Point","coordinates":[127.455313,36.780372]}},{"type":"Feature","properties":{"t":"No.13","k":"chain","r":-79.8},"geometry":{"type":"Point","coordinates":[127.455533,36.780339]}},{"type":"Feature","properties":{"t":"No.14","k":"chain","r":-79.8},"geometry":{"type":"Point","coordinates":[127.455753,36.780306]}},{"type":"Feature","properties":{"t":"No.15","k":"chain","r":-79.8},"geometry":{"type":"Point","coordinates":[127.455974,36.780274]}},{"type":"Feature","properties":{"t":"No.16","k":"chain","r":-79.8},"geometry":{"type":"Point","coordinates":[127.456194,36.780241]}},{"type":"Feature","properties":{"t":"No.17","k":"chain","r":-79.8},"geometry":{"type":"Point","coordinates":[127.456414,36.780208]}},{"type":"Feature","properties":{"t":"No.17+14.01","k":"chain","r":-79.8},"geometry":{"type":"Point","coordinates":[127.456561,36.780153]}},{"type":"Feature","properties":{"t":"No.18","k":"chain","r":-79.8},"geometry":{"type":"Point","coordinates":[127.456634,36.780175]}},{"type":"Feature","properties":{"t":"No.18+3.56","k":"chain","r":-79.8},"geometry":{"type":"Point","coordinates":[127.456668,36.780143]}},{"type":"Feature","properties":{"t":"No.18+14.06","k":"chain","r":-79.8},"geometry":{"type":"Point","coordinates":[127.456782,36.78012]}},{"type":"Feature","properties":{"t":"No.0","k":"chain","r":10.2},"geometry":{"type":"Point","coordinates":[127.468955,36.77569]}},{"type":"Feature","properties":{"t":"No.0+12.00","k":"chain","r":10.2},"geometry":{"type":"Point","coordinates":[127.469019,36.77579]}},{"type":"Feature","properties":{"t":"No.1","k":"chain","r":10.2},"geometry":{"type":"Point","coordinates":[127.468996,36.775867]}},{"type":"Feature","properties":{"t":"No.2","k":"chain","r":10.2},"geometry":{"type":"Point","coordinates":[127.469036,36.776044]}},{"type":"Feature","properties":{"t":"No.3","k":"chain","r":2.6},"geometry":{"type":"Point","coordinates":[127.469071,36.776225]}},{"type":"Feature","properties":{"t":"No.4","k":"chain","r":-10.1},"geometry":{"type":"Point","coordinates":[127.46906,36.776409]}},{"type":"Feature","properties":{"t":"No.5","k":"chain","r":-22.9},"geometry":{"type":"Point","coordinates":[127.468998,36.776587]}},{"type":"Feature","properties":{"t":"No.6","k":"chain","r":-35.6},"geometry":{"type":"Point","coordinates":[127.46889,36.77675]}},{"type":"Feature","properties":{"t":"No.7","k":"chain","r":-40.2},"geometry":{"type":"Point","coordinates":[127.468748,36.776892]}},{"type":"Feature","properties":{"t":"No.8","k":"chain","r":-40.2},"geometry":{"type":"Point","coordinates":[127.468605,36.77703]}},{"type":"Feature","properties":{"t":"No.9","k":"chain","r":-40.2},"geometry":{"type":"Point","coordinates":[127.468461,36.777168]}},{"type":"Feature","properties":{"t":"No.9+10.55","k":"chain","r":-40.2},"geometry":{"type":"Point","coordinates":[127.468416,36.777262]}},{"type":"Feature","properties":{"t":"No.10","k":"chain","r":-40.2},"geometry":{"type":"Point","coordinates":[127.468323,36.77731]}},{"type":"Feature","properties":{"t":"No.10+14.00","k":"chain","r":-40.2},"geometry":{"type":"Point","coordinates":[127.468253,36.777428]}},{"type":"Feature","properties":{"t":"No.11","k":"chain","r":-40.2},"geometry":{"type":"Point","coordinates":[127.468179,36.777448]}},{"type":"Feature","properties":{"t":"No.11+12.55","k":"chain","r":-40.2},"geometry":{"type":"Point","coordinates":[127.46812,36.777556]}},{"type":"Feature","properties":{"t":"No.12","k":"chain","r":-40.2},"geometry":{"type":"Point","coordinates":[127.468035,36.777587]}},{"type":"Feature","properties":{"t":"No.12+8.62","k":"chain","r":-40.2},"geometry":{"type":"Point","coordinates":[127.467999,36.777664]}},{"type":"Feature","properties":{"t":"No.12+10.66","k":"chain","r":-40.2},"geometry":{"type":"Point","coordinates":[127.46799,36.777681]}},{"type":"Feature","properties":{"t":"No.0","k":"chain","r":-79.8},"geometry":{"type":"Point","coordinates":[127.455603,36.774996]}},{"type":"Feature","properties":{"t":"No.0+7.50","k":"chain","r":-79.8},"geometry":{"type":"Point","coordinates":[127.455679,36.774957]}},{"type":"Feature","properties":{"t":"No.0+14.45","k":"chain","r":-79.8},"geometry":{"type":"Point","coordinates":[127.455755,36.774941]}},{"type":"Feature","properties":{"t":"No.1","k":"chain","r":-79.8},"geometry":{"type":"Point","coordinates":[127.455823,36.774963]}},{"type":"Feature","properties":{"t":"No.1+13.91","k":"chain","r":-79.8},"geometry":{"type":"Point","coordinates":[127.455969,36.774909]}},{"type":"Feature","properties":{"t":"No.2","k":"chain","r":-79.8},"geometry":{"type":"Point","coordinates":[127.456043,36.774931]}},{"type":"Feature","properties":{"t":"No.2+9.72","k":"chain","r":-79.8},"geometry":{"type":"Point","coordinates":[127.456144,36.774888]}},{"type":"Feature","properties":{"t":"No.3","k":"chain","r":-79.8},"geometry":{"type":"Point","coordinates":[127.456264,36.774898]}},{"type":"Feature","properties":{"t":"No.3+4.60","k":"chain","r":-79.8},"geometry":{"type":"Point","coordinates":[127.456308,36.774864]}},{"type":"Feature","properties":{"t":"No.4","k":"chain","r":-79.8},"geometry":{"type":"Point","coordinates":[127.456484,36.774865]}},{"type":"Feature","properties":{"t":"No.5","k":"chain","r":-79.8},"geometry":{"type":"Point","coordinates":[127.456704,36.774832]}},{"type":"Feature","properties":{"t":"No.6","k":"chain","r":-79.8},"geometry":{"type":"Point","coordinates":[127.456925,36.774799]}},{"type":"Feature","properties":{"t":"No.7","k":"chain","r":-79.8},"geometry":{"type":"Point","coordinates":[127.457145,36.774767]}},{"type":"Feature","properties":{"t":"No.8","k":"chain","r":-79.8},"geometry":{"type":"Point","coordinates":[127.457365,36.774734]}},{"type":"Feature","properties":{"t":"No.9","k":"chain","r":-79.8},"geometry":{"type":"Point","coordinates":[127.457585,36.774701]}},{"type":"Feature","properties":{"t":"No.10","k":"chain","r":-79.8},"geometry":{"type":"Point","coordinates":[127.457804,36.774663]}},{"type":"Feature","properties":{"t":"No.10+13.07","k":"chain","r":-79.8},"geometry":{"type":"Point","coordinates":[127.457941,36.77461]}},{"type":"Feature","properties":{"t":"No.11","k":"chain","r":-79.8},"geometry":{"type":"Point","coordinates":[127.458025,36.77463]}},{"type":"Feature","properties":{"t":"No.12","k":"chain","r":-79.8},"geometry":{"type":"Point","coordinates":[127.458245,36.774597]}},{"type":"Feature","properties":{"t":"No.12+3.13","k":"chain","r":-79.8},"geometry":{"type":"Point","coordinates":[127.458273,36.774566]}},{"type":"Feature","properties":{"t":"No.13","k":"chain","r":-79.8},"geometry":{"type":"Point","coordinates":[127.458465,36.774565]}},{"type":"Feature","properties":{"t":"No.13+3.00","k":"chain","r":-79.8},"geometry":{"type":"Point","coordinates":[127.458492,36.774533]}},{"type":"Feature","properties":{"t":"No.14","k":"chain","r":-79.8},"geometry":{"type":"Point","coordinates":[127.458686,36.774532]}},{"type":"Feature","properties":{"t":"No.14+16.93","k":"chain","r":-79.8},"geometry":{"type":"Point","coordinates":[127.458865,36.774472]}},{"type":"Feature","properties":{"t":"No.15","k":"chain","r":-79.8},"geometry":{"type":"Point","coordinates":[127.458906,36.774499]}},{"type":"Feature","properties":{"t":"No.15+12.73","k":"chain","r":-79.8},"geometry":{"type":"Point","coordinates":[127.459039,36.774446]}},{"type":"Feature","properties":{"t":"No.16","k":"chain","r":-79.8},"geometry":{"type":"Point","coordinates":[127.459126,36.774466]}},{"type":"Feature","properties":{"t":"No.16+7.61","k":"chain","r":-79.8},"geometry":{"type":"Point","coordinates":[127.459204,36.774427]}},{"type":"Feature","properties":{"t":"No.17","k":"chain","r":-79.8},"geometry":{"type":"Point","coordinates":[127.459346,36.774433]}},{"type":"Feature","properties":{"t":"No.18","k":"chain","r":-79.8},"geometry":{"type":"Point","coordinates":[127.459567,36.7744]}},{"type":"Feature","properties":{"t":"No.19","k":"chain","r":-79.8},"geometry":{"type":"Point","coordinates":[127.459787,36.774368]}},{"type":"Feature","properties":{"t":"No.20","k":"chain","r":-79.8},"geometry":{"type":"Point","coordinates":[127.460007,36.774335]}},{"type":"Feature","properties":{"t":"No.21","k":"chain","r":-79.8},"geometry":{"type":"Point","coordinates":[127.460227,36.774302]}},{"type":"Feature","properties":{"t":"No.21+4.42","k":"chain","r":-79.8},"geometry":{"type":"Point","coordinates":[127.46027,36.774268]}},{"type":"Feature","properties":{"t":"No.21+11.96","k":"chain","r":-79.8},"geometry":{"type":"Point","coordinates":[127.460352,36.774251]}},{"type":"Feature","properties":{"t":"No.22","k":"chain","r":-79.8},"geometry":{"type":"Point","coordinates":[127.460448,36.774269]}},{"type":"Feature","properties":{"t":"No.23","k":"chain","r":-79.8},"geometry":{"type":"Point","coordinates":[127.460668,36.774236]}},{"type":"Feature","properties":{"t":"No.24","k":"chain","r":-79.8},"geometry":{"type":"Point","coordinates":[127.460888,36.774204]}},{"type":"Feature","properties":{"t":"No.25","k":"chain","r":-79.8},"geometry":{"type":"Point","coordinates":[127.461109,36.774171]}},{"type":"Feature","properties":{"t":"No.26","k":"chain","r":-79.8},"geometry":{"type":"Point","coordinates":[127.461329,36.774138]}},{"type":"Feature","properties":{"t":"No.26+3.02","k":"chain","r":-79.8},"geometry":{"type":"Point","coordinates":[127.461356,36.774106]}},{"type":"Feature","properties":{"t":"No.27","k":"chain","r":-79.8},"geometry":{"type":"Point","coordinates":[127.461549,36.774105]}},{"type":"Feature","properties":{"t":"No.28","k":"chain","r":-79.8},"geometry":{"type":"Point","coordinates":[127.461769,36.774072]}},{"type":"Feature","properties":{"t":"No.29","k":"chain","r":-79.8},"geometry":{"type":"Point","coordinates":[127.46199,36.77404]}},{"type":"Feature","properties":{"t":"No.30","k":"chain","r":-79.8},"geometry":{"type":"Point","coordinates":[127.46221,36.774007]}},{"type":"Feature","properties":{"t":"No.31","k":"chain","r":-79.8},"geometry":{"type":"Point","coordinates":[127.46243,36.773974]}},{"type":"Feature","properties":{"t":"No.31+10.93","k":"chain","r":-79.8},"geometry":{"type":"Point","coordinates":[127.462543,36.773924]}},{"type":"Feature","properties":{"t":"No.32","k":"chain","r":-79.8},"geometry":{"type":"Point","coordinates":[127.462651,36.773941]}},{"type":"Feature","properties":{"t":"No.33","k":"chain","r":-79.8},"geometry":{"type":"Point","coordinates":[127.462871,36.773908]}},{"type":"Feature","properties":{"t":"No.34","k":"chain","r":-79.8},"geometry":{"type":"Point","coordinates":[127.463091,36.773875]}},{"type":"Feature","properties":{"t":"No.35","k":"chain","r":-79.8},"geometry":{"type":"Point","coordinates":[127.463311,36.773843]}},{"type":"Feature","properties":{"t":"No.36","k":"chain","r":-79.8},"geometry":{"type":"Point","coordinates":[127.463532,36.77381]}},{"type":"Feature","properties":{"t":"No.37","k":"chain","r":-79.8},"geometry":{"type":"Point","coordinates":[127.463752,36.773777]}},{"type":"Feature","properties":{"t":"No.38","k":"chain","r":-79.8},"geometry":{"type":"Point","coordinates":[127.463972,36.773744]}},{"type":"Feature","properties":{"t":"No.38+18.77","k":"chain","r":-79.8},"geometry":{"type":"Point","coordinates":[127.464172,36.773681]}},{"type":"Feature","properties":{"t":"No.39","k":"chain","r":-79.8},"geometry":{"type":"Point","coordinates":[127.464192,36.773711]}},{"type":"Feature","properties":{"t":"No.40","k":"chain","r":-79.8},"geometry":{"type":"Point","coordinates":[127.464413,36.773679]}},{"type":"Feature","properties":{"t":"No.41","k":"chain","r":-79.8},"geometry":{"type":"Point","coordinates":[127.464633,36.773646]}},{"type":"Feature","properties":{"t":"No.42","k":"chain","r":-79.8},"geometry":{"type":"Point","coordinates":[127.464853,36.773613]}},{"type":"Feature","properties":{"t":"No.43","k":"chain","r":-79.8},"geometry":{"type":"Point","coordinates":[127.465074,36.77358]}},{"type":"Feature","properties":{"t":"No.44","k":"chain","r":-79.8},"geometry":{"type":"Point","coordinates":[127.465294,36.773547]}},{"type":"Feature","properties":{"t":"No.45","k":"chain","r":-79.8},"geometry":{"type":"Point","coordinates":[127.465514,36.773514]}},{"type":"Feature","properties":{"t":"No.46","k":"chain","r":-79.8},"geometry":{"type":"Point","coordinates":[127.465734,36.773482]}},{"type":"Feature","properties":{"t":"No.46+8.33","k":"chain","r":-79.8},"geometry":{"type":"Point","coordinates":[127.46582,36.773441]}},{"type":"Feature","properties":{"t":"No.47","k":"chain","r":-79.8},"geometry":{"type":"Point","coordinates":[127.465955,36.773449]}},{"type":"Feature","properties":{"t":"No.48","k":"chain","r":-79.8},"geometry":{"type":"Point","coordinates":[127.466175,36.773416]}},{"type":"Feature","properties":{"t":"No.49","k":"chain","r":-79.8},"geometry":{"type":"Point","coordinates":[127.466395,36.773383]}},{"type":"Feature","properties":{"t":"No.50","k":"chain","r":-79.8},"geometry":{"type":"Point","coordinates":[127.466615,36.77335]}},{"type":"Feature","properties":{"t":"No.51","k":"chain","r":-79.8},"geometry":{"type":"Point","coordinates":[127.466836,36.773317]}},{"type":"Feature","properties":{"t":"No.52","k":"chain","r":-79.8},"geometry":{"type":"Point","coordinates":[127.467056,36.773285]}},{"type":"Feature","properties":{"t":"No.53","k":"chain","r":-79.8},"geometry":{"type":"Point","coordinates":[127.467276,36.773252]}},{"type":"Feature","properties":{"t":"No.54","k":"chain","r":-79.8},"geometry":{"type":"Point","coordinates":[127.467497,36.773219]}},{"type":"Feature","properties":{"t":"No.55","k":"chain","r":-79.8},"geometry":{"type":"Point","coordinates":[127.467717,36.773186]}},{"type":"Feature","properties":{"t":"No.56","k":"chain","r":-87.7},"geometry":{"type":"Point","coordinates":[127.467942,36.773155]}},{"type":"Feature","properties":{"t":"No.57","k":"chain","r":63.7},"geometry":{"type":"Point","coordinates":[127.468177,36.773189]}},{"type":"Feature","properties":{"t":"No.57+7.73","k":"chain","r":52.6},"geometry":{"type":"Point","coordinates":[127.468278,36.773204]}},{"type":"Feature","properties":{"t":"No.57+12.88","k":"chain","r":45.2},"geometry":{"type":"Point","coordinates":[127.468334,36.773234]}},{"type":"Feature","properties":{"t":"No.58","k":"chain","r":35.0},"geometry":{"type":"Point","coordinates":[127.468363,36.773309]}},{"type":"Feature","properties":{"t":"No.59","k":"chain","r":10.2},"geometry":{"type":"Point","coordinates":[127.468454,36.773484]}},{"type":"Feature","properties":{"t":"No.60","k":"chain","r":10.2},"geometry":{"type":"Point","coordinates":[127.468495,36.773661]}},{"type":"Feature","properties":{"t":"No.61","k":"chain","r":10.2},"geometry":{"type":"Point","coordinates":[127.468535,36.773839]}},{"type":"Feature","properties":{"t":"No.62","k":"chain","r":10.2},"geometry":{"type":"Point","coordinates":[127.468576,36.774016]}},{"type":"Feature","properties":{"t":"No.63","k":"chain","r":10.2},"geometry":{"type":"Point","coordinates":[127.468617,36.774193]}},{"type":"Feature","properties":{"t":"No.64","k":"chain","r":10.2},"geometry":{"type":"Point","coordinates":[127.468658,36.77437]}},{"type":"Feature","properties":{"t":"No.65","k":"chain","r":10.2},"geometry":{"type":"Point","coordinates":[127.468699,36.774547]}},{"type":"Feature","properties":{"t":"No.66","k":"chain","r":10.2},"geometry":{"type":"Point","coordinates":[127.468739,36.774725]}},{"type":"Feature","properties":{"t":"No.67","k":"chain","r":10.2},"geometry":{"type":"Point","coordinates":[127.46878,36.774902]}},{"type":"Feature","properties":{"t":"No.67+14.37","k":"chain","r":10.2},"geometry":{"type":"Point","coordinates":[127.468849,36.775023]}},{"type":"Feature","properties":{"t":"No.68","k":"chain","r":10.2},"geometry":{"type":"Point","coordinates":[127.468821,36.775079]}},{"type":"Feature","properties":{"t":"No.68+14.37","k":"chain","r":10.2},"geometry":{"type":"Point","coordinates":[127.46889,36.7752]}},{"type":"Feature","properties":{"t":"No.69","k":"chain","r":10.2},"geometry":{"type":"Point","coordinates":[127.468862,36.775256]}},{"type":"Feature","properties":{"t":"No.69+8.10","k":"chain","r":10.2},"geometry":{"type":"Point","coordinates":[127.468911,36.775323]}},{"type":"Feature","properties":{"t":"No.70","k":"chain","r":10.2},"geometry":{"type":"Point","coordinates":[127.468903,36.775433]}},{"type":"Feature","properties":{"t":"No.70+16.81","k":"chain","r":10.2},"geometry":{"type":"Point","coordinates":[127.468977,36.775576]}},{"type":"Feature","properties":{"t":"No.71","k":"chain","r":10.2},"geometry":{"type":"Point","coordinates":[127.468944,36.775611]}},{"type":"Feature","properties":{"t":"No.71+8.81","k":"chain","r":10.2},"geometry":{"type":"Point","coordinates":[127.468995,36.775684]}},{"type":"Feature","properties":{"t":"No.0","k":"chain","r":10.2},"geometry":{"type":"Point","coordinates":[127.463141,36.776578]}},{"type":"Feature","properties":{"t":"No.0+12.00","k":"chain","r":10.2},"geometry":{"type":"Point","coordinates":[127.463076,36.776477]}},{"type":"Feature","properties":{"t":"No.1","k":"chain","r":10.2},"geometry":{"type":"Point","coordinates":[127.4631,36.776401]}},{"type":"Feature","properties":{"t":"No.1+14.83","k":"chain","r":10.2},"geometry":{"type":"Point","coordinates":[127.46303,36.776275]}},{"type":"Feature","properties":{"t":"No.2","k":"chain","r":10.2},"geometry":{"type":"Point","coordinates":[127.463059,36.776223]}},{"type":"Feature","properties":{"t":"No.3","k":"chain","r":10.2},"geometry":{"type":"Point","coordinates":[127.463018,36.776046]}},{"type":"Feature","properties":{"t":"No.3+14.34","k":"chain","r":10.2},"geometry":{"type":"Point","coordinates":[127.462949,36.775925]}},{"type":"Feature","properties":{"t":"No.4","k":"chain","r":10.2},"geometry":{"type":"Point","coordinates":[127.462977,36.775869]}},{"type":"Feature","properties":{"t":"No.5","k":"chain","r":10.2},"geometry":{"type":"Point","coordinates":[127.462937,36.775692]}},{"type":"Feature","properties":{"t":"No.6","k":"chain","r":10.2},"geometry":{"type":"Point","coordinates":[127.462896,36.775515]}},{"type":"Feature","properties":{"t":"No.7","k":"chain","r":10.2},"geometry":{"type":"Point","coordinates":[127.462855,36.775337]}},{"type":"Feature","properties":{"t":"No.8","k":"chain","r":10.2},"geometry":{"type":"Point","coordinates":[127.462814,36.77516]}},{"type":"Feature","properties":{"t":"No.9","k":"chain","r":10.2},"geometry":{"type":"Point","coordinates":[127.462773,36.774983]}},{"type":"Feature","properties":{"t":"No.10","k":"chain","r":10.2},"geometry":{"type":"Point","coordinates":[127.462726,36.774807]}},{"type":"Feature","properties":{"t":"No.11","k":"chain","r":10.2},"geometry":{"type":"Point","coordinates":[127.462685,36.77463]}},{"type":"Feature","properties":{"t":"No.12","k":"chain","r":10.2},"geometry":{"type":"Point","coordinates":[127.462644,36.774452]}},{"type":"Feature","properties":{"t":"No.13","k":"chain","r":10.2},"geometry":{"type":"Point","coordinates":[127.462604,36.774275]}},{"type":"Feature","properties":{"t":"No.13+18.43","k":"chain","r":10.2},"geometry":{"type":"Point","coordinates":[127.462526,36.774118]}},{"type":"Feature","properties":{"t":"No.14","k":"chain","r":10.2},"geometry":{"type":"Point","coordinates":[127.462563,36.774098]}},{"type":"Feature","properties":{"t":"No.14+5.50","k":"chain","r":10.2},"geometry":{"type":"Point","coordinates":[127.462519,36.774054]}},{"type":"Feature","properties":{"t":"No.14+11.50","k":"chain","r":10.2},"geometry":{"type":"Point","coordinates":[127.4625,36.774002]}},{"type":"Feature","properties":{"t":"No.0","k":"chain","r":-79.8},"geometry":{"type":"Point","coordinates":[127.455093,36.772781]}},{"type":"Feature","properties":{"t":"No.0+7.50","k":"chain","r":-79.8},"geometry":{"type":"Point","coordinates":[127.45517,36.772742]}},{"type":"Feature","properties":{"t":"No.0+14.58","k":"chain","r":-79.8},"geometry":{"type":"Point","coordinates":[127.455246,36.772725]}},{"type":"Feature","properties":{"t":"No.1","k":"chain","r":-79.8},"geometry":{"type":"Point","coordinates":[127.455313,36.772748]}},{"type":"Feature","properties":{"t":"No.2","k":"chain","r":-79.8},"geometry":{"type":"Point","coordinates":[127.455534,36.772716]}},{"type":"Feature","properties":{"t":"No.3","k":"chain","r":-79.8},"geometry":{"type":"Point","coordinates":[127.455754,36.772683]}},{"type":"Feature","properties":{"t":"No.4","k":"chain","r":-79.8},"geometry":{"type":"Point","coordinates":[127.455974,36.77265]}},{"type":"Feature","properties":{"t":"No.5","k":"chain","r":-79.8},"geometry":{"type":"Point","coordinates":[127.456194,36.772617]}},{"type":"Feature","properties":{"t":"No.6","k":"chain","r":-79.8},"geometry":{"type":"Point","coordinates":[127.456415,36.772584]}},{"type":"Feature","properties":{"t":"No.6+17.85","k":"chain","r":-79.8},"geometry":{"type":"Point","coordinates":[127.456604,36.772523]}},{"type":"Feature","properties":{"t":"No.7","k":"chain","r":-79.8},"geometry":{"type":"Point","coordinates":[127.456635,36.772552]}},{"type":"Feature","properties":{"t":"No.7+3.84","k":"chain","r":-79.8},"geometry":{"type":"Point","coordinates":[127.456671,36.772519]}},{"type":"Feature","properties":{"t":"No.7+9.83","k":"chain","r":-79.8},"geometry":{"type":"Point","coordinates":[127.456737,36.772509]}},{"type":"Feature","properties":{"t":"No.8","k":"chain","r":-79.8},"geometry":{"type":"Point","coordinates":[127.456855,36.772519]}},{"type":"Feature","properties":{"t":"No.9","k":"chain","r":89.0},"geometry":{"type":"Point","coordinates":[127.457082,36.77249]}},{"type":"Feature","properties":{"t":"No.10","k":"chain","r":60.4},"geometry":{"type":"Point","coordinates":[127.457314,36.772529]}},{"type":"Feature","properties":{"t":"No.11","k":"chain","r":54.4},"geometry":{"type":"Point","coordinates":[127.457501,36.772633]}},{"type":"Feature","properties":{"t":"No.12","k":"chain","r":54.4},"geometry":{"type":"Point","coordinates":[127.457684,36.772737]}},{"type":"Feature","properties":{"t":"No.13","k":"chain","r":54.4},"geometry":{"type":"Point","coordinates":[127.457867,36.772841]}},{"type":"Feature","properties":{"t":"No.14","k":"chain","r":50.3},"geometry":{"type":"Point","coordinates":[127.458051,36.772947]}},{"type":"Feature","properties":{"t":"No.15","k":"chain","r":21.6},"geometry":{"type":"Point","coordinates":[127.458197,36.773098]}},{"type":"Feature","properties":{"t":"No.16","k":"chain","r":10.2},"geometry":{"type":"Point","coordinates":[127.458251,36.773278]}},{"type":"Feature","properties":{"t":"No.17","k":"chain","r":10.2},"geometry":{"type":"Point","coordinates":[127.458292,36.773456]}},{"type":"Feature","properties":{"t":"No.18","k":"chain","r":10.2},"geometry":{"type":"Point","coordinates":[127.458333,36.773633]}},{"type":"Feature","properties":{"t":"No.18+9.63","k":"chain","r":10.2},"geometry":{"type":"Point","coordinates":[127.458385,36.773713]}},{"type":"Feature","properties":{"t":"No.19","k":"chain","r":10.2},"geometry":{"type":"Point","coordinates":[127.458374,36.77381]}},{"type":"Feature","properties":{"t":"No.20","k":"chain","r":10.2},"geometry":{"type":"Point","coordinates":[127.458414,36.773987]}},{"type":"Feature","properties":{"t":"No.21","k":"chain","r":10.2},"geometry":{"type":"Point","coordinates":[127.458455,36.774164]}},{"type":"Feature","properties":{"t":"No.22","k":"chain","r":10.2},"geometry":{"type":"Point","coordinates":[127.458496,36.774342]}},{"type":"Feature","properties":{"t":"No.22+11.05","k":"chain","r":10.2},"geometry":{"type":"Point","coordinates":[127.458558,36.774434]}},{"type":"Feature","properties":{"t":"No.22+18.12","k":"chain","r":10.2},"geometry":{"type":"Point","coordinates":[127.458573,36.774496]}},{"type":"Feature","properties":{"t":"No.23","k":"chain","r":10.2},"geometry":{"type":"Point","coordinates":[127.458537,36.774519]}},{"type":"Feature","properties":{"t":"No.23+5.63","k":"chain","r":10.2},"geometry":{"type":"Point","coordinates":[127.458581,36.774564]}},{"type":"Feature","properties":{"t":"No.0","k":"chain","r":-79.8},"geometry":{"type":"Point","coordinates":[127.454623,36.775142]}},{"type":"Feature","properties":{"t":"No.0+7.50","k":"chain","r":-79.8},"geometry":{"type":"Point","coordinates":[127.454699,36.775103]}},{"type":"Feature","properties":{"t":"No.0+14.57","k":"chain","r":-79.8},"geometry":{"type":"Point","coordinates":[127.454776,36.775086]}},{"type":"Feature","properties":{"t":"No.1","k":"chain","r":-79.8},"geometry":{"type":"Point","coordinates":[127.454843,36.775109]}},{"type":"Feature","properties":{"t":"No.2","k":"chain","r":-79.8},"geometry":{"type":"Point","coordinates":[127.455063,36.775077]}},{"type":"Feature","properties":{"t":"No.3","k":"chain","r":-79.8},"geometry":{"type":"Point","coordinates":[127.455283,36.775044]}},{"type":"Feature","properties":{"t":"No.3+14.42","k":"chain","r":-79.8},"geometry":{"type":"Point","coordinates":[127.455435,36.774988]}},{"type":"Feature","properties":{"t":"No.4","k":"chain","r":-79.8},"geometry":{"type":"Point","coordinates":[127.455504,36.775011]}},{"type":"Feature","properties":{"t":"No.4+1.51","k":"chain","r":-79.8},"geometry":{"type":"Point","coordinates":[127.455514,36.774982]}},{"type":"Feature","properties":{"t":"No.4+9.00","k":"chain","r":-79.8},"geometry":{"type":"Point","coordinates":[127.455597,36.77497]}},{"type":"Feature","properties":{"t":"No.0","k":"chain","r":10.2},"geometry":{"type":"Point","coordinates":[127.457022,36.781223]}},{"type":"Feature","properties":{"t":"No.0+14.62","k":"chain","r":10.2},"geometry":{"type":"Point","coordinates":[127.456953,36.781099]}},{"type":"Feature","properties":{"t":"No.0+14.63","k":"chain","r":10.2},"geometry":{"type":"Point","coordinates":[127.456953,36.781099]}},{"type":"Feature","properties":{"t":"No.1","k":"chain","r":10.2},"geometry":{"type":"Point","coordinates":[127.456981,36.781046]}},{"type":"Feature","properties":{"t":"No.1+4.17","k":"chain","r":10.2},"geometry":{"type":"Point","coordinates":[127.45694,36.781014]}},{"type":"Feature","properties":{"t":"No.1+14.63","k":"chain","r":10.2},"geometry":{"type":"Point","coordinates":[127.456912,36.780922]}},{"type":"Feature","properties":{"t":"No.2","k":"chain","r":10.2},"geometry":{"type":"Point","coordinates":[127.45694,36.780868]}},{"type":"Feature","properties":{"t":"No.3","k":"chain","r":10.2},"geometry":{"type":"Point","coordinates":[127.4569,36.780691]}},{"type":"Feature","properties":{"t":"No.4","k":"chain","r":10.2},"geometry":{"type":"Point","coordinates":[127.456859,36.780514]}},{"type":"Feature","properties":{"t":"No.5","k":"chain","r":10.2},"geometry":{"type":"Point","coordinates":[127.456818,36.780337]}},{"type":"Feature","properties":{"t":"No.5+16.42","k":"chain","r":10.2},"geometry":{"type":"Point","coordinates":[127.456745,36.780197]}},{"type":"Feature","properties":{"t":"No.6","k":"chain","r":10.2},"geometry":{"type":"Point","coordinates":[127.456777,36.78016]}},{"type":"Feature","properties":{"t":"No.7","k":"chain","r":10.2},"geometry":{"type":"Point","coordinates":[127.456737,36.779982]}},{"type":"Feature","properties":{"t":"No.8","k":"chain","r":10.2},"geometry":{"type":"Point","coordinates":[127.456696,36.779805]}},{"type":"Feature","properties":{"t":"No.8+10.21","k":"chain","r":10.2},"geometry":{"type":"Point","coordinates":[127.456635,36.779721]}},{"type":"Feature","properties":{"t":"No.9","k":"chain","r":10.2},"geometry":{"type":"Point","coordinates":[127.456655,36.779628]}},{"type":"Feature","properties":{"t":"No.9+3.21","k":"chain","r":10.2},"geometry":{"type":"Point","coordinates":[127.456615,36.779605]}},{"type":"Feature","properties":{"t":"No.9+18.21","k":"chain","r":10.2},"geometry":{"type":"Point","coordinates":[127.456578,36.779473]}},{"type":"Feature","properties":{"t":"No.10","k":"chain","r":10.2},"geometry":{"type":"Point","coordinates":[127.456608,36.779452]}},{"type":"Feature","properties":{"t":"No.10+11.21","k":"chain","r":10.2},"geometry":{"type":"Point","coordinates":[127.456545,36.779358]}},{"type":"Feature","properties":{"t":"No.11","k":"chain","r":10.2},"geometry":{"type":"Point","coordinates":[127.456567,36.779275]}},{"type":"Feature","properties":{"t":"No.12","k":"chain","r":10.2},"geometry":{"type":"Point","coordinates":[127.456526,36.779097]}},{"type":"Feature","properties":{"t":"No.12+8.98","k":"chain","r":10.2},"geometry":{"type":"Point","coordinates":[127.456475,36.779023]}},{"type":"Feature","properties":{"t":"No.13","k":"chain","r":10.2},"geometry":{"type":"Point","coordinates":[127.456485,36.77892]}},{"type":"Feature","properties":{"t":"No.14","k":"chain","r":10.2},"geometry":{"type":"Point","coordinates":[127.456444,36.778743]}},{"type":"Feature","properties":{"t":"No.15","k":"chain","r":10.2},"geometry":{"type":"Point","coordinates":[127.456404,36.778566]}},{"type":"Feature","properties":{"t":"No.16","k":"chain","r":10.2},"geometry":{"type":"Point","coordinates":[127.456363,36.778389]}},{"type":"Feature","properties":{"t":"No.17","k":"chain","r":10.2},"geometry":{"type":"Point","coordinates":[127.456322,36.778211]}},{"type":"Feature","properties":{"t":"No.18","k":"chain","r":10.2},"geometry":{"type":"Point","coordinates":[127.456281,36.778034]}},{"type":"Feature","properties":{"t":"No.18+12.46","k":"chain","r":10.2},"geometry":{"type":"Point","coordinates":[127.456216,36.77793]}},{"type":"Feature","properties":{"t":"No.19","k":"chain","r":10.2},"geometry":{"type":"Point","coordinates":[127.456241,36.777857]}},{"type":"Feature","properties":{"t":"No.20","k":"chain","r":10.2},"geometry":{"type":"Point","coordinates":[127.4562,36.77768]}},{"type":"Feature","properties":{"t":"No.20+7.42","k":"chain","r":10.2},"geometry":{"type":"Point","coordinates":[127.456152,36.777619]}},{"type":"Feature","properties":{"t":"No.21","k":"chain","r":10.2},"geometry":{"type":"Point","coordinates":[127.456159,36.777502]}},{"type":"Feature","properties":{"t":"No.22","k":"chain","r":10.2},"geometry":{"type":"Point","coordinates":[127.456118,36.777325]}},{"type":"Feature","properties":{"t":"No.22+11.13","k":"chain","r":10.2},"geometry":{"type":"Point","coordinates":[127.456056,36.777233]}},{"type":"Feature","properties":{"t":"No.23","k":"chain","r":10.2},"geometry":{"type":"Point","coordinates":[127.456077,36.777148]}},{"type":"Feature","properties":{"t":"No.23+5.00","k":"chain","r":10.2},"geometry":{"type":"Point","coordinates":[127.456034,36.777109]}},{"type":"Feature","properties":{"t":"No.24","k":"chain","r":10.2},"geometry":{"type":"Point","coordinates":[127.456037,36.776971]}},{"type":"Feature","properties":{"t":"No.24+14.80","k":"chain","r":10.2},"geometry":{"type":"Point","coordinates":[127.455967,36.776846]}},{"type":"Feature","properties":{"t":"No.25","k":"chain","r":10.2},"geometry":{"type":"Point","coordinates":[127.455996,36.776794]}},{"type":"Feature","properties":{"t":"No.25+18.65","k":"chain","r":10.2},"geometry":{"type":"Point","coordinates":[127.455918,36.776634]}},{"type":"Feature","properties":{"t":"No.26","k":"chain","r":10.2},"geometry":{"type":"Point","coordinates":[127.455955,36.776616]}},{"type":"Feature","properties":{"t":"No.27","k":"chain","r":10.2},"geometry":{"type":"Point","coordinates":[127.455914,36.776439]}},{"type":"Feature","properties":{"t":"No.28","k":"chain","r":10.2},"geometry":{"type":"Point","coordinates":[127.455874,36.776262]}},{"type":"Feature","properties":{"t":"No.29","k":"chain","r":10.2},"geometry":{"type":"Point","coordinates":[127.455833,36.776085]}},{"type":"Feature","properties":{"t":"No.30","k":"chain","r":10.2},"geometry":{"type":"Point","coordinates":[127.455792,36.775908]}},{"type":"Feature","properties":{"t":"No.31","k":"chain","r":10.2},"geometry":{"type":"Point","coordinates":[127.455751,36.77573]}},{"type":"Feature","properties":{"t":"No.31+14.31","k":"chain","r":10.2},"geometry":{"type":"Point","coordinates":[127.455682,36.77561]}},{"type":"Feature","properties":{"t":"No.32","k":"chain","r":10.2},"geometry":{"type":"Point","coordinates":[127.45571,36.775553]}},{"type":"Feature","properties":{"t":"No.32+9.18","k":"chain","r":10.2},"geometry":{"type":"Point","coordinates":[127.455659,36.775477]}},{"type":"Feature","properties":{"t":"No.33","k":"chain","r":10.2},"geometry":{"type":"Point","coordinates":[127.45567,36.775376]}},{"type":"Feature","properties":{"t":"No.33+4.99","k":"chain","r":10.2},"geometry":{"type":"Point","coordinates":[127.455626,36.775337]}},{"type":"Feature","properties":{"t":"No.34","k":"chain","r":10.2},"geometry":{"type":"Point","coordinates":[127.455629,36.775199]}},{"type":"Feature","properties":{"t":"No.34+18.92","k":"chain","r":10.2},"geometry":{"type":"Point","coordinates":[127.455551,36.775037]}},{"type":"Feature","properties":{"t":"No.35","k":"chain","r":10.2},"geometry":{"type":"Point","coordinates":[127.455588,36.775022]}},{"type":"Feature","properties":{"t":"No.36","k":"chain","r":10.2},"geometry":{"type":"Point","coordinates":[127.455547,36.774844]}},{"type":"Feature","properties":{"t":"No.36+12.85","k":"chain","r":10.2},"geometry":{"type":"Point","coordinates":[127.455481,36.774736]}},{"type":"Feature","properties":{"t":"No.37","k":"chain","r":10.2},"geometry":{"type":"Point","coordinates":[127.455507,36.774667]}},{"type":"Feature","properties":{"t":"No.37+8.66","k":"chain","r":10.2},"geometry":{"type":"Point","coordinates":[127.455456,36.774595]}},{"type":"Feature","properties":{"t":"No.38","k":"chain","r":10.2},"geometry":{"type":"Point","coordinates":[127.455466,36.77449]}},{"type":"Feature","properties":{"t":"No.38+3.53","k":"chain","r":10.2},"geometry":{"type":"Point","coordinates":[127.455426,36.774464]}},{"type":"Feature","properties":{"t":"No.39","k":"chain","r":10.2},"geometry":{"type":"Point","coordinates":[127.455425,36.774313]}},{"type":"Feature","properties":{"t":"No.40","k":"chain","r":10.2},"geometry":{"type":"Point","coordinates":[127.455384,36.774136]}},{"type":"Feature","properties":{"t":"No.41","k":"chain","r":10.2},"geometry":{"type":"Point","coordinates":[127.455343,36.773958]}},{"type":"Feature","properties":{"t":"No.42","k":"chain","r":10.2},"geometry":{"type":"Point","coordinates":[127.455303,36.773781]}},{"type":"Feature","properties":{"t":"No.43","k":"chain","r":10.2},"geometry":{"type":"Point","coordinates":[127.455262,36.773604]}},{"type":"Feature","properties":{"t":"No.44","k":"chain","r":10.2},"geometry":{"type":"Point","coordinates":[127.455221,36.773427]}},{"type":"Feature","properties":{"t":"No.44+4.30","k":"chain","r":10.2},"geometry":{"type":"Point","coordinates":[127.455179,36.773394]}},{"type":"Feature","properties":{"t":"No.44+19.18","k":"chain","r":10.2},"geometry":{"type":"Point","coordinates":[127.455142,36.773263]}},{"type":"Feature","properties":{"t":"No.45","k":"chain","r":10.2},"geometry":{"type":"Point","coordinates":[127.45518,36.77325]}},{"type":"Feature","properties":{"t":"No.45+14.99","k":"chain","r":10.2},"geometry":{"type":"Point","coordinates":[127.45511,36.773123]}},{"type":"Feature","properties":{"t":"No.46","k":"chain","r":10.2},"geometry":{"type":"Point","coordinates":[127.45514,36.773072]}},{"type":"Feature","properties":{"t":"No.47","k":"chain","r":10.2},"geometry":{"type":"Point","coordinates":[127.455099,36.772895]}},{"type":"Feature","properties":{"t":"No.47+8.92","k":"chain","r":10.2},"geometry":{"type":"Point","coordinates":[127.455048,36.772821]}},{"type":"Feature","properties":{"t":"No.48","k":"chain","r":10.2},"geometry":{"type":"Point","coordinates":[127.455058,36.772718]}},{"type":"Feature","properties":{"t":"No.48+1.99","k":"chain","r":10.2},"geometry":{"type":"Point","coordinates":[127.455021,36.772705]}},{"type":"Feature","properties":{"t":"No.48+8.79","k":"chain","r":10.2},"geometry":{"type":"Point","coordinates":[127.455007,36.772645]}},{"type":"Feature","properties":{"t":"No.49","k":"chain","r":10.2},"geometry":{"type":"Point","coordinates":[127.455017,36.772541]}},{"type":"Feature","properties":{"t":"No.49+14.27","k":"chain","r":10.2},"geometry":{"type":"Point","coordinates":[127.454949,36.77242]}},{"type":"Feature","properties":{"t":"No.49+18.84","k":"chain","r":10.2},"geometry":{"type":"Point","coordinates":[127.454939,36.77238]}},{"type":"Feature","properties":{"t":"No.50","k":"chain","r":10.2},"geometry":{"type":"Point","coordinates":[127.454976,36.772363]}},{"type":"Feature","properties":{"t":"No.51","k":"chain","r":10.2},"geometry":{"type":"Point","coordinates":[127.454936,36.772186]}},{"type":"Feature","properties":{"t":"No.52","k":"chain","r":10.2},"geometry":{"type":"Point","coordinates":[127.454895,36.772009]}},{"type":"Feature","properties":{"t":"No.53","k":"chain","r":10.2},"geometry":{"type":"Point","coordinates":[127.454854,36.771832]}},{"type":"Feature","properties":{"t":"No.54","k":"chain","r":10.2},"geometry":{"type":"Point","coordinates":[127.454813,36.771655]}},{"type":"Feature","properties":{"t":"No.55","k":"chain","r":10.2},"geometry":{"type":"Point","coordinates":[127.454773,36.771477]}},{"type":"Feature","properties":{"t":"No.56","k":"chain","r":35.5},"geometry":{"type":"Point","coordinates":[127.454702,36.771321]}},{"type":"Feature","properties":{"t":"No.57","k":"chain","r":64.2},"geometry":{"type":"Point","coordinates":[127.454549,36.771211]}},{"type":"Feature","properties":{"t":"No.58","k":"chain","r":-87.2},"geometry":{"type":"Point","coordinates":[127.454349,36.771173]}},{"type":"Feature","properties":{"t":"No.59","k":"chain","r":-79.8},"geometry":{"type":"Point","coordinates":[127.454132,36.771201]}},{"type":"Feature","properties":{"t":"No.60","k":"chain","r":-79.8},"geometry":{"type":"Point","coordinates":[127.453912,36.771234]}},{"type":"Feature","properties":{"t":"No.60+11.19","k":"chain","r":-79.8},"geometry":{"type":"Point","coordinates":[127.453796,36.771284]}},{"type":"Feature","properties":{"t":"No.60+17.18","k":"chain","r":-79.8},"geometry":{"type":"Point","coordinates":[127.45373,36.771294]}},{"type":"Feature","properties":{"t":"No.61","k":"chain","r":-79.8},"geometry":{"type":"Point","coordinates":[127.453692,36.771267]}},{"type":"Feature","properties":{"t":"No.61+3.17","k":"chain","r":-79.8},"geometry":{"type":"Point","coordinates":[127.453663,36.771299]}},{"type":"Feature","properties":{"t":"No.62","k":"chain","r":-55.7},"geometry":{"type":"Point","coordinates":[127.453495,36.771321]}},{"type":"Feature","properties":{"t":"No.63","k":"chain","r":-27.0},"geometry":{"type":"Point","coordinates":[127.453355,36.771442]}},{"type":"Feature","properties":{"t":"No.64","k":"chain","r":1.6},"geometry":{"type":"Point","coordinates":[127.453304,36.771602]}},{"type":"Feature","properties":{"t":"No.65","k":"chain","r":10.2},"geometry":{"type":"Point","coordinates":[127.453338,36.771776]}},{"type":"Feature","properties":{"t":"No.66","k":"chain","r":10.2},"geometry":{"type":"Point","coordinates":[127.453378,36.771953]}},{"type":"Feature","properties":{"t":"No.67","k":"chain","r":10.2},"geometry":{"type":"Point","coordinates":[127.453419,36.77213]}},{"type":"Feature","properties":{"t":"No.68","k":"chain","r":10.2},"geometry":{"type":"Point","coordinates":[127.45346,36.772308]}},{"type":"Feature","properties":{"t":"No.69","k":"chain","r":10.2},"geometry":{"type":"Point","coordinates":[127.453501,36.772485]}},{"type":"Feature","properties":{"t":"No.70","k":"chain","r":10.2},"geometry":{"type":"Point","coordinates":[127.453542,36.772662]}},{"type":"Feature","properties":{"t":"No.71","k":"chain","r":10.2},"geometry":{"type":"Point","coordinates":[127.453582,36.772839]}},{"type":"Feature","properties":{"t":"No.72","k":"chain","r":10.2},"geometry":{"type":"Point","coordinates":[127.453623,36.773016]}},{"type":"Feature","properties":{"t":"No.73","k":"chain","r":10.2},"geometry":{"type":"Point","coordinates":[127.453664,36.773194]}},{"type":"Feature","properties":{"t":"No.74","k":"chain","r":10.2},"geometry":{"type":"Point","coordinates":[127.453705,36.773371]}},{"type":"Feature","properties":{"t":"No.75","k":"chain","r":10.2},"geometry":{"type":"Point","coordinates":[127.453745,36.773548]}},{"type":"Feature","properties":{"t":"No.76","k":"chain","r":10.9},"geometry":{"type":"Point","coordinates":[127.453786,36.773725]}},{"type":"Feature","properties":{"t":"No.77","k":"chain","r":20.4},"geometry":{"type":"Point","coordinates":[127.453844,36.773894]}},{"type":"Feature","properties":{"t":"No.78","k":"chain","r":30.0},"geometry":{"type":"Point","coordinates":[127.453936,36.774053]}},{"type":"Feature","properties":{"t":"No.79","k":"chain","r":39.5},"geometry":{"type":"Point","coordinates":[127.454059,36.774198]}},{"type":"Feature","properties":{"t":"No.80","k":"chain","r":45.9},"geometry":{"type":"Point","coordinates":[127.454212,36.774326]}},{"type":"Feature","properties":{"t":"No.81","k":"chain","r":36.3},"geometry":{"type":"Point","coordinates":[127.454365,36.774463]}},{"type":"Feature","properties":{"t":"No.82","k":"chain","r":26.8},"geometry":{"type":"Point","coordinates":[127.454488,36.774619]}},{"type":"Feature","properties":{"t":"No.82+14.56","k":"chain","r":19.8},"geometry":{"type":"Point","coordinates":[127.454594,36.77473]}},{"type":"Feature","properties":{"t":"No.83","k":"chain","r":17.2},"geometry":{"type":"Point","coordinates":[127.454577,36.774789]}},{"type":"Feature","properties":{"t":"No.84","k":"chain","r":10.2},"geometry":{"type":"Point","coordinates":[127.45463,36.774967]}},{"type":"Feature","properties":{"t":"No.84+4.69","k":"chain","r":10.2},"geometry":{"type":"Point","coordinates":[127.454673,36.775004]}},{"type":"Feature","properties":{"t":"No.85","k":"chain","r":10.2},"geometry":{"type":"Point","coordinates":[127.454671,36.775144]}},{"type":"Feature","properties":{"t":"No.85+0.20","k":"chain","r":10.2},"geometry":{"type":"Point","coordinates":[127.454704,36.775141]}},{"type":"Feature","properties":{"t":"No.86","k":"chain","r":10.2},"geometry":{"type":"Point","coordinates":[127.454712,36.775321]}},{"type":"Feature","properties":{"t":"No.86+14.13","k":"chain","r":10.2},"geometry":{"type":"Point","coordinates":[127.45478,36.775441]}},{"type":"Feature","properties":{"t":"No.87","k":"chain","r":10.2},"geometry":{"type":"Point","coordinates":[127.454752,36.775499]}},{"type":"Feature","properties":{"t":"No.87+9.94","k":"chain","r":10.2},"geometry":{"type":"Point","coordinates":[127.454806,36.775582]}},{"type":"Feature","properties":{"t":"No.88","k":"chain","r":10.2},"geometry":{"type":"Point","coordinates":[127.454793,36.775676]}},{"type":"Feature","properties":{"t":"No.88+4.81","k":"chain","r":10.2},"geometry":{"type":"Point","coordinates":[127.454836,36.775714]}},{"type":"Feature","properties":{"t":"No.89","k":"chain","r":10.2},"geometry":{"type":"Point","coordinates":[127.454834,36.775853]}},{"type":"Feature","properties":{"t":"No.90","k":"chain","r":10.2},"geometry":{"type":"Point","coordinates":[127.454875,36.77603]}},{"type":"Feature","properties":{"t":"No.91","k":"chain","r":10.2},"geometry":{"type":"Point","coordinates":[127.454915,36.776207]}},{"type":"Feature","properties":{"t":"No.92","k":"chain","r":10.2},"geometry":{"type":"Point","coordinates":[127.454956,36.776385]}},{"type":"Feature","properties":{"t":"No.92+10.00","k":"chain","r":10.2},"geometry":{"type":"Point","coordinates":[127.455016,36.776467]}},{"type":"Feature","properties":{"t":"No.93","k":"chain","r":10.2},"geometry":{"type":"Point","coordinates":[127.454997,36.776562]}},{"type":"Feature","properties":{"t":"No.94","k":"chain","r":10.2},"geometry":{"type":"Point","coordinates":[127.455038,36.776739]}},{"type":"Feature","properties":{"t":"No.94+6.32","k":"chain","r":10.2},"geometry":{"type":"Point","coordinates":[127.455084,36.77679]}},{"type":"Feature","properties":{"t":"No.95","k":"chain","r":10.2},"geometry":{"type":"Point","coordinates":[127.455079,36.776916]}},{"type":"Feature","properties":{"t":"No.95+1.20","k":"chain","r":10.2},"geometry":{"type":"Point","coordinates":[127.455114,36.776922]}},{"type":"Feature","properties":{"t":"No.95+17.01","k":"chain","r":10.2},"geometry":{"type":"Point","coordinates":[127.455153,36.777061]}},{"type":"Feature","properties":{"t":"No.96","k":"chain","r":10.2},"geometry":{"type":"Point","coordinates":[127.455119,36.777094]}},{"type":"Feature","properties":{"t":"No.96+19.11","k":"chain","r":10.2},"geometry":{"type":"Point","coordinates":[127.455198,36.777257]}},{"type":"Feature","properties":{"t":"No.97","k":"chain","r":10.2},"geometry":{"type":"Point","coordinates":[127.45516,36.777271]}},{"type":"Feature","properties":{"t":"No.97+8.76","k":"chain","r":10.2},"geometry":{"type":"Point","coordinates":[127.455211,36.777343]}},{"type":"Feature","properties":{"t":"No.97+18.42","k":"chain","r":10.2},"geometry":{"type":"Point","coordinates":[127.455237,36.777428]}},{"type":"Feature","properties":{"t":"No.98","k":"chain","r":10.2},"geometry":{"type":"Point","coordinates":[127.455201,36.777448]}},{"type":"Feature","properties":{"t":"No.98+2.20","k":"chain","r":10.2},"geometry":{"type":"Point","coordinates":[127.455238,36.777463]}},{"type":"Feature","properties":{"t":"No.98+6.46","k":"chain","r":10.2},"geometry":{"type":"Point","coordinates":[127.455247,36.7775]}},{"type":"Feature","properties":{"t":"No.99","k":"chain","r":10.2},"geometry":{"type":"Point","coordinates":[127.455242,36.777625]}},{"type":"Feature","properties":{"t":"No.99+14.15","k":"chain","r":13.0},"geometry":{"type":"Point","coordinates":[127.45531,36.777742]}},{"type":"Feature","properties":{"t":"No.100","k":"chain","r":15.7},"geometry":{"type":"Point","coordinates":[127.455293,36.777797]}},{"type":"Feature","properties":{"t":"No.101","k":"chain","r":25.3},"geometry":{"type":"Point","coordinates":[127.455368,36.777961]}},{"type":"Feature","properties":{"t":"No.102","k":"chain","r":34.8},"geometry":{"type":"Point","coordinates":[127.455476,36.778113]}},{"type":"Feature","properties":{"t":"No.103","k":"chain","r":29.7},"geometry":{"type":"Point","coordinates":[127.455605,36.778264]}},{"type":"Feature","properties":{"t":"No.104","k":"chain","r":20.1},"geometry":{"type":"Point","coordinates":[127.455705,36.778431]}},{"type":"Feature","properties":{"t":"No.105","k":"chain","r":10.6},"geometry":{"type":"Point","coordinates":[127.455769,36.778609]}},{"type":"Feature","properties":{"t":"No.106","k":"chain","r":10.2},"geometry":{"type":"Point","coordinates":[127.45581,36.778786]}},{"type":"Feature","properties":{"t":"No.106+18.13","k":"chain","r":10.2},"geometry":{"type":"Point","coordinates":[127.455886,36.778941]}},{"type":"Feature","properties":{"t":"No.107","k":"chain","r":10.2},"geometry":{"type":"Point","coordinates":[127.455851,36.778964]}},{"type":"Feature","properties":{"t":"No.107+1.13","k":"chain","r":10.2},"geometry":{"type":"Point","coordinates":[127.455886,36.778969]}},{"type":"Feature","properties":{"t":"No.107+5.20","k":"chain","r":10.2},"geometry":{"type":"Point","coordinates":[127.455894,36.779005]}},{"type":"Feature","properties":{"t":"No.107+8.20","k":"chain","r":10.2},"geometry":{"type":"Point","coordinates":[127.4559,36.779031]}},{"type":"Feature","properties":{"t":"No.107+14.20","k":"chain","r":10.2},"geometry":{"type":"Point","coordinates":[127.455919,36.779083]}},{"type":"Feature","properties":{"t":"No.0","k":"chain","r":10.2},"geometry":{"type":"Point","coordinates":[127.454263,36.771198]}},{"type":"Feature","properties":{"t":"No.1","k":"chain","r":10.2},"geometry":{"type":"Point","coordinates":[127.454304,36.771375]}},{"type":"Feature","properties":{"t":"No.2","k":"chain","r":10.2},"geometry":{"type":"Point","coordinates":[127.454345,36.771553]}},{"type":"Feature","properties":{"t":"No.3","k":"chain","r":10.2},"geometry":{"type":"Point","coordinates":[127.454385,36.77173]}},{"type":"Feature","properties":{"t":"No.4","k":"chain","r":10.2},"geometry":{"type":"Point","coordinates":[127.454426,36.771907]}},{"type":"Feature","properties":{"t":"No.5","k":"chain","r":10.2},"geometry":{"type":"Point","coordinates":[127.454467,36.772084]}},{"type":"Feature","properties":{"t":"No.6","k":"chain","r":10.2},"geometry":{"type":"Point","coordinates":[127.454508,36.772262]}},{"type":"Feature","properties":{"t":"No.7","k":"chain","r":10.2},"geometry":{"type":"Point","coordinates":[127.454548,36.772439]}},{"type":"Feature","properties":{"t":"No.8","k":"chain","r":10.2},"geometry":{"type":"Point","coordinates":[127.454589,36.772616]}},{"type":"Feature","properties":{"t":"No.9","k":"chain","r":10.2},"geometry":{"type":"Point","coordinates":[127.45463,36.772793]}},{"type":"Feature","properties":{"t":"No.10","k":"chain","r":10.2},"geometry":{"type":"Point","coordinates":[127.454677,36.772969]}},{"type":"Feature","properties":{"t":"No.11","k":"chain","r":10.2},"geometry":{"type":"Point","coordinates":[127.454718,36.773147]}},{"type":"Feature","properties":{"t":"No.12","k":"chain","r":10.2},"geometry":{"type":"Point","coordinates":[127.454759,36.773324]}},{"type":"Feature","properties":{"t":"No.13","k":"chain","r":10.2},"geometry":{"type":"Point","coordinates":[127.4548,36.773501]}},{"type":"Feature","properties":{"t":"No.14","k":"chain","r":10.2},"geometry":{"type":"Point","coordinates":[127.45484,36.773678]}},{"type":"Feature","properties":{"t":"No.15","k":"chain","r":10.2},"geometry":{"type":"Point","coordinates":[127.454881,36.773855]}},{"type":"Feature","properties":{"t":"No.16","k":"chain","r":10.2},"geometry":{"type":"Point","coordinates":[127.454922,36.774033]}},{"type":"Feature","properties":{"t":"No.17","k":"chain","r":10.2},"geometry":{"type":"Point","coordinates":[127.454963,36.77421]}},{"type":"Feature","properties":{"t":"No.18","k":"chain","r":10.2},"geometry":{"type":"Point","coordinates":[127.455004,36.774387]}},{"type":"Feature","properties":{"t":"No.19","k":"chain","r":10.2},"geometry":{"type":"Point","coordinates":[127.455044,36.774564]}},{"type":"Feature","properties":{"t":"No.20","k":"chain","r":10.2},"geometry":{"type":"Point","coordinates":[127.455085,36.774741]}},{"type":"Feature","properties":{"t":"No.21","k":"chain","r":10.2},"geometry":{"type":"Point","coordinates":[127.455126,36.774919]}},{"type":"Feature","properties":{"t":"No.21+2.77","k":"chain","r":10.2},"geometry":{"type":"Point","coordinates":[127.455165,36.774938]}},{"type":"Feature","properties":{"t":"No.21+9.92","k":"chain","r":10.2},"geometry":{"type":"Point","coordinates":[127.455179,36.775002]}},{"type":"Feature","properties":{"t":"No.0","k":"chain","r":10.2},"geometry":{"type":"Point","coordinates":[127.456596,36.772623]}},{"type":"Feature","properties":{"t":"No.0+7.07","k":"chain","r":10.2},"geometry":{"type":"Point","coordinates":[127.456643,36.772681]}},{"type":"Feature","properties":{"t":"No.1","k":"chain","r":10.2},"geometry":{"type":"Point","coordinates":[127.456637,36.772801]}},{"type":"Feature","properties":{"t":"No.2","k":"chain","r":10.2},"geometry":{"type":"Point","coordinates":[127.456677,36.772978]}},{"type":"Feature","properties":{"t":"No.3","k":"chain","r":10.2},"geometry":{"type":"Point","coordinates":[127.456718,36.773155]}},{"type":"Feature","properties":{"t":"No.4","k":"chain","r":10.2},"geometry":{"type":"Point","coordinates":[127.456759,36.773332]}},{"type":"Feature","properties":{"t":"No.5","k":"chain","r":10.2},"geometry":{"type":"Point","coordinates":[127.4568,36.773509]}},{"type":"Feature","properties":{"t":"No.6","k":"chain","r":10.2},"geometry":{"type":"Point","coordinates":[127.45684,36.773687]}},{"type":"Feature","properties":{"t":"No.7","k":"chain","r":10.2},"geometry":{"type":"Point","coordinates":[127.456881,36.773864]}},{"type":"Feature","properties":{"t":"No.8","k":"chain","r":10.2},"geometry":{"type":"Point","coordinates":[127.456922,36.774041]}},{"type":"Feature","properties":{"t":"No.8+19.39","k":"chain","r":10.2},"geometry":{"type":"Point","coordinates":[127.457001,36.774207]}},{"type":"Feature","properties":{"t":"No.9","k":"chain","r":10.2},"geometry":{"type":"Point","coordinates":[127.456963,36.774218]}},{"type":"Feature","properties":{"t":"No.9+14.26","k":"chain","r":10.2},"geometry":{"type":"Point","coordinates":[127.457031,36.774339]}},{"type":"Feature","properties":{"t":"No.10","k":"chain","r":10.2},"geometry":{"type":"Point","coordinates":[127.45701,36.774395]}},{"type":"Feature","properties":{"t":"No.11","k":"chain","r":10.2},"geometry":{"type":"Point","coordinates":[127.457051,36.774572]}},{"type":"Feature","properties":{"t":"No.11+9.43","k":"chain","r":10.2},"geometry":{"type":"Point","coordinates":[127.457103,36.77465]}},{"type":"Feature","properties":{"t":"No.11+16.50","k":"chain","r":10.2},"geometry":{"type":"Point","coordinates":[127.457124,36.774712]}},{"type":"Feature","properties":{"t":"No.11+18.00","k":"chain","r":10.2},"geometry":{"type":"Point","coordinates":[127.457127,36.774725]}},{"type":"Feature","properties":{"t":"No.0","k":"chain","r":10.2},"geometry":{"type":"Point","coordinates":[127.45517,36.77514]}},{"type":"Feature","properties":{"t":"No.0+7.07","k":"chain","r":10.2},"geometry":{"type":"Point","coordinates":[127.455218,36.775198]}},{"type":"Feature","properties":{"t":"No.1","k":"chain","r":10.2},"geometry":{"type":"Point","coordinates":[127.455211,36.775318]}},{"type":"Feature","properties":{"t":"No.2","k":"chain","r":10.2},"geometry":{"type":"Point","coordinates":[127.455252,36.775495]}},{"type":"Feature","properties":{"t":"No.3","k":"chain","r":10.2},"geometry":{"type":"Point","coordinates":[127.455292,36.775672]}},{"type":"Feature","properties":{"t":"No.4","k":"chain","r":10.2},"geometry":{"type":"Point","coordinates":[127.455333,36.775849]}},{"type":"Feature","properties":{"t":"No.5","k":"chain","r":10.2},"geometry":{"type":"Point","coordinates":[127.455374,36.776027]}},{"type":"Feature","properties":{"t":"No.6","k":"chain","r":10.2},"geometry":{"type":"Point","coordinates":[127.455415,36.776204]}},{"type":"Feature","properties":{"t":"No.7","k":"chain","r":10.2},"geometry":{"type":"Point","coordinates":[127.455456,36.776381]}},{"type":"Feature","properties":{"t":"No.8","k":"chain","r":10.2},"geometry":{"type":"Point","coordinates":[127.455496,36.776558]}},{"type":"Feature","properties":{"t":"No.8+12.77","k":"chain","r":10.2},"geometry":{"type":"Point","coordinates":[127.455562,36.776665]}},{"type":"Feature","properties":{"t":"No.8+18.62","k":"chain","r":10.2},"geometry":{"type":"Point","coordinates":[127.455574,36.776717]}},{"type":"Feature","properties":{"t":"No.9","k":"chain","r":10.2},"geometry":{"type":"Point","coordinates":[127.455537,36.776735]}},{"type":"Feature","properties":{"t":"No.9+13.50","k":"chain","r":10.2},"geometry":{"type":"Point","coordinates":[127.455604,36.776849]}},{"type":"Feature","properties":{"t":"No.10","k":"chain","r":10.2},"geometry":{"type":"Point","coordinates":[127.455584,36.776912]}},{"type":"Feature","properties":{"t":"No.11","k":"chain","r":10.2},"geometry":{"type":"Point","coordinates":[127.455625,36.777089]}},{"type":"Feature","properties":{"t":"No.12","k":"chain","r":10.2},"geometry":{"type":"Point","coordinates":[127.455666,36.777266]}},{"type":"Feature","properties":{"t":"No.12+14.50","k":"chain","r":10.2},"geometry":{"type":"Point","coordinates":[127.455735,36.777389]}},{"type":"Feature","properties":{"t":"No.13","k":"chain","r":10.2},"geometry":{"type":"Point","coordinates":[127.455707,36.777443]}},{"type":"Feature","properties":{"t":"No.14","k":"chain","r":10.2},"geometry":{"type":"Point","coordinates":[127.455748,36.77762]}},{"type":"Feature","properties":{"t":"No.14+6.16","k":"chain","r":10.2},"geometry":{"type":"Point","coordinates":[127.455793,36.77767]}},{"type":"Feature","properties":{"t":"No.15","k":"chain","r":10.2},"geometry":{"type":"Point","coordinates":[127.455788,36.777798]}},{"type":"Feature","properties":{"t":"No.16","k":"chain","r":10.2},"geometry":{"type":"Point","coordinates":[127.455829,36.777975]}},{"type":"Feature","properties":{"t":"No.17","k":"chain","r":10.2},"geometry":{"type":"Point","coordinates":[127.45587,36.778152]}},{"type":"Feature","properties":{"t":"No.18","k":"chain","r":10.2},"geometry":{"type":"Point","coordinates":[127.455911,36.778329]}},{"type":"Feature","properties":{"t":"No.19","k":"chain","r":10.2},"geometry":{"type":"Point","coordinates":[127.455951,36.778506]}},{"type":"Feature","properties":{"t":"No.20","k":"chain","r":10.2},"geometry":{"type":"Point","coordinates":[127.455992,36.778684]}},{"type":"Feature","properties":{"t":"No.21","k":"chain","r":10.2},"geometry":{"type":"Point","coordinates":[127.456033,36.778861]}},{"type":"Feature","properties":{"t":"No.21+3.89","k":"chain","r":10.2},"geometry":{"type":"Point","coordinates":[127.456074,36.77889]}},{"type":"Feature","properties":{"t":"No.21+6.37","k":"chain","r":10.2},"geometry":{"type":"Point","coordinates":[127.456079,36.778912]}},{"type":"Feature","properties":{"t":"No.21+13.44","k":"chain","r":10.2},"geometry":{"type":"Point","coordinates":[127.4561,36.778974]}},{"type":"Feature","properties":{"t":"No.0","k":"chain","r":10.2},"geometry":{"type":"Point","coordinates":[127.459192,36.773593]}},{"type":"Feature","properties":{"t":"No.1","k":"chain","r":10.2},"geometry":{"type":"Point","coordinates":[127.459233,36.77377]}},{"type":"Feature","properties":{"t":"No.2","k":"chain","r":10.2},"geometry":{"type":"Point","coordinates":[127.459273,36.773947]}},{"type":"Feature","properties":{"t":"No.2+13.14","k":"chain","r":10.2},"geometry":{"type":"Point","coordinates":[127.45934,36.774058]}},{"type":"Feature","properties":{"t":"No.3","k":"chain","r":10.2},"geometry":{"type":"Point","coordinates":[127.459314,36.774125]}},{"type":"Feature","properties":{"t":"No.3+0.63","k":"chain","r":10.2},"geometry":{"type":"Point","coordinates":[127.459349,36.774125]}},{"type":"Feature","properties":{"t":"No.4","k":"chain","r":10.2},"geometry":{"type":"Point","coordinates":[127.459355,36.774302]}},{"type":"Feature","properties":{"t":"No.4+1.43","k":"chain","r":10.2},"geometry":{"type":"Point","coordinates":[127.459391,36.77431]}},{"type":"Feature","properties":{"t":"No.4+8.50","k":"chain","r":10.2},"geometry":{"type":"Point","coordinates":[127.459405,36.774372]}},{"type":"Feature","properties":{"t":"No.4+10.00","k":"chain","r":10.2},"geometry":{"type":"Point","coordinates":[127.459415,36.774385]}},{"type":"Feature","properties":{"t":"No.0","k":"chain","r":-79.8},"geometry":{"type":"Point","coordinates":[127.455957,36.77624]}},{"type":"Feature","properties":{"t":"No.0+3.48","k":"chain","r":-79.8},"geometry":{"type":"Point","coordinates":[127.45599,36.776208]}},{"type":"Feature","properties":{"t":"No.0+8.57","k":"chain","r":-79.8},"geometry":{"type":"Point","coordinates":[127.456046,36.7762]}},{"type":"Feature","properties":{"t":"No.1","k":"chain","r":-79.8},"geometry":{"type":"Point","coordinates":[127.456178,36.776208]}},{"type":"Feature","properties":{"t":"No.2","k":"chain","r":-79.8},"geometry":{"type":"Point","coordinates":[127.456398,36.776175]}},{"type":"Feature","properties":{"t":"No.2+3.72","k":"chain","r":-79.8},"geometry":{"type":"Point","coordinates":[127.456433,36.776142]}},{"type":"Feature","properties":{"t":"No.2+18.60","k":"chain","r":-79.8},"geometry":{"type":"Point","coordinates":[127.456595,36.776112]}},{"type":"Feature","properties":{"t":"No.3","k":"chain","r":-79.8},"geometry":{"type":"Point","coordinates":[127.456618,36.776142]}},{"type":"Feature","properties":{"t":"No.4","k":"chain","r":-79.8},"geometry":{"type":"Point","coordinates":[127.456839,36.776109]}},{"type":"Feature","properties":{"t":"No.4+10.87","k":"chain","r":-79.8},"geometry":{"type":"Point","coordinates":[127.456951,36.776059]}},{"type":"Feature","properties":{"t":"No.5","k":"chain","r":-79.8},"geometry":{"type":"Point","coordinates":[127.457059,36.776076]}},{"type":"Feature","properties":{"t":"No.5+3.87","k":"chain","r":-79.8},"geometry":{"type":"Point","coordinates":[127.457095,36.776043]}},{"type":"Feature","properties":{"t":"No.5+18.87","k":"chain","r":-79.8},"geometry":{"type":"Point","coordinates":[127.457259,36.776013]}},{"type":"Feature","properties":{"t":"No.6","k":"chain","r":-79.8},"geometry":{"type":"Point","coordinates":[127.457279,36.776043]}},{"type":"Feature","properties":{"t":"No.6+11.87","k":"chain","r":-79.8},"geometry":{"type":"Point","coordinates":[127.457402,36.775992]}},{"type":"Feature","properties":{"t":"No.7","k":"chain","r":-79.8},"geometry":{"type":"Point","coordinates":[127.457499,36.776011]}},{"type":"Feature","properties":{"t":"No.8","k":"chain","r":-79.8},"geometry":{"type":"Point","coordinates":[127.45772,36.775978]}},{"type":"Feature","properties":{"t":"No.9","k":"chain","r":-79.8},"geometry":{"type":"Point","coordinates":[127.45794,36.775945]}},{"type":"Feature","properties":{"t":"No.10","k":"chain","r":-79.8},"geometry":{"type":"Point","coordinates":[127.458159,36.775907]}},{"type":"Feature","properties":{"t":"No.10+7.07","k":"chain","r":-79.8},"geometry":{"type":"Point","coordinates":[127.458231,36.775869]}},{"type":"Feature","properties":{"t":"No.11","k":"chain","r":-79.8},"geometry":{"type":"Point","coordinates":[127.458379,36.775874]}},{"type":"Feature","properties":{"t":"No.12","k":"chain","r":-79.8},"geometry":{"type":"Point","coordinates":[127.4586,36.775841]}},{"type":"Feature","properties":{"t":"No.12+1.39","k":"chain","r":-79.8},"geometry":{"type":"Point","coordinates":[127.458609,36.775812]}},{"type":"Feature","properties":{"t":"No.13","k":"chain","r":-79.8},"geometry":{"type":"Point","coordinates":[127.45882,36.775809]}},{"type":"Feature","properties":{"t":"No.14","k":"chain","r":-79.8},"geometry":{"type":"Point","coordinates":[127.45904,36.775776]}},{"type":"Feature","properties":{"t":"No.15","k":"chain","r":-79.8},"geometry":{"type":"Point","coordinates":[127.45926,36.775743]}},{"type":"Feature","properties":{"t":"No.15+6.73","k":"chain","r":-79.8},"geometry":{"type":"Point","coordinates":[127.459329,36.775705]}},{"type":"Feature","properties":{"t":"No.16","k":"chain","r":-79.8},"geometry":{"type":"Point","coordinates":[127.459481,36.77571]}},{"type":"Feature","properties":{"t":"No.16+1.61","k":"chain","r":-79.8},"geometry":{"type":"Point","coordinates":[127.459492,36.775681]}},{"type":"Feature","properties":{"t":"No.17","k":"chain","r":-79.8},"geometry":{"type":"Point","coordinates":[127.459701,36.775677]}},{"type":"Feature","properties":{"t":"No.18","k":"chain","r":-79.8},"geometry":{"type":"Point","coordinates":[127.459921,36.775644]}},{"type":"Feature","properties":{"t":"No.19","k":"chain","r":-79.8},"geometry":{"type":"Point","coordinates":[127.460142,36.775612]}},{"type":"Feature","properties":{"t":"No.20","k":"chain","r":-79.8},"geometry":{"type":"Point","coordinates":[127.460362,36.775579]}},{"type":"Feature","properties":{"t":"No.21","k":"chain","r":-79.8},"geometry":{"type":"Point","coordinates":[127.460582,36.775546]}},{"type":"Feature","properties":{"t":"No.22","k":"chain","r":-79.8},"geometry":{"type":"Point","coordinates":[127.460802,36.775513]}},{"type":"Feature","properties":{"t":"No.23","k":"chain","r":-79.8},"geometry":{"type":"Point","coordinates":[127.461023,36.77548]}},{"type":"Feature","properties":{"t":"No.24","k":"chain","r":-79.8},"geometry":{"type":"Point","coordinates":[127.461243,36.775448]}},{"type":"Feature","properties":{"t":"No.25","k":"chain","r":-79.8},"geometry":{"type":"Point","coordinates":[127.461463,36.775415]}},{"type":"Feature","properties":{"t":"No.26","k":"chain","r":-79.8},"geometry":{"type":"Point","coordinates":[127.461684,36.775382]}},{"type":"Feature","properties":{"t":"No.27","k":"chain","r":-79.8},"geometry":{"type":"Point","coordinates":[127.461904,36.775349]}},{"type":"Feature","properties":{"t":"No.28","k":"chain","r":-79.8},"geometry":{"type":"Point","coordinates":[127.462124,36.775316]}},{"type":"Feature","properties":{"t":"No.29","k":"chain","r":-79.8},"geometry":{"type":"Point","coordinates":[127.462344,36.775284]}},{"type":"Feature","properties":{"t":"No.30","k":"chain","r":-79.8},"geometry":{"type":"Point","coordinates":[127.462565,36.775251]}},{"type":"Feature","properties":{"t":"No.30+11.86","k":"chain","r":-79.8},"geometry":{"type":"Point","coordinates":[127.462688,36.775199]}},{"type":"Feature","properties":{"t":"No.30+18.93","k":"chain","r":-79.8},"geometry":{"type":"Point","coordinates":[127.462766,36.775188]}},{"type":"Feature","properties":{"t":"No.0","k":"chain","r":-79.8},"geometry":{"type":"Point","coordinates":[127.462907,36.775205]}},{"type":"Feature","properties":{"t":"No.0+7.07","k":"chain","r":-79.8},"geometry":{"type":"Point","coordinates":[127.462978,36.775167]}},{"type":"Feature","properties":{"t":"No.1","k":"chain","r":-79.8},"geometry":{"type":"Point","coordinates":[127.463127,36.775172]}},{"type":"Feature","properties":{"t":"No.2","k":"chain","r":-79.8},"geometry":{"type":"Point","coordinates":[127.463347,36.77514]}},{"type":"Feature","properties":{"t":"No.3","k":"chain","r":-79.8},"geometry":{"type":"Point","coordinates":[127.463567,36.775107]}},{"type":"Feature","properties":{"t":"No.4","k":"chain","r":-79.8},"geometry":{"type":"Point","coordinates":[127.463788,36.775074]}},{"type":"Feature","properties":{"t":"No.5","k":"chain","r":-79.8},"geometry":{"type":"Point","coordinates":[127.464008,36.775041]}},{"type":"Feature","properties":{"t":"No.6","k":"chain","r":-79.8},"geometry":{"type":"Point","coordinates":[127.464228,36.775008]}},{"type":"Feature","properties":{"t":"No.7","k":"chain","r":-79.8},"geometry":{"type":"Point","coordinates":[127.464448,36.774976]}},{"type":"Feature","properties":{"t":"No.8","k":"chain","r":-79.8},"geometry":{"type":"Point","coordinates":[127.464669,36.774943]}},{"type":"Feature","properties":{"t":"No.9","k":"chain","r":-79.8},"geometry":{"type":"Point","coordinates":[127.464889,36.77491]}},{"type":"Feature","properties":{"t":"No.10","k":"chain","r":-79.8},"geometry":{"type":"Point","coordinates":[127.465108,36.774872]}},{"type":"Feature","properties":{"t":"No.11","k":"chain","r":-79.8},"geometry":{"type":"Point","coordinates":[127.465328,36.774839]}},{"type":"Feature","properties":{"t":"No.12","k":"chain","r":-79.8},"geometry":{"type":"Point","coordinates":[127.465549,36.774806]}},{"type":"Feature","properties":{"t":"No.13","k":"chain","r":-79.8},"geometry":{"type":"Point","coordinates":[127.465769,36.774773]}},{"type":"Feature","properties":{"t":"No.14","k":"chain","r":-79.8},"geometry":{"type":"Point","coordinates":[127.465989,36.77474]}},{"type":"Feature","properties":{"t":"No.15","k":"chain","r":-79.8},"geometry":{"type":"Point","coordinates":[127.466209,36.774708]}},{"type":"Feature","properties":{"t":"No.16","k":"chain","r":-79.8},"geometry":{"type":"Point","coordinates":[127.46643,36.774675]}},{"type":"Feature","properties":{"t":"No.17","k":"chain","r":-79.8},"geometry":{"type":"Point","coordinates":[127.46665,36.774642]}},{"type":"Feature","properties":{"t":"No.18","k":"chain","r":-79.8},"geometry":{"type":"Point","coordinates":[127.46687,36.774609]}},{"type":"Feature","properties":{"t":"No.19","k":"chain","r":-79.8},"geometry":{"type":"Point","coordinates":[127.467091,36.774576]}},{"type":"Feature","properties":{"t":"No.20","k":"chain","r":-79.8},"geometry":{"type":"Point","coordinates":[127.467311,36.774544]}},{"type":"Feature","properties":{"t":"No.21","k":"chain","r":-79.8},"geometry":{"type":"Point","coordinates":[127.467531,36.774511]}},{"type":"Feature","properties":{"t":"No.22","k":"chain","r":-79.8},"geometry":{"type":"Point","coordinates":[127.467751,36.774478]}},{"type":"Feature","properties":{"t":"No.23","k":"chain","r":-79.8},"geometry":{"type":"Point","coordinates":[127.467972,36.774445]}},{"type":"Feature","properties":{"t":"No.24","k":"chain","r":-79.8},"geometry":{"type":"Point","coordinates":[127.468192,36.774412]}},{"type":"Feature","properties":{"t":"No.25","k":"chain","r":-79.8},"geometry":{"type":"Point","coordinates":[127.468412,36.774379]}},{"type":"Feature","properties":{"t":"No.25+9.65","k":"chain","r":-79.8},"geometry":{"type":"Point","coordinates":[127.468512,36.774337]}},{"type":"Feature","properties":{"t":"No.25+11.55","k":"chain","r":-79.8},"geometry":{"type":"Point","coordinates":[127.468532,36.774329]}},{"type":"Feature","properties":{"t":"No.0","k":"chain","r":-79.8},"geometry":{"type":"Point","coordinates":[127.456723,36.779344]}},{"type":"Feature","properties":{"t":"No.0+3.00","k":"chain","r":-79.8},"geometry":{"type":"Point","coordinates":[127.45675,36.779313]}},{"type":"Feature","properties":{"t":"No.0+9.55","k":"chain","r":-79.8},"geometry":{"type":"Point","coordinates":[127.456822,36.779302]}},{"type":"Feature","properties":{"t":"No.1","k":"chain","r":-79.8},"geometry":{"type":"Point","coordinates":[127.456943,36.779311]}},{"type":"Feature","properties":{"t":"No.2","k":"chain","r":-79.8},"geometry":{"type":"Point","coordinates":[127.457164,36.779279]}},{"type":"Feature","properties":{"t":"No.3","k":"chain","r":-79.8},"geometry":{"type":"Point","coordinates":[127.457384,36.779246]}},{"type":"Feature","properties":{"t":"No.4","k":"chain","r":-79.8},"geometry":{"type":"Point","coordinates":[127.457604,36.779213]}},{"type":"Feature","properties":{"t":"No.4+6.37","k":"chain","r":-79.8},"geometry":{"type":"Point","coordinates":[127.457668,36.779176]}},{"type":"Feature","properties":{"t":"No.4+19.37","k":"chain","r":-79.8},"geometry":{"type":"Point","coordinates":[127.45781,36.779149]}},{"type":"Feature","properties":{"t":"No.5","k":"chain","r":-79.8},"geometry":{"type":"Point","coordinates":[127.457824,36.77918]}},{"type":"Feature","properties":{"t":"No.5+14.37","k":"chain","r":-79.8},"geometry":{"type":"Point","coordinates":[127.457975,36.779125]}},{"type":"Feature","properties":{"t":"No.6","k":"chain","r":-79.8},"geometry":{"type":"Point","coordinates":[127.458045,36.779147]}},{"type":"Feature","properties":{"t":"No.6+1.41","k":"chain","r":-79.8},"geometry":{"type":"Point","coordinates":[127.458054,36.779118]}},{"type":"Feature","properties":{"t":"No.6+7.37","k":"chain","r":-79.8},"geometry":{"type":"Point","coordinates":[127.45812,36.779109]}},{"type":"Feature","properties":{"t":"No.7","k":"chain","r":-79.8},"geometry":{"type":"Point","coordinates":[127.458265,36.779115]}},{"type":"Feature","properties":{"t":"No.7+15.86","k":"chain","r":-79.8},"geometry":{"type":"Point","coordinates":[127.458432,36.779057]}},{"type":"Feature","properties":{"t":"No.8","k":"chain","r":-79.8},"geometry":{"type":"Point","coordinates":[127.458485,36.779082]}},{"type":"Feature","properties":{"t":"No.9","k":"chain","r":-79.8},"geometry":{"type":"Point","coordinates":[127.458706,36.779049]}},{"type":"Feature","properties":{"t":"No.10","k":"chain","r":-79.8},"geometry":{"type":"Point","coordinates":[127.458925,36.779011]}},{"type":"Feature","properties":{"t":"No.11","k":"chain","r":-79.8},"geometry":{"type":"Point","coordinates":[127.459145,36.778978]}},{"type":"Feature","properties":{"t":"No.12","k":"chain","r":-79.8},"geometry":{"type":"Point","coordinates":[127.459365,36.778945]}},{"type":"Feature","properties":{"t":"No.13","k":"chain","r":-79.8},"geometry":{"type":"Point","coordinates":[127.459586,36.778912]}},{"type":"Feature","properties":{"t":"No.14","k":"chain","r":-79.8},"geometry":{"type":"Point","coordinates":[127.459806,36.77888]}},{"type":"Feature","properties":{"t":"No.15","k":"chain","r":-79.8},"geometry":{"type":"Point","coordinates":[127.460026,36.778847]}},{"type":"Feature","properties":{"t":"No.16","k":"chain","r":-79.8},"geometry":{"type":"Point","coordinates":[127.460246,36.778814]}},{"type":"Feature","properties":{"t":"No.17","k":"chain","r":-79.8},"geometry":{"type":"Point","coordinates":[127.460467,36.778781]}},{"type":"Feature","properties":{"t":"No.18","k":"chain","r":-79.8},"geometry":{"type":"Point","coordinates":[127.460687,36.778748]}},{"type":"Feature","properties":{"t":"No.19","k":"chain","r":-79.8},"geometry":{"type":"Point","coordinates":[127.460907,36.778716]}},{"type":"Feature","properties":{"t":"No.20","k":"chain","r":-79.8},"geometry":{"type":"Point","coordinates":[127.461128,36.778683]}},{"type":"Feature","properties":{"t":"No.21","k":"chain","r":-79.8},"geometry":{"type":"Point","coordinates":[127.461348,36.77865]}},{"type":"Feature","properties":{"t":"No.22","k":"chain","r":-79.8},"geometry":{"type":"Point","coordinates":[127.461568,36.778617]}},{"type":"Feature","properties":{"t":"No.23","k":"chain","r":-79.8},"geometry":{"type":"Point","coordinates":[127.461788,36.778584]}},{"type":"Feature","properties":{"t":"No.24","k":"chain","r":-79.8},"geometry":{"type":"Point","coordinates":[127.462009,36.778551]}},{"type":"Feature","properties":{"t":"No.25","k":"chain","r":-79.8},"geometry":{"type":"Point","coordinates":[127.462229,36.778519]}},{"type":"Feature","properties":{"t":"No.25+6.60","k":"chain","r":-79.8},"geometry":{"type":"Point","coordinates":[127.462296,36.778481]}},{"type":"Feature","properties":{"t":"No.25+19.60","k":"chain","r":-79.8},"geometry":{"type":"Point","coordinates":[127.462438,36.778455]}},{"type":"Feature","properties":{"t":"No.26","k":"chain","r":-79.8},"geometry":{"type":"Point","coordinates":[127.462449,36.778486]}},{"type":"Feature","properties":{"t":"No.26+6.17","k":"chain","r":-79.8},"geometry":{"type":"Point","coordinates":[127.462511,36.778449]}},{"type":"Feature","properties":{"t":"No.26+14.60","k":"chain","r":-79.8},"geometry":{"type":"Point","coordinates":[127.462603,36.77843]}},{"type":"Feature","properties":{"t":"No.27","k":"chain","r":-79.8},"geometry":{"type":"Point","coordinates":[127.46267,36.778453]}},{"type":"Feature","properties":{"t":"No.27+1.21","k":"chain","r":-79.8},"geometry":{"type":"Point","coordinates":[127.462677,36.778424]}},{"type":"Feature","properties":{"t":"No.27+7.60","k":"chain","r":-79.8},"geometry":{"type":"Point","coordinates":[127.462747,36.778414]}},{"type":"Feature","properties":{"t":"No.28","k":"chain","r":-79.8},"geometry":{"type":"Point","coordinates":[127.46289,36.77842]}},{"type":"Feature","properties":{"t":"No.29","k":"chain","r":-79.8},"geometry":{"type":"Point","coordinates":[127.46311,36.778387]}},{"type":"Feature","properties":{"t":"No.29+17.43","k":"chain","r":-79.8},"geometry":{"type":"Point","coordinates":[127.463295,36.778327]}},{"type":"Feature","properties":{"t":"No.30","k":"chain","r":-79.8},"geometry":{"type":"Point","coordinates":[127.463331,36.778355]}},{"type":"Feature","properties":{"t":"No.30+8.76","k":"chain","r":-79.8},"geometry":{"type":"Point","coordinates":[127.463421,36.778314]}},{"type":"Feature","properties":{"t":"No.30+12.80","k":"chain","r":-79.8},"geometry":{"type":"Point","coordinates":[127.463464,36.778302]}},{"type":"Feature","properties":{"t":"No.0","k":"chain","r":-5.6},"geometry":{"type":"Point","coordinates":[127.463508,36.780841]}},{"type":"Feature","properties":{"t":"No.0+9.45","k":"chain","r":-5.6},"geometry":{"type":"Point","coordinates":[127.463532,36.780928]}},{"type":"Feature","properties":{"t":"No.1","k":"chain","r":-5.6},"geometry":{"type":"Point","coordinates":[127.463487,36.78102]}},{"type":"Feature","properties":{"t":"No.1+4.89","k":"chain","r":-5.6},"geometry":{"type":"Point","coordinates":[127.463516,36.781067]}},{"type":"Feature","properties":{"t":"No.1+11.49","k":"chain","r":-5.6},"geometry":{"type":"Point","coordinates":[127.463516,36.781126]}},{"type":"Feature","properties":{"t":"No.1+19.89","k":"chain","r":-5.6},"geometry":{"type":"Point","coordinates":[127.463507,36.781202]}},{"type":"Feature","properties":{"t":"No.2","k":"chain","r":-5.6},"geometry":{"type":"Point","coordinates":[127.463467,36.7812]}},{"type":"Feature","properties":{"t":"No.3","k":"chain","r":-5.6},"geometry":{"type":"Point","coordinates":[127.463446,36.781379]}},{"type":"Feature","properties":{"t":"No.4","k":"chain","r":-5.6},"geometry":{"type":"Point","coordinates":[127.463425,36.781559]}},{"type":"Feature","properties":{"t":"No.5","k":"chain","r":-5.6},"geometry":{"type":"Point","coordinates":[127.463405,36.781738]}},{"type":"Feature","properties":{"t":"No.5+17.71","k":"chain","r":-5.6},"geometry":{"type":"Point","coordinates":[127.463427,36.7819]}},{"type":"Feature","properties":{"t":"No.6","k":"chain","r":-5.6},"geometry":{"type":"Point","coordinates":[127.463384,36.781917]}},{"type":"Feature","properties":{"t":"No.6+4.78","k":"chain","r":-5.6},"geometry":{"type":"Point","coordinates":[127.463413,36.781963]}},{"type":"Feature","properties":{"t":"No.0","k":"chain","r":-5.6},"geometry":{"type":"Point","coordinates":[127.463364,36.782095]}},{"type":"Feature","properties":{"t":"No.0+7.07","k":"chain","r":-5.6},"geometry":{"type":"Point","coordinates":[127.46339,36.782161]}},{"type":"Feature","properties":{"t":"No.1","k":"chain","r":-5.6},"geometry":{"type":"Point","coordinates":[127.463343,36.782274]}},{"type":"Feature","properties":{"t":"No.2","k":"chain","r":-5.6},"geometry":{"type":"Point","coordinates":[127.463323,36.782454]}},{"type":"Feature","properties":{"t":"No.2+6.89","k":"chain","r":-5.6},"geometry":{"type":"Point","coordinates":[127.463349,36.782518]}},{"type":"Feature","properties":{"t":"No.3","k":"chain","r":-5.6},"geometry":{"type":"Point","coordinates":[127.463302,36.782633]}},{"type":"Feature","properties":{"t":"No.3+7.68","k":"chain","r":-5.6},"geometry":{"type":"Point","coordinates":[127.463327,36.782705]}},{"type":"Feature","properties":{"t":"No.4","k":"chain","r":-5.6},"geometry":{"type":"Point","coordinates":[127.463281,36.782813]}},{"type":"Feature","properties":{"t":"No.4+2.60","k":"chain","r":-5.6},"geometry":{"type":"Point","coordinates":[127.463312,36.782839]}},{"type":"Feature","properties":{"t":"No.4+12.66","k":"chain","r":-5.6},"geometry":{"type":"Point","coordinates":[127.463308,36.782929]}},{"type":"Feature","properties":{"t":"No.5","k":"chain","r":-5.6},"geometry":{"type":"Point","coordinates":[127.463261,36.782992]}},{"type":"Feature","properties":{"t":"No.5+12.12","k":"chain","r":-5.6},"geometry":{"type":"Point","coordinates":[127.463288,36.783104]}},{"type":"Feature","properties":{"t":"No.6","k":"chain","r":-5.6},"geometry":{"type":"Point","coordinates":[127.46324,36.783172]}},{"type":"Feature","properties":{"t":"No.7","k":"chain","r":-5.6},"geometry":{"type":"Point","coordinates":[127.463219,36.783351]}},{"type":"Feature","properties":{"t":"No.7+2.74","k":"chain","r":-5.6},"geometry":{"type":"Point","coordinates":[127.46325,36.783378]}},{"type":"Feature","properties":{"t":"No.8","k":"chain","r":-5.6},"geometry":{"type":"Point","coordinates":[127.463199,36.783531]}},{"type":"Feature","properties":{"t":"No.8+9.28","k":"chain","r":-5.6},"geometry":{"type":"Point","coordinates":[127.463223,36.783616]}},{"type":"Feature","properties":{"t":"No.9","k":"chain","r":-5.6},"geometry":{"type":"Point","coordinates":[127.463178,36.78371]}},{"type":"Feature","properties":{"t":"No.10","k":"chain","r":-5.6},"geometry":{"type":"Point","coordinates":[127.463164,36.78389]}},{"type":"Feature","properties":{"t":"No.10+9.41","k":"chain","r":-5.6},"geometry":{"type":"Point","coordinates":[127.463188,36.783977]}},{"type":"Feature","properties":{"t":"No.11","k":"chain","r":-5.6},"geometry":{"type":"Point","coordinates":[127.463144,36.784069]}},{"type":"Feature","properties":{"t":"No.11+16.11","k":"chain","r":-5.6},"geometry":{"type":"Point","coordinates":[127.463167,36.784217]}},{"type":"Feature","properties":{"t":"No.12","k":"chain","r":-5.6},"geometry":{"type":"Point","coordinates":[127.463123,36.784249]}},{"type":"Feature","properties":{"t":"No.13","k":"chain","r":-5.6},"geometry":{"type":"Point","coordinates":[127.463102,36.784428]}},{"type":"Feature","properties":{"t":"No.13+2.22","k":"chain","r":-5.6},"geometry":{"type":"Point","coordinates":[127.463134,36.784451]}},{"type":"Feature","properties":{"t":"No.14","k":"chain","r":-5.6},"geometry":{"type":"Point","coordinates":[127.463082,36.784608]}},{"type":"Feature","properties":{"t":"No.15","k":"chain","r":-5.6},"geometry":{"type":"Point","coordinates":[127.463061,36.784787]}},{"type":"Feature","properties":{"t":"No.15+0.44","k":"chain","r":-5.6},"geometry":{"type":"Point","coordinates":[127.463094,36.784794]}},{"type":"Feature","properties":{"t":"No.15+15.32","k":"chain","r":-5.6},"geometry":{"type":"Point","coordinates":[127.463086,36.784928]}},{"type":"Feature","properties":{"t":"No.16","k":"chain","r":-5.6},"geometry":{"type":"Point","coordinates":[127.463041,36.784967]}},{"type":"Feature","properties":{"t":"No.17","k":"chain","r":-5.6},"geometry":{"type":"Point","coordinates":[127.46302,36.785146]}},{"type":"Feature","properties":{"t":"No.17+5.23","k":"chain","r":-5.6},"geometry":{"type":"Point","coordinates":[127.463048,36.785196]}},{"type":"Feature","properties":{"t":"No.18","k":"chain","r":-5.6},"geometry":{"type":"Point","coordinates":[127.462999,36.785326]}},{"type":"Feature","properties":{"t":"No.19","k":"chain","r":-5.6},"geometry":{"type":"Point","coordinates":[127.462979,36.785505]}},{"type":"Feature","properties":{"t":"No.19+5.54","k":"chain","r":-5.6},"geometry":{"type":"Point","coordinates":[127.463007,36.785557]}},{"type":"Feature","properties":{"t":"No.19+18.91","k":"chain","r":-5.6},"geometry":{"type":"Point","coordinates":[127.462999,36.785678]}},{"type":"Feature","properties":{"t":"No.0","k":"chain","r":-5.6},"geometry":{"type":"Point","coordinates":[127.46715,36.782047]}},{"type":"Feature","properties":{"t":"No.1","k":"chain","r":-5.6},"geometry":{"type":"Point","coordinates":[127.46713,36.782227]}},{"type":"Feature","properties":{"t":"No.2","k":"chain","r":-5.6},"geometry":{"type":"Point","coordinates":[127.467109,36.782406]}},{"type":"Feature","properties":{"t":"No.3","k":"chain","r":-5.6},"geometry":{"type":"Point","coordinates":[127.467088,36.782586]}},{"type":"Feature","properties":{"t":"No.4","k":"chain","r":-5.6},"geometry":{"type":"Point","coordinates":[127.467068,36.782765]}},{"type":"Feature","properties":{"t":"No.5","k":"chain","r":-5.6},"geometry":{"type":"Point","coordinates":[127.467047,36.782945]}},{"type":"Feature","properties":{"t":"No.6","k":"chain","r":-5.6},"geometry":{"type":"Point","coordinates":[127.467026,36.783124]}},{"type":"Feature","properties":{"t":"No.7","k":"chain","r":-5.6},"geometry":{"type":"Point","coordinates":[127.467006,36.783304]}},{"type":"Feature","properties":{"t":"No.8","k":"chain","r":-5.6},"geometry":{"type":"Point","coordinates":[127.466985,36.783483]}},{"type":"Feature","properties":{"t":"No.9","k":"chain","r":-5.6},"geometry":{"type":"Point","coordinates":[127.466965,36.783663]}},{"type":"Feature","properties":{"t":"No.9+18.99","k":"chain","r":-5.6},"geometry":{"type":"Point","coordinates":[127.466985,36.783836]}},{"type":"Feature","properties":{"t":"No.0","k":"chain","r":-2.5},"geometry":{"type":"Point","coordinates":[127.467244,36.781219]}},{"type":"Feature","properties":{"t":"No.0+0.63","k":"chain","r":-2.5},"geometry":{"type":"Point","coordinates":[127.467278,36.781225]}},{"type":"Feature","properties":{"t":"No.0+3.33","k":"chain","r":-2.5},"geometry":{"type":"Point","coordinates":[127.467276,36.78125]}},{"type":"Feature","properties":{"t":"No.0+4.04","k":"chain","r":-2.5},"geometry":{"type":"Point","coordinates":[127.467276,36.781256]}},{"type":"Feature","properties":{"t":"No.1","k":"chain","r":-2.5},"geometry":{"type":"Point","coordinates":[127.467236,36.781399]}},{"type":"Feature","properties":{"t":"No.2","k":"chain","r":-2.5},"geometry":{"type":"Point","coordinates":[127.467227,36.781579]}},{"type":"Feature","properties":{"t":"No.3","k":"chain","r":-2.5},"geometry":{"type":"Point","coordinates":[127.467218,36.781759]}},{"type":"Feature","properties":{"t":"No.3+7.70","k":"chain","r":-2.5},"geometry":{"type":"Point","coordinates":[127.467248,36.781829]}},{"type":"Feature","properties":{"t":"No.3+18.14","k":"chain","r":-2.5},"geometry":{"type":"Point","coordinates":[127.46725,36.781923]}},{"type":"Feature","properties":{"t":"No.0","k":"chain","r":-5.6},"geometry":{"type":"Point","coordinates":[127.468326,36.781247]}},{"type":"Feature","properties":{"t":"No.0+11.35","k":"chain","r":-5.6},"geometry":{"type":"Point","coordinates":[127.468354,36.781352]}},{"type":"Feature","properties":{"t":"No.1","k":"chain","r":-5.6},"geometry":{"type":"Point","coordinates":[127.468305,36.781427]}},{"type":"Feature","properties":{"t":"No.2","k":"chain","r":-5.6},"geometry":{"type":"Point","coordinates":[127.468284,36.781606]}},{"type":"Feature","properties":{"t":"No.3","k":"chain","r":-5.6},"geometry":{"type":"Point","coordinates":[127.468264,36.781786]}},{"type":"Feature","properties":{"t":"No.4","k":"chain","r":-5.6},"geometry":{"type":"Point","coordinates":[127.468243,36.781965]}},{"type":"Feature","properties":{"t":"No.4+12.58","k":"chain","r":-5.6},"geometry":{"type":"Point","coordinates":[127.46827,36.782081]}},{"type":"Feature","properties":{"t":"No.4+13.07","k":"chain","r":-5.6},"geometry":{"type":"Point","coordinates":[127.46827,36.782085]}},{"type":"Feature","properties":{"t":"No.5","k":"chain","r":-5.6},"geometry":{"type":"Point","coordinates":[127.468223,36.782145]}},{"type":"Feature","properties":{"t":"No.6","k":"chain","r":-5.6},"geometry":{"type":"Point","coordinates":[127.468202,36.782324]}},{"type":"Feature","properties":{"t":"No.6+4.82","k":"chain","r":-5.6},"geometry":{"type":"Point","coordinates":[127.468231,36.78237]}},{"type":"Feature","properties":{"t":"No.0+18.77","k":"chain","r":-79.8},"geometry":{"type":"Point","coordinates":[127.464079,36.773279]}},{"type":"Feature","properties":{"t":"No.1","k":"chain","r":-79.8},"geometry":{"type":"Point","coordinates":[127.4641,36.773309]}},{"type":"Feature","properties":{"t":"No.1+14.07","k":"chain","r":-79.8},"geometry":{"type":"Point","coordinates":[127.464247,36.773254]}},{"type":"Feature","properties":{"t":"No.2","k":"chain","r":-79.8},"geometry":{"type":"Point","coordinates":[127.46432,36.773276]}},{"type":"Feature","properties":{"t":"No.3","k":"chain","r":-79.8},"geometry":{"type":"Point","coordinates":[127.46454,36.773243]}},{"type":"Feature","properties":{"t":"No.3+10.24","k":"chain","r":-79.8},"geometry":{"type":"Point","coordinates":[127.464646,36.773195]}},{"type":"Feature","properties":{"t":"No.4","k":"chain","r":-79.8},"geometry":{"type":"Point","coordinates":[127.464761,36.773211]}},{"type":"Feature","properties":{"t":"No.4+19.35","k":"chain","r":-79.8},"geometry":{"type":"Point","coordinates":[127.464966,36.773147]}},{"type":"Feature","properties":{"t":"No.5","k":"chain","r":-79.8},"geometry":{"type":"Point","coordinates":[127.464981,36.773178]}},{"type":"Feature","properties":{"t":"No.6","k":"chain","r":-79.8},"geometry":{"type":"Point","coordinates":[127.465201,36.773145]}},{"type":"Feature","properties":{"t":"No.7","k":"chain","r":-79.8},"geometry":{"type":"Point","coordinates":[127.465421,36.773112]}},{"type":"Feature","properties":{"t":"No.7+8.81","k":"chain","r":-79.8},"geometry":{"type":"Point","coordinates":[127.465512,36.773071]}},{"type":"Feature","properties":{"t":"No.8","k":"chain","r":-79.8},"geometry":{"type":"Point","coordinates":[127.465642,36.773079]}},{"type":"Feature","properties":{"t":"No.8+8.33","k":"chain","r":-79.8},"geometry":{"type":"Point","coordinates":[127.465727,36.773039]}},{"type":"Feature","properties":{"t":"No.0","k":"chain","r":-79.8},"geometry":{"type":"Point","coordinates":[127.456805,36.780622]}},{"type":"Feature","properties":{"t":"No.0+9.55","k":"chain","r":-79.8},"geometry":{"type":"Point","coordinates":[127.456706,36.780664]}},{"type":"Feature","properties":{"t":"No.1","k":"chain","r":-79.8},"geometry":{"type":"Point","coordinates":[127.456585,36.780655]}},{"type":"Feature","properties":{"t":"No.2","k":"chain","r":-79.8},"geometry":{"type":"Point","coordinates":[127.456365,36.780688]}},{"type":"Feature","properties":{"t":"No.3","k":"chain","r":-79.8},"geometry":{"type":"Point","coordinates":[127.456144,36.780721]}},{"type":"Feature","properties":{"t":"No.4","k":"chain","r":-79.8},"geometry":{"type":"Point","coordinates":[127.455924,36.780753]}},{"type":"Feature","properties":{"t":"No.4+10.50","k":"chain","r":-79.8},"geometry":{"type":"Point","coordinates":[127.455816,36.780802]}},{"type":"Feature","properties":{"t":"No.5","k":"chain","r":-79.8},"geometry":{"type":"Point","coordinates":[127.455704,36.780786]}},{"type":"Feature","properties":{"t":"No.5+4.69","k":"chain","r":-79.8},"geometry":{"type":"Point","coordinates":[127.455658,36.78082]}},{"type":"Feature","properties":{"t":"No.6","k":"chain","r":-79.8},"geometry":{"type":"Point","coordinates":[127.455483,36.780819]}},{"type":"Feature","properties":{"t":"No.7","k":"chain","r":-79.8},"geometry":{"type":"Point","coordinates":[127.455263,36.780852]}},{"type":"Feature","properties":{"t":"No.8","k":"chain","r":-79.8},"geometry":{"type":"Point","coordinates":[127.455043,36.780885]}},{"type":"Feature","properties":{"t":"No.9","k":"chain","r":-79.8},"geometry":{"type":"Point","coordinates":[127.454822,36.780917]}},{"type":"Feature","properties":{"t":"No.10","k":"chain","r":-79.8},"geometry":{"type":"Point","coordinates":[127.454603,36.780955]}},{"type":"Feature","properties":{"t":"No.11","k":"chain","r":-79.8},"geometry":{"type":"Point","coordinates":[127.454383,36.780988]}},{"type":"Feature","properties":{"t":"No.11+17.00","k":"chain","r":-79.8},"geometry":{"type":"Point","coordinates":[127.454203,36.781048]}},{"type":"Feature","properties":{"t":"No.12","k":"chain","r":-79.8},"geometry":{"type":"Point","coordinates":[127.454163,36.781021]}},{"type":"Feature","properties":{"t":"No.12+19.55","k":"chain","r":-79.8},"geometry":{"type":"Point","coordinates":[127.453955,36.781085]}},{"type":"Feature","properties":{"t":"No.13","k":"chain","r":-79.8},"geometry":{"type":"Point","coordinates":[127.453943,36.781054]}},{"type":"Feature","properties":{"t":"No.13+0.84","k":"chain","r":-79.8},"geometry":{"type":"Point","coordinates":[127.453939,36.781082]}},{"type":"Feature","properties":{"t":"No.13+3.72","k":"chain","r":-79.8},"geometry":{"type":"Point","coordinates":[127.453908,36.781087]}},{"type":"Feature","properties":{"t":"No.0","k":"chain","r":-79.8},"geometry":{"type":"Point","coordinates":[127.46548,36.779033]}},{"type":"Feature","properties":{"t":"No.0+5.66","k":"chain","r":-79.8},"geometry":{"type":"Point","coordinates":[127.465536,36.778997]}},{"type":"Feature","properties":{"t":"No.1","k":"chain","r":-79.8},"geometry":{"type":"Point","coordinates":[127.4657,36.779]}},{"type":"Feature","properties":{"t":"No.2","k":"chain","r":-79.8},"geometry":{"type":"Point","coordinates":[127.465921,36.778967]}},{"type":"Feature","properties":{"t":"No.3","k":"chain","r":-79.8},"geometry":{"type":"Point","coordinates":[127.466141,36.778934]}},{"type":"Feature","properties":{"t":"No.3+4.19","k":"chain","r":-79.8},"geometry":{"type":"Point","coordinates":[127.466181,36.778901]}},{"type":"Feature","properties":{"t":"No.3+8.05","k":"chain","r":-79.8},"geometry":{"type":"Point","coordinates":[127.466223,36.778895]}},{"type":"Feature","properties":{"t":"No.0","k":"chain","r":10.2},"geometry":{"type":"Point","coordinates":[127.465852,36.779213]}},{"type":"Feature","properties":{"t":"No.0+5.86","k":"chain","r":10.2},"geometry":{"type":"Point","coordinates":[127.465897,36.77926]}},{"type":"Feature","properties":{"t":"No.1","k":"chain","r":10.2},"geometry":{"type":"Point","coordinates":[127.465892,36.77939]}},{"type":"Feature","properties":{"t":"No.2","k":"chain","r":10.2},"geometry":{"type":"Point","coordinates":[127.465933,36.779567]}},{"type":"Feature","properties":{"t":"No.3","k":"chain","r":10.2},"geometry":{"type":"Point","coordinates":[127.465974,36.779744]}},{"type":"Feature","properties":{"t":"No.4","k":"chain","r":10.2},"geometry":{"type":"Point","coordinates":[127.466015,36.779922]}},{"type":"Feature","properties":{"t":"No.5","k":"chain","r":10.2},"geometry":{"type":"Point","coordinates":[127.466056,36.780099]}},{"type":"Feature","properties":{"t":"No.6","k":"chain","r":10.2},"geometry":{"type":"Point","coordinates":[127.466097,36.780276]}},{"type":"Feature","properties":{"t":"No.6+10.93","k":"chain","r":10.2},"geometry":{"type":"Point","coordinates":[127.466158,36.780367]}},{"type":"Feature","properties":{"t":"No.6+14.91","k":"chain","r":10.2},"geometry":{"type":"Point","coordinates":[127.466167,36.780402]}},{"type":"Feature","properties":{"t":"No.6+17.32","k":"chain","r":10.2},"geometry":{"type":"Point","coordinates":[127.466171,36.780424]}},{"type":"Feature","properties":{"t":"No.7","k":"chain","r":10.2},"geometry":{"type":"Point","coordinates":[127.466137,36.780453]}},{"type":"Feature","properties":{"t":"No.7+1.22","k":"chain","r":10.2},"geometry":{"type":"Point","coordinates":[127.466173,36.780459]}},{"type":"Feature","properties":{"t":"No.0","k":"chain","r":10.2},"geometry":{"type":"Point","coordinates":[127.466396,36.778793]}},{"type":"Feature","properties":{"t":"No.0+7.05","k":"chain","r":10.2},"geometry":{"type":"Point","coordinates":[127.466444,36.77885]}},{"type":"Feature","properties":{"t":"No.1","k":"chain","r":10.2},"geometry":{"type":"Point","coordinates":[127.466437,36.77897]}},{"type":"Feature","properties":{"t":"No.2","k":"chain","r":10.2},"geometry":{"type":"Point","coordinates":[127.466478,36.779147]}},{"type":"Feature","properties":{"t":"No.3","k":"chain","r":10.2},"geometry":{"type":"Point","coordinates":[127.466519,36.779324]}},{"type":"Feature","properties":{"t":"No.4","k":"chain","r":10.2},"geometry":{"type":"Point","coordinates":[127.466559,36.779501]}},{"type":"Feature","properties":{"t":"No.4+17.80","k":"chain","r":10.2},"geometry":{"type":"Point","coordinates":[127.466635,36.779653]}},{"type":"Feature","properties":{"t":"No.5","k":"chain","r":10.2},"geometry":{"type":"Point","coordinates":[127.4666,36.779679]}},{"type":"Feature","properties":{"t":"No.5+2.98","k":"chain","r":10.2},"geometry":{"type":"Point","coordinates":[127.466639,36.7797]}},{"type":"Feature","properties":{"t":"No.5+4.52","k":"chain","r":10.2},"geometry":{"type":"Point","coordinates":[127.466643,36.779714]}},{"type":"Feature","properties":{"t":"No.5+7.32","k":"chain","r":10.2},"geometry":{"type":"Point","coordinates":[127.466648,36.779739]}},{"type":"Feature","properties":{"t":"No.0","k":"chain","r":-5.6},"geometry":{"type":"Point","coordinates":[127.466548,36.779852]}},{"type":"Feature","properties":{"t":"No.0+0.68","k":"chain","r":-5.6},"geometry":{"type":"Point","coordinates":[127.466581,36.779861]}},{"type":"Feature","properties":{"t":"No.0+5.40","k":"chain","r":-5.6},"geometry":{"type":"Point","coordinates":[127.466576,36.779903]}},{"type":"Feature","properties":{"t":"No.0+6.58","k":"chain","r":-5.6},"geometry":{"type":"Point","coordinates":[127.466575,36.779914]}},{"type":"Feature","properties":{"t":"No.1","k":"chain","r":-5.6},"geometry":{"type":"Point","coordinates":[127.466528,36.780032]}},{"type":"Feature","properties":{"t":"No.2","k":"chain","r":-5.6},"geometry":{"type":"Point","coordinates":[127.466507,36.780211]}},{"type":"Feature","properties":{"t":"No.3","k":"chain","r":-5.6},"geometry":{"type":"Point","coordinates":[127.466487,36.780391]}},{"type":"Feature","properties":{"t":"No.4","k":"chain","r":-5.6},"geometry":{"type":"Point","coordinates":[127.466466,36.78057]}},{"type":"Feature","properties":{"t":"No.4+15.76","k":"chain","r":-5.6},"geometry":{"type":"Point","coordinates":[127.46649,36.780715]}},{"type":"Feature","properties":{"t":"No.5","k":"chain","r":-5.6},"geometry":{"type":"Point","coordinates":[127.466445,36.78075]}},{"type":"Feature","properties":{"t":"No.5+5.31","k":"chain","r":-5.6},"geometry":{"type":"Point","coordinates":[127.466473,36.7808]}},{"type":"Feature","properties":{"t":"No.0","k":"chain","r":84.4},"geometry":{"type":"Point","coordinates":[127.465753,36.780637]}},{"type":"Feature","properties":{"t":"No.1","k":"chain","r":84.4},"geometry":{"type":"Point","coordinates":[127.465976,36.780654]}},{"type":"Feature","properties":{"t":"No.1+17.58","k":"chain","r":84.4},"geometry":{"type":"Point","coordinates":[127.466176,36.780636]}},{"type":"Feature","properties":{"t":"No.2","k":"chain","r":84.4},"geometry":{"type":"Point","coordinates":[127.466199,36.78067]}},{"type":"Feature","properties":{"t":"No.2+1.11","k":"chain","r":84.4},"geometry":{"type":"Point","coordinates":[127.466214,36.780644]}},{"type":"Feature","properties":{"t":"No.0","k":"chain","r":-5.6},"geometry":{"type":"Point","coordinates":[127.464942,36.784535]}},{"type":"Feature","properties":{"t":"No.0+7.07","k":"chain","r":-5.6},"geometry":{"type":"Point","coordinates":[127.464968,36.784601]}},{"type":"Feature","properties":{"t":"No.1","k":"chain","r":-5.6},"geometry":{"type":"Point","coordinates":[127.464921,36.784715]}},{"type":"Feature","properties":{"t":"No.1+7.93","k":"chain","r":-5.6},"geometry":{"type":"Point","coordinates":[127.464946,36.784788]}},{"type":"Feature","properties":{"t":"No.2","k":"chain","r":-5.6},"geometry":{"type":"Point","coordinates":[127.464901,36.784894]}},{"type":"Feature","properties":{"t":"No.2+18.46","k":"chain","r":-5.6},"geometry":{"type":"Point","coordinates":[127.464922,36.785063]}},{"type":"Feature","properties":{"t":"No.3","k":"chain","r":-5.6},"geometry":{"type":"Point","coordinates":[127.46488,36.785074]}},{"type":"Feature","properties":{"t":"No.4","k":"chain","r":-5.6},"geometry":{"type":"Point","coordinates":[127.464859,36.785253]}},{"type":"Feature","properties":{"t":"No.5","k":"chain","r":-5.6},"geometry":{"type":"Point","coordinates":[127.464839,36.785432]}},{"type":"Feature","properties":{"t":"No.6","k":"chain","r":-5.6},"geometry":{"type":"Point","coordinates":[127.464818,36.785612]}},{"type":"Feature","properties":{"t":"No.6+15.45","k":"chain","r":-5.6},"geometry":{"type":"Point","coordinates":[127.464842,36.785754]}},{"type":"Feature","properties":{"t":"No.7","k":"chain","r":-5.6},"geometry":{"type":"Point","coordinates":[127.464798,36.785791]}},{"type":"Feature","properties":{"t":"No.7+2.52","k":"chain","r":-5.6},"geometry":{"type":"Point","coordinates":[127.464828,36.785816]}},{"type":"Feature","properties":{"t":"No.0","k":"chain","r":-5.6},"geometry":{"type":"Point","coordinates":[127.465355,36.780936]}},{"type":"Feature","properties":{"t":"No.0+1.62","k":"chain","r":-5.6},"geometry":{"type":"Point","coordinates":[127.465387,36.780953]}},{"type":"Feature","properties":{"t":"No.0+3.25","k":"chain","r":-5.6},"geometry":{"type":"Point","coordinates":[127.465385,36.780968]}},{"type":"Feature","properties":{"t":"No.0+11.36","k":"chain","r":-5.6},"geometry":{"type":"Point","coordinates":[127.465384,36.781041]}},{"type":"Feature","properties":{"t":"No.0+12.80","k":"chain","r":-5.6},"geometry":{"type":"Point","coordinates":[127.465382,36.781054]}},{"type":"Feature","properties":{"t":"No.1","k":"chain","r":-5.6},"geometry":{"type":"Point","coordinates":[127.465334,36.781116]}},{"type":"Feature","properties":{"t":"No.1+14.30","k":"chain","r":-5.6},"geometry":{"type":"Point","coordinates":[127.46536,36.781247]}},{"type":"Feature","properties":{"t":"No.2","k":"chain","r":-5.6},"geometry":{"type":"Point","coordinates":[127.465314,36.781295]}},{"type":"Feature","properties":{"t":"No.2+8.95","k":"chain","r":-5.6},"geometry":{"type":"Point","coordinates":[127.465338,36.781378]}},{"type":"Feature","properties":{"t":"No.3","k":"chain","r":-5.6},"geometry":{"type":"Point","coordinates":[127.465293,36.781474]}},{"type":"Feature","properties":{"t":"No.4","k":"chain","r":-5.6},"geometry":{"type":"Point","coordinates":[127.465273,36.781654]}},{"type":"Feature","properties":{"t":"No.5","k":"chain","r":-5.6},"geometry":{"type":"Point","coordinates":[127.465252,36.781833]}},{"type":"Feature","properties":{"t":"No.6","k":"chain","r":-5.6},"geometry":{"type":"Point","coordinates":[127.465231,36.782013]}},{"type":"Feature","properties":{"t":"No.7","k":"chain","r":-5.6},"geometry":{"type":"Point","coordinates":[127.465211,36.782192]}},{"type":"Feature","properties":{"t":"No.8","k":"chain","r":-5.6},"geometry":{"type":"Point","coordinates":[127.46519,36.782372]}},{"type":"Feature","properties":{"t":"No.9","k":"chain","r":-5.6},"geometry":{"type":"Point","coordinates":[127.46517,36.782551]}},{"type":"Feature","properties":{"t":"No.10","k":"chain","r":-5.6},"geometry":{"type":"Point","coordinates":[127.465156,36.782731]}},{"type":"Feature","properties":{"t":"No.11","k":"chain","r":-5.6},"geometry":{"type":"Point","coordinates":[127.465135,36.782911]}},{"type":"Feature","properties":{"t":"No.12","k":"chain","r":-5.6},"geometry":{"type":"Point","coordinates":[127.465114,36.78309]}},{"type":"Feature","properties":{"t":"No.13","k":"chain","r":-5.6},"geometry":{"type":"Point","coordinates":[127.465094,36.78327]}},{"type":"Feature","properties":{"t":"No.14","k":"chain","r":-5.6},"geometry":{"type":"Point","coordinates":[127.465073,36.783449]}},{"type":"Feature","properties":{"t":"No.15","k":"chain","r":-5.6},"geometry":{"type":"Point","coordinates":[127.465053,36.783628]}},{"type":"Feature","properties":{"t":"No.16","k":"chain","r":-5.6},"geometry":{"type":"Point","coordinates":[127.465032,36.783808]}},{"type":"Feature","properties":{"t":"No.17","k":"chain","r":-5.6},"geometry":{"type":"Point","coordinates":[127.465011,36.783987]}},{"type":"Feature","properties":{"t":"No.18","k":"chain","r":-5.6},"geometry":{"type":"Point","coordinates":[127.464991,36.784167]}},{"type":"Feature","properties":{"t":"No.18+19.04","k":"chain","r":-5.6},"geometry":{"type":"Point","coordinates":[127.465011,36.784341]}},{"type":"Feature","properties":{"t":"No.19","k":"chain","r":-5.6},"geometry":{"type":"Point","coordinates":[127.46497,36.784346]}},{"type":"Feature","properties":{"t":"No.19+6.11","k":"chain","r":-5.6},"geometry":{"type":"Point","coordinates":[127.464997,36.784404]}},{"type":"Feature","properties":{"t":"No.0","k":"chain","r":10.2},"geometry":{"type":"Point","coordinates":[127.464629,36.779056]}},{"type":"Feature","properties":{"t":"No.0+5.66","k":"chain","r":10.2},"geometry":{"type":"Point","coordinates":[127.464674,36.779101]}},{"type":"Feature","properties":{"t":"No.0+7.07","k":"chain","r":10.2},"geometry":{"type":"Point","coordinates":[127.464677,36.779114]}},{"type":"Feature","properties":{"t":"No.1","k":"chain","r":10.2},"geometry":{"type":"Point","coordinates":[127.46467,36.779233]}},{"type":"Feature","properties":{"t":"No.2","k":"chain","r":10.2},"geometry":{"type":"Point","coordinates":[127.464711,36.77941]}},{"type":"Feature","properties":{"t":"No.3","k":"chain","r":10.2},"geometry":{"type":"Point","coordinates":[127.464752,36.779587]}},{"type":"Feature","properties":{"t":"No.4","k":"chain","r":10.2},"geometry":{"type":"Point","coordinates":[127.464792,36.779765]}},{"type":"Feature","properties":{"t":"No.5","k":"chain","r":10.2},"geometry":{"type":"Point","coordinates":[127.464833,36.779942]}},{"type":"Feature","properties":{"t":"No.6","k":"chain","r":10.2},"geometry":{"type":"Point","coordinates":[127.464874,36.780119]}},{"type":"Feature","properties":{"t":"No.7","k":"chain","r":10.2},"geometry":{"type":"Point","coordinates":[127.464915,36.780296]}},{"type":"Feature","properties":{"t":"No.7+12.60","k":"chain","r":10.2},"geometry":{"type":"Point","coordinates":[127.46498,36.780402]}},{"type":"Feature","properties":{"t":"No.8","k":"chain","r":10.2},"geometry":{"type":"Point","coordinates":[127.464956,36.780474]}},{"type":"Feature","properties":{"t":"No.8+3.95","k":"chain","r":10.2},"geometry":{"type":"Point","coordinates":[127.464997,36.780504]}},{"type":"Feature","properties":{"t":"No.9","k":"chain","r":10.2},"geometry":{"type":"Point","coordinates":[127.464996,36.780651]}},{"type":"Feature","properties":{"t":"No.9+3.56","k":"chain","r":10.2},"geometry":{"type":"Point","coordinates":[127.465037,36.780677]}},{"type":"Feature","properties":{"t":"No.9+13.47","k":"chain","r":10.2},"geometry":{"type":"Point","coordinates":[127.465064,36.780764]}},{"type":"Feature","properties":{"t":"No.10","k":"chain","r":10.2},"geometry":{"type":"Point","coordinates":[127.465044,36.780827]}},{"type":"Feature","properties":{"t":"No.10+0.12","k":"chain","r":10.2},"geometry":{"type":"Point","coordinates":[127.465077,36.780823]}},{"type":"Feature","properties":{"t":"No.10+1.07","k":"chain","r":10.2},"geometry":{"type":"Point","coordinates":[127.465079,36.780831]}},{"type":"Feature","properties":{"t":"No.0","k":"chain","r":-79.8},"geometry":{"type":"Point","coordinates":[127.455546,36.778057]}},{"type":"Feature","properties":{"t":"No.0+7.07","k":"chain","r":-79.8},"geometry":{"type":"Point","coordinates":[127.455474,36.778095]}},{"type":"Feature","properties":{"t":"No.1","k":"chain","r":-79.8},"geometry":{"type":"Point","coordinates":[127.455326,36.77809]}},{"type":"Feature","properties":{"t":"No.1+11.47","k":"chain","r":-79.8},"geometry":{"type":"Point","coordinates":[127.455207,36.77814]}},{"type":"Feature","properties":{"t":"No.2","k":"chain","r":-79.8},"geometry":{"type":"Point","coordinates":[127.455106,36.778122]}},{"type":"Feature","properties":{"t":"No.3","k":"chain","r":-79.8},"geometry":{"type":"Point","coordinates":[127.454885,36.778155]}},{"type":"Feature","properties":{"t":"No.4","k":"chain","r":-79.8},"geometry":{"type":"Point","coordinates":[127.454665,36.778188]}},{"type":"Feature","properties":{"t":"No.5","k":"chain","r":-79.8},"geometry":{"type":"Point","coordinates":[127.454445,36.778221]}},{"type":"Feature","properties":{"t":"No.6","k":"chain","r":-79.8},"geometry":{"type":"Point","coordinates":[127.454224,36.778254]}},{"type":"Feature","properties":{"t":"No.7","k":"chain","r":-79.8},"geometry":{"type":"Point","coordinates":[127.454004,36.778286]}},{"type":"Feature","properties":{"t":"No.8","k":"chain","r":-79.8},"geometry":{"type":"Point","coordinates":[127.453784,36.778319]}},{"type":"Feature","properties":{"t":"No.9","k":"chain","r":-79.8},"geometry":{"type":"Point","coordinates":[127.453564,36.778352]}},{"type":"Feature","properties":{"t":"No.10","k":"chain","r":-79.8},"geometry":{"type":"Point","coordinates":[127.453344,36.77839]}},{"type":"Feature","properties":{"t":"No.11","k":"chain","r":-79.8},"geometry":{"type":"Point","coordinates":[127.453124,36.778423]}},{"type":"Feature","properties":{"t":"No.12","k":"chain","r":-79.8},"geometry":{"type":"Point","coordinates":[127.452904,36.778456]}},{"type":"Feature","properties":{"t":"No.13","k":"chain","r":-79.8},"geometry":{"type":"Point","coordinates":[127.452684,36.778489]}},{"type":"Feature","properties":{"t":"No.14","k":"chain","r":-79.8},"geometry":{"type":"Point","coordinates":[127.452463,36.778521]}},{"type":"Feature","properties":{"t":"No.15","k":"chain","r":-79.8},"geometry":{"type":"Point","coordinates":[127.452243,36.778554]}},{"type":"Feature","properties":{"t":"No.15+16.53","k":"chain","r":-79.8},"geometry":{"type":"Point","coordinates":[127.452068,36.778613]}},{"type":"Feature","properties":{"t":"No.0","k":"chain","r":-79.8},"geometry":{"type":"Point","coordinates":[127.467379,36.776407]}},{"type":"Feature","properties":{"t":"No.1","k":"chain","r":-79.8},"geometry":{"type":"Point","coordinates":[127.4676,36.776375]}},{"type":"Feature","properties":{"t":"No.2","k":"chain","r":-79.8},"geometry":{"type":"Point","coordinates":[127.46782,36.776342]}},{"type":"Feature","properties":{"t":"No.2+6.84","k":"chain","r":-79.8},"geometry":{"type":"Point","coordinates":[127.467889,36.776304]}},{"type":"Feature","properties":{"t":"No.3","k":"chain","r":-79.8},"geometry":{"type":"Point","coordinates":[127.46804,36.776309]}},{"type":"Feature","properties":{"t":"No.4","k":"chain","r":-79.8},"geometry":{"type":"Point","coordinates":[127.468261,36.776276]}},{"type":"Feature","properties":{"t":"No.4+2.45","k":"chain","r":-79.8},"geometry":{"type":"Point","coordinates":[127.468281,36.776246]}},{"type":"Feature","properties":{"t":"No.5","k":"chain","r":-79.8},"geometry":{"type":"Point","coordinates":[127.468481,36.776243]}},{"type":"Feature","properties":{"t":"No.5+14.00","k":"chain","r":-79.8},"geometry":{"type":"Point","coordinates":[127.468628,36.776188]}},{"type":"Feature","properties":{"t":"No.6","k":"chain","r":-79.8},"geometry":{"type":"Point","coordinates":[127.468701,36.77621]}},{"type":"Feature","properties":{"t":"No.7","k":"chain","r":-79.8},"geometry":{"type":"Point","coordinates":[127.468921,36.776178]}},{"type":"Feature","properties":{"t":"No.7+1.97","k":"chain","r":-79.8},"geometry":{"type":"Point","coordinates":[127.468937,36.776148]}},{"type":"Feature","properties":{"t":"No.0","k":"chain","r":-40.2},"geometry":{"type":"Point","coordinates":[127.468351,36.777494]}},{"type":"Feature","properties":{"t":"No.1","k":"chain","r":-40.2},"geometry":{"type":"Point","coordinates":[127.468207,36.777632]}},{"type":"Feature","properties":{"t":"No.1+14.62","k":"chain","r":-40.2},"geometry":{"type":"Point","coordinates":[127.468133,36.777754]}},{"type":"Feature","properties":{"t":"No.0","k":"chain","r":49.8},"geometry":{"type":"Point","coordinates":[127.467149,36.776643]}},{"type":"Feature","properties":{"t":"No.0+3.54","k":"chain","r":49.8},"geometry":{"type":"Point","coordinates":[127.467201,36.776643]}},{"type":"Feature","properties":{"t":"No.1","k":"chain","r":49.8},"geometry":{"type":"Point","coordinates":[127.467321,36.776759]}},{"type":"Feature","properties":{"t":"No.2","k":"chain","r":49.8},"geometry":{"type":"Point","coordinates":[127.467493,36.776874]}},{"type":"Feature","properties":{"t":"No.3","k":"chain","r":49.8},"geometry":{"type":"Point","coordinates":[127.467665,36.77699]}},{"type":"Feature","properties":{"t":"No.4","k":"chain","r":49.8},"geometry":{"type":"Point","coordinates":[127.467837,36.777105]}},{"type":"Feature","properties":{"t":"No.5","k":"chain","r":49.8},"geometry":{"type":"Point","coordinates":[127.468009,36.777221]}},{"type":"Feature","properties":{"t":"No.5+14.13","k":"chain","r":49.8},"geometry":{"type":"Point","coordinates":[127.468156,36.777277]}},{"type":"Feature","properties":{"t":"No.5+17.66","k":"chain","r":49.8},"geometry":{"type":"Point","coordinates":[127.468186,36.777298]}},{"type":"Feature","properties":{"t":"No.0","k":"chain","r":49.8},"geometry":{"type":"Point","coordinates":[127.467235,36.777062]}},{"type":"Feature","properties":{"t":"No.0+1.75","k":"chain","r":49.8},"geometry":{"type":"Point","coordinates":[127.467272,36.777051]}},{"type":"Feature","properties":{"t":"No.1","k":"chain","r":49.8},"geometry":{"type":"Point","coordinates":[127.467407,36.777177]}},{"type":"Feature","properties":{"t":"No.2","k":"chain","r":49.8},"geometry":{"type":"Point","coordinates":[127.467579,36.777293]}},{"type":"Feature","properties":{"t":"No.3","k":"chain","r":49.8},"geometry":{"type":"Point","coordinates":[127.467751,36.777408]}},{"type":"Feature","properties":{"t":"No.3+18.43","k":"chain","r":49.8},"geometry":{"type":"Point","coordinates":[127.467935,36.77749]}},{"type":"Feature","properties":{"t":"No.4","k":"chain","r":49.8},"geometry":{"type":"Point","coordinates":[127.467923,36.777524]}},{"type":"Feature","properties":{"t":"No.4+1.97","k":"chain","r":49.8},"geometry":{"type":"Point","coordinates":[127.467961,36.777515]}},{"type":"Feature","properties":{"t":"No.0","k":"chain","r":84.4},"geometry":{"type":"Point","coordinates":[127.466833,36.780807]}},{"type":"Feature","properties":{"t":"No.1","k":"chain","r":84.4},"geometry":{"type":"Point","coordinates":[127.467056,36.780823]}},{"type":"Feature","properties":{"t":"No.2","k":"chain","r":84.4},"geometry":{"type":"Point","coordinates":[127.467279,36.78084]}},{"type":"Feature","properties":{"t":"No.2+3.07","k":"chain","r":84.4},"geometry":{"type":"Point","coordinates":[127.467316,36.780815]}},{"type":"Feature","properties":{"t":"No.2+14.37","k":"chain","r":73.0},"geometry":{"type":"Point","coordinates":[127.467452,36.780839]}},{"type":"Feature","properties":{"t":"No.3","k":"chain","r":84.4},"geometry":{"type":"Point","coordinates":[127.467497,36.780876]}},{"type":"Feature","properties":{"t":"No.4","k":"chain","r":84.4},"geometry":{"type":"Point","coordinates":[127.46772,36.780893]}},{"type":"Feature","properties":{"t":"No.4+19.90","k":"chain","r":84.4},"geometry":{"type":"Point","coordinates":[127.467946,36.780877]}},{"type":"Feature","properties":{"t":"No.5","k":"chain","r":-29.9},"geometry":{"type":"Point","coordinates":[127.467924,36.78093]}},{"type":"Feature","properties":{"t":"No.6","k":"chain","r":-29.9},"geometry":{"type":"Point","coordinates":[127.468035,36.780773]}},{"type":"Feature","properties":{"t":"No.7","k":"chain","r":-31.4},"geometry":{"type":"Point","coordinates":[127.468148,36.780617]}},{"type":"Feature","properties":{"t":"No.7+7.51","k":"chain","r":-31.4},"geometry":{"type":"Point","coordinates":[127.468163,36.780545]}},{"type":"Feature","properties":{"t":"No.7+7.51","k":"chain","r":65.3},"geometry":{"type":"Point","coordinates":[127.468209,36.78061]}},{"type":"Feature","properties":{"t":"No.8","k":"chain","r":61.4},"geometry":{"type":"Point","coordinates":[127.468094,36.780537]}},{"type":"Feature","properties":{"t":"No.9","k":"chain","r":61.0},"geometry":{"type":"Point","coordinates":[127.4679,36.780448]}},{"type":"Feature","properties":{"t":"No.10","k":"chain","r":54.9},"geometry":{"type":"Point","coordinates":[127.467707,36.780352]}},{"type":"Feature","properties":{"t":"No.10+12.02","k":"chain","r":54.9},"geometry":{"type":"Point","coordinates":[127.467573,36.780316]}},{"type":"Feature","properties":{"t":"No.11","k":"chain","r":43.3},"geometry":{"type":"Point","coordinates":[127.467527,36.780236]}},{"type":"Feature","properties":{"t":"No.12","k":"chain","r":43.3},"geometry":{"type":"Point","coordinates":[127.467373,36.780105]}},{"type":"Feature","properties":{"t":"No.13","k":"chain","r":87.5},"geometry":{"type":"Point","coordinates":[127.467204,36.780034]}},{"type":"Feature","properties":{"t":"No.14","k":"chain","r":87.5},"geometry":{"type":"Point","coordinates":[127.46698,36.780027]}},{"type":"Feature","properties":{"t":"No.14+14.25","k":"chain","r":87.5},"geometry":{"type":"Point","coordinates":[127.466819,36.780055]}},{"type":"Feature","properties":{"t":"No.14+14.25","k":"chain","r":-4.7},"geometry":{"type":"Point","coordinates":[127.466883,36.779989]}},{"type":"Feature","properties":{"t":"No.15","k":"chain","r":-5.4},"geometry":{"type":"Point","coordinates":[127.466837,36.780038]}},{"type":"Feature","properties":{"t":"No.16","k":"chain","r":-5.6},"geometry":{"type":"Point","coordinates":[127.466817,36.780218]}},{"type":"Feature","properties":{"t":"No.17","k":"chain","r":-5.6},"geometry":{"type":"Point","coordinates":[127.466796,36.780397]}},{"type":"Feature","properties":{"t":"No.17+15.24","k":"chain","r":7.0},"geometry":{"type":"Point","coordinates":[127.466854,36.780523]}},{"type":"Feature","properties":{"t":"No.18","k":"chain","r":-5.6},"geometry":{"type":"Point","coordinates":[127.466812,36.780576]}},{"type":"Feature","properties":{"t":"No.18+18.14","k":"chain","r":-5.6},"geometry":{"type":"Point","coordinates":[127.466834,36.780742]}},{"type":"Feature","properties":{"t":"No.19","k":"chain","r":39.4},"geometry":{"type":"Point","coordinates":[127.46679,36.780734]}},{"type":"Feature","properties":{"t":"No.19+9.99","k":"chain","r":39.4},"geometry":{"type":"Point","coordinates":[127.466887,36.780786]}},{"type":"Feature","properties":{"t":"저류지2","k":"name","r":0.0},"geometry":{"type":"Point","coordinates":[127.467458,36.780568]}},{"type":"Feature","properties":{"t":"No.0","k":"chain","r":49.4},"geometry":{"type":"Point","coordinates":[127.467152,36.780217]}},{"type":"Feature","properties":{"t":"No.0+7.17","k":"chain","r":49.4},"geometry":{"type":"Point","coordinates":[127.467235,36.780238]}},{"type":"Feature","properties":{"t":"No.1","k":"chain","r":49.4},"geometry":{"type":"Point","coordinates":[127.467323,36.780334]}},{"type":"Feature","properties":{"t":"No.1+4.13","k":"chain","r":49.4},"geometry":{"type":"Point","coordinates":[127.46738,36.780337]}},{"type":"Feature","properties":{"t":"No.2","k":"chain","r":49.4},"geometry":{"type":"Point","coordinates":[127.467494,36.78045]}},{"type":"Feature","properties":{"t":"No.3","k":"chain","r":49.4},"geometry":{"type":"Point","coordinates":[127.467665,36.780567]}},{"type":"Feature","properties":{"t":"No.4","k":"chain","r":49.4},"geometry":{"type":"Point","coordinates":[127.467836,36.780683]}},{"type":"Feature","properties":{"t":"No.4+5.26","k":"chain","r":49.4},"geometry":{"type":"Point","coordinates":[127.467902,36.780693]}},{"type":"Feature","properties":{"t":"No.0","k":"chain","r":10.2},"geometry":{"type":"Point","coordinates":[127.464646,36.776442]}},{"type":"Feature","properties":{"t":"No.1","k":"chain","r":10.2},"geometry":{"type":"Point","coordinates":[127.464687,36.776619]}},{"type":"Feature","properties":{"t":"No.1+4.23","k":"chain","r":10.2},"geometry":{"type":"Point","coordinates":[127.464729,36.776651]}},{"type":"Feature","properties":{"t":"No.2","k":"chain","r":10.2},"geometry":{"type":"Point","coordinates":[127.464728,36.776796]}},{"type":"Feature","properties":{"t":"No.2+16.69","k":"chain","r":10.2},"geometry":{"type":"Point","coordinates":[127.464801,36.776938]}},{"type":"Feature","properties":{"t":"No.3","k":"chain","r":10.2},"geometry":{"type":"Point","coordinates":[127.464768,36.776973]}},{"type":"Feature","properties":{"t":"No.3+2.80","k":"chain","r":10.2},"geometry":{"type":"Point","coordinates":[127.464807,36.776993]}},{"type":"Feature","properties":{"t":"No.3+9.69","k":"chain","r":10.2},"geometry":{"type":"Point","coordinates":[127.464821,36.777054]}},{"type":"Feature","properties":{"t":"No.4","k":"chain","r":10.2},"geometry":{"type":"Point","coordinates":[127.464809,36.77715]}},{"type":"Feature","properties":{"t":"No.4+4.69","k":"chain","r":10.2},"geometry":{"type":"Point","coordinates":[127.464852,36.777187]}},{"type":"Feature","properties":{"t":"No.4+17.69","k":"chain","r":10.2},"geometry":{"type":"Point","coordinates":[127.464885,36.777301]}},{"type":"Feature","properties":{"t":"No.5","k":"chain","r":10.2},"geometry":{"type":"Point","coordinates":[127.46485,36.777328]}},{"type":"Feature","properties":{"t":"No.6","k":"chain","r":10.2},"geometry":{"type":"Point","coordinates":[127.464891,36.777505]}},{"type":"Feature","properties":{"t":"No.7","k":"chain","r":10.2},"geometry":{"type":"Point","coordinates":[127.464932,36.777682]}},{"type":"Feature","properties":{"t":"No.8","k":"chain","r":10.2},"geometry":{"type":"Point","coordinates":[127.464972,36.777859]}},{"type":"Feature","properties":{"t":"No.9","k":"chain","r":10.2},"geometry":{"type":"Point","coordinates":[127.465013,36.778036]}},{"type":"Feature","properties":{"t":"No.10","k":"chain","r":10.2},"geometry":{"type":"Point","coordinates":[127.465061,36.778213]}},{"type":"Feature","properties":{"t":"No.11","k":"chain","r":10.2},"geometry":{"type":"Point","coordinates":[127.465101,36.77839]}},{"type":"Feature","properties":{"t":"No.12","k":"chain","r":10.2},"geometry":{"type":"Point","coordinates":[127.465142,36.778567]}},{"type":"Feature","properties":{"t":"No.13","k":"chain","r":10.2},"geometry":{"type":"Point","coordinates":[127.465183,36.778744]}},{"type":"Feature","properties":{"t":"No.13+5.93","k":"chain","r":10.2},"geometry":{"type":"Point","coordinates":[127.465228,36.778792]}},{"type":"Feature","properties":{"t":"No.13+13.00","k":"chain","r":10.2},"geometry":{"type":"Point","coordinates":[127.465249,36.778854]}},{"type":"Feature","properties":{"t":"No.0","k":"chain","r":-79.8},"geometry":{"type":"Point","coordinates":[127.456576,36.779626]}},{"type":"Feature","properties":{"t":"No.0+3.00","k":"chain","r":-79.8},"geometry":{"type":"Point","coordinates":[127.456549,36.779658]}},{"type":"Feature","properties":{"t":"No.0+9.55","k":"chain","r":-79.8},"geometry":{"type":"Point","coordinates":[127.456477,36.779668]}},{"type":"Feature","properties":{"t":"No.1","k":"chain","r":-79.8},"geometry":{"type":"Point","coordinates":[127.456356,36.779659]}},{"type":"Feature","properties":{"t":"No.2","k":"chain","r":-79.8},"geometry":{"type":"Point","coordinates":[127.456135,36.779692]}},{"type":"Feature","properties":{"t":"No.3","k":"chain","r":-79.8},"geometry":{"type":"Point","coordinates":[127.455915,36.779724]}},{"type":"Feature","properties":{"t":"No.4","k":"chain","r":-79.8},"geometry":{"type":"Point","coordinates":[127.455695,36.779757]}},{"type":"Feature","properties":{"t":"No.5","k":"chain","r":-79.8},"geometry":{"type":"Point","coordinates":[127.455474,36.77979]}},{"type":"Feature","properties":{"t":"No.6","k":"chain","r":-79.8},"geometry":{"type":"Point","coordinates":[127.455254,36.779823]}},{"type":"Feature","properties":{"t":"No.7","k":"chain","r":-79.8},"geometry":{"type":"Point","coordinates":[127.455034,36.779856]}},{"type":"Feature","properties":{"t":"No.8","k":"chain","r":-79.8},"geometry":{"type":"Point","coordinates":[127.454814,36.779888]}},{"type":"Feature","properties":{"t":"No.9","k":"chain","r":-79.8},"geometry":{"type":"Point","coordinates":[127.454593,36.779921]}},{"type":"Feature","properties":{"t":"No.10","k":"chain","r":-79.8},"geometry":{"type":"Point","coordinates":[127.454374,36.779959]}},{"type":"Feature","properties":{"t":"No.10+17.93","k":"chain","r":-79.8},"geometry":{"type":"Point","coordinates":[127.454184,36.780021]}},{"type":"Feature","properties":{"t":"No.11","k":"chain","r":-79.8},"geometry":{"type":"Point","coordinates":[127.454154,36.779992]}},{"type":"Feature","properties":{"t":"No.11+5.00","k":"chain","r":-79.8},"geometry":{"type":"Point","coordinates":[127.454105,36.780027]}},{"type":"Feature","properties":{"t":"No.0","k":"chain","r":-44.6},"geometry":{"type":"Point","coordinates":[127.468263,36.773277]}},{"type":"Feature","properties":{"t":"No.0+5.61","k":"chain","r":-44.6},"geometry":{"type":"Point","coordinates":[127.468283,36.773222]}},{"type":"Feature","properties":{"t":"No.0+9.96","k":"chain","r":-44.6},"geometry":{"type":"Point","coordinates":[127.468317,36.773194]}},{"type":"Feature","properties":{"t":"No.0+15.71","k":"chain","r":-44.6},"geometry":{"type":"Point","coordinates":[127.468357,36.773153]}},{"type":"Feature","properties":{"t":"No.0+15.72","k":"chain","r":78.3},"geometry":{"type":"Point","coordinates":[127.468415,36.773128]}},{"type":"Feature","properties":{"t":"No.1","k":"chain","r":78.3},"geometry":{"type":"Point","coordinates":[127.468454,36.773167]}},{"type":"Feature","properties":{"t":"No.2","k":"chain","r":69.9},"geometry":{"type":"Point","coordinates":[127.468677,36.773204]}},{"type":"Feature","properties":{"t":"No.2+3.30","k":"chain","r":69.9},"geometry":{"type":"Point","coordinates":[127.468723,36.773188]}},{"type":"Feature","properties":{"t":"No.2+9.40","k":"chain","r":34.7},"geometry":{"type":"Point","coordinates":[127.468796,36.773246]}},{"type":"Feature","properties":{"t":"No.3","k":"chain","r":-8.8},"geometry":{"type":"Point","coordinates":[127.468778,36.77337]}},{"type":"Feature","properties":{"t":"No.4","k":"chain","r":-21.3},"geometry":{"type":"Point","coordinates":[127.468706,36.773545]}},{"type":"Feature","properties":{"t":"No.4+3.92","k":"chain","r":-21.3},"geometry":{"type":"Point","coordinates":[127.468721,36.773588]}},{"type":"Feature","properties":{"t":"No.4+3.92","k":"chain","r":68.7},"geometry":{"type":"Point","coordinates":[127.468669,36.773531]}},{"type":"Feature","properties":{"t":"No.4+15.83","k":"chain","r":68.7},"geometry":{"type":"Point","coordinates":[127.468796,36.773565]}},{"type":"Feature","properties":{"t":"No.6+0.22","k":"chain","r":80.6},"geometry":{"type":"Point","coordinates":[127.462562,36.782017]}},{"type":"Feature","properties":{"t":"No.5+17.72","k":"chain","r":80.8},"geometry":{"type":"Point","coordinates":[127.462589,36.782026]}},{"type":"Feature","properties":{"t":"No.38+16.34","k":"chain","r":86.0},"geometry":{"type":"Point","coordinates":[127.462632,36.780594]}},{"type":"Feature","properties":{"t":"No.39+16.84","k":"chain","r":84.9},"geometry":{"type":"Point","coordinates":[127.462863,36.780607]}},{"type":"Feature","properties":{"t":"No.42","k":"chain","r":84.4},"geometry":{"type":"Point","coordinates":[127.463341,36.780675]}},{"type":"Feature","properties":{"t":"No.40+8.45","k":"chain","r":84.4},"geometry":{"type":"Point","coordinates":[127.462992,36.780622]}},{"type":"Feature","properties":{"t":"(H=1.6~3.4m)","k":"note","r":-40.2},"geometry":{"type":"Point","coordinates":[127.468144,36.776866]}},{"type":"Feature","properties":{"t":"L=51.0m","k":"note","r":-40.2},"geometry":{"type":"Point","coordinates":[127.468181,36.77682]}},{"type":"Feature","properties":{"t":"보강토 옹벽 2단","k":"note","r":-40.2},"geometry":{"type":"Point","coordinates":[127.468092,36.776912]}},{"type":"Feature","properties":{"t":"(H=3.4~11.0m)","k":"note","r":50.2},"geometry":{"type":"Point","coordinates":[127.468567,36.77674]}},{"type":"Feature","properties":{"t":"L=222.0m","k":"note","r":50.2},"geometry":{"type":"Point","coordinates":[127.468505,36.776715]}},{"type":"Feature","properties":{"t":"보강토 옹벽 1단","k":"note","r":50.2},"geometry":{"type":"Point","coordinates":[127.468616,36.77679]}}]}